employee_id,department,region,tenure,role_level,work_mode,wave,q01,q02,q03,q04,q05,q06,q07,q08,q09,q10,q11,q12,q13,q14,q15,q16,q17,q18,q19,q20,q21,q22,q23,q24,q25,q26,q27,q28,q29,q30,q31,q32,q33,q34,uwes_1,uwes_2,uwes_3,pers_1,pers_2,pers_3,tech_1,tech_2,tech_3,just_1,just_2,psys_1,psys_2,esg_1,esg_2
E0000,A,Europe,>5y,junior,hybrid,1,3.0,4.0,5.0,6.0,3.0,4.0,4.0,3.0,3.0,4.0,5.0,5.0,2.0,5.0,4.0,4.0,3.0,4.0,3.0,5.0,4.0,4.0,5.0,4.0,5.0,4.0,5.0,5.0,5.0,4.0,4.0,4.0,4.0,5.0,5.0,4.0,4.0,4.0,4.0,4.0,5.0,5.0,4.0,5.0,5.0,5.0,3.0,4.0,5.0
E0001,P,US,>5y,lead,remote,1,3.0,3.0,5.0,6.0,4.0,3.0,3.0,3.0,2.0,5.0,3.0,4.0,3.0,4.0,3.0,4.0,2.0,3.0,4.0,4.0,4.0,3.0,4.0,4.0,4.0,3.0,4.0,8.0,4.0,3.0,5.0,2.0,1.0,3.0,4.0,5.0,3.0,3.0,3.0,4.0,3.0,4.0,4.0,3.0,3.0,4.0,3.0,4.0,4.0
E0002,Other (24),Israel,<1y,mid,onsite,1,3.0,4.0,4.0,4.0,3.0,4.0,3.0,2.0,2.0,3.0,3.0,3.0,5.0,2.0,2.0,3.0,2.0,4.0,2.0,4.0,2.0,3.0,2.0,3.0,4.0,1.0,2.0,7.0,2.0,1.0,1.0,3.0,3.0,1.0,4.0,3.0,3.0,3.0,4.0,4.0,3.0,3.0,2.0,4.0,3.0,4.0,4.0,4.0,2.0
E0003,P,Europe,3-5y,junior,hybrid,1,4.0,4.0,5.0,10.0,5.0,5.0,4.0,5.0,3.0,5.0,5.0,5.0,3.0,5.0,5.0,5.0,4.0,5.0,4.0,4.0,4.0,5.0,5.0,5.0,5.0,5.0,5.0,5.0,5.0,5.0,5.0,5.0,3.0,5.0,5.0,5.0,4.0,5.0,5.0,5.0,4.0,4.0,4.0,4.0,5.0,4.0,4.0,4.0,4.0
E0004,Other (24),US,1-3y,lead,hybrid,1,3.0,4.0,3.0,6.0,4.0,3.0,4.0,3.0,4.0,3.0,4.0,4.0,3.0,3.0,3.0,4.0,1.0,2.0,3.0,5.0,3.0,4.0,3.0,2.0,5.0,2.0,3.0,6.0,4.0,2.0,4.0,3.0,3.0,2.0,4.0,3.0,4.0,4.0,5.0,4.0,4.0,4.0,4.0,4.0,4.0,5.0,4.0,4.0,3.0
E0005,Other (24),Europe,3-5y,mid,remote,1,3.0,4.0,3.0,7.0,4.0,4.0,3.0,3.0,4.0,4.0,2.0,3.0,3.0,2.0,3.0,3.0,3.0,4.0,4.0,3.0,3.0,2.0,2.0,3.0,4.0,2.0,3.0,8.0,3.0,2.0,3.0,3.0,5.0,3.0,4.0,2.0,3.0,3.0,3.0,5.0,3.0,4.0,3.0,3.0,3.0,3.0,4.0,5.0,5.0
E0006,K,India,<1y,mid,hybrid,1,3.0,3.0,3.0,5.0,3.0,2.0,3.0,2.0,3.0,3.0,2.0,3.0,2.0,1.0,1.0,4.0,2.0,2.0,3.0,3.0,2.0,2.0,3.0,3.0,2.0,2.0,4.0,6.0,4.0,2.0,4.0,3.0,2.0,3.0,4.0,2.0,2.0,3.0,4.0,3.0,4.0,3.0,5.0,4.0,4.0,3.0,4.0,3.0,3.0
E0007,C,Israel,<1y,junior,hybrid,1,3.0,4.0,4.0,9.0,4.0,3.0,2.0,4.0,4.0,4.0,3.0,4.0,4.0,3.0,2.0,4.0,2.0,2.0,3.0,3.0,2.0,3.0,4.0,4.0,4.0,1.0,3.0,7.0,3.0,1.0,5.0,1.0,2.0,2.0,3.0,3.0,4.0,4.0,4.0,3.0,5.0,4.0,4.0,2.0,3.0,4.0,4.0,3.0,3.0
E0008,O,Israel,1-3y,lead,hybrid,1,5.0,4.0,4.0,4.0,3.0,3.0,4.0,4.0,4.0,3.0,1.0,3.0,4.0,4.0,4.0,4.0,3.0,5.0,4.0,3.0,3.0,4.0,3.0,3.0,4.0,2.0,4.0,6.0,5.0,4.0,4.0,3.0,4.0,3.0,4.0,4.0,3.0,3.0,4.0,4.0,4.0,4.0,4.0,4.0,4.0,3.0,5.0,5.0,3.0
E0009,N,UK,1-3y,mid,hybrid,1,4.0,4.0,5.0,10.0,4.0,4.0,4.0,3.0,3.0,5.0,5.0,5.0,3.0,5.0,5.0,4.0,4.0,4.0,4.0,5.0,4.0,5.0,5.0,5.0,4.0,4.0,5.0,5.0,5.0,2.0,5.0,5.0,4.0,5.0,4.0,4.0,4.0,5.0,5.0,4.0,5.0,4.0,4.0,4.0,4.0,5.0,5.0,4.0,5.0
E0010,Other (24),Israel,1-3y,mid,remote,1,3.0,4.0,4.0,10.0,4.0,3.0,3.0,2.0,3.0,3.0,3.0,4.0,2.0,3.0,3.0,4.0,2.0,4.0,3.0,4.0,3.0,4.0,3.0,4.0,4.0,2.0,4.0,7.0,4.0,2.0,3.0,2.0,3.0,2.0,3.0,3.0,3.0,4.0,3.0,5.0,3.0,3.0,5.0,3.0,5.0,3.0,3.0,3.0,2.0
E0011,Other (24),Israel,3-5y,mid,onsite,1,5.0,4.0,4.0,8.0,4.0,4.0,4.0,3.0,3.0,4.0,3.0,5.0,3.0,2.0,3.0,4.0,3.0,4.0,3.0,5.0,3.0,2.0,4.0,3.0,3.0,1.0,2.0,7.0,3.0,2.0,4.0,3.0,3.0,2.0,3.0,5.0,3.0,3.0,3.0,4.0,4.0,4.0,3.0,3.0,3.0,5.0,3.0,4.0,4.0
E0012,F,UK,<1y,mid,hybrid,1,2.0,2.0,3.0,3.0,5.0,3.0,2.0,2.0,3.0,4.0,3.0,3.0,3.0,4.0,3.0,3.0,4.0,3.0,3.0,3.0,2.0,2.0,3.0,3.0,2.0,3.0,3.0,6.0,3.0,2.0,4.0,2.0,2.0,3.0,3.0,2.0,4.0,4.0,5.0,4.0,4.0,4.0,3.0,4.0,4.0,4.0,4.0,3.0,3.0
E0013,O,US,1-3y,senior,remote,1,2.0,3.0,4.0,5.0,4.0,2.0,2.0,4.0,2.0,5.0,4.0,4.0,1.0,4.0,4.0,3.0,3.0,2.0,3.0,3.0,2.0,4.0,5.0,4.0,4.0,2.0,3.0,3.0,3.0,4.0,3.0,3.0,4.0,3.0,4.0,3.0,4.0,4.0,4.0,3.0,4.0,4.0,3.0,4.0,3.0,4.0,3.0,4.0,3.0
E0014,Other (24),India,<1y,mid,hybrid,1,4.0,4.0,3.0,8.0,4.0,5.0,3.0,3.0,2.0,4.0,3.0,3.0,2.0,4.0,4.0,2.0,1.0,4.0,4.0,3.0,2.0,5.0,3.0,4.0,4.0,1.0,4.0,4.0,2.0,2.0,5.0,2.0,2.0,1.0,3.0,3.0,4.0,3.0,4.0,5.0,4.0,3.0,5.0,2.0,3.0,3.0,3.0,4.0,3.0
E0015,F,India,<1y,senior,onsite,1,4.0,3.0,3.0,6.0,3.0,3.0,4.0,3.0,4.0,3.0,4.0,4.0,4.0,4.0,4.0,4.0,3.0,5.0,4.0,3.0,4.0,5.0,5.0,4.0,3.0,2.0,3.0,8.0,4.0,3.0,3.0,2.0,2.0,3.0,3.0,4.0,3.0,3.0,3.0,3.0,3.0,3.0,3.0,3.0,4.0,3.0,3.0,3.0,4.0
E0016,F,UK,>5y,senior,hybrid,1,4.0,4.0,2.0,9.0,5.0,5.0,5.0,5.0,4.0,3.0,2.0,3.0,3.0,2.0,5.0,4.0,3.0,4.0,3.0,1.0,4.0,3.0,3.0,3.0,3.0,2.0,3.0,7.0,3.0,2.0,4.0,3.0,3.0,3.0,5.0,4.0,5.0,3.0,5.0,3.0,4.0,5.0,5.0,3.0,3.0,4.0,4.0,3.0,3.0
E0017,G,Europe,>5y,senior,remote,1,3.0,2.0,3.0,7.0,4.0,3.0,3.0,4.0,3.0,3.0,2.0,2.0,1.0,3.0,2.0,3.0,2.0,3.0,2.0,3.0,2.0,4.0,3.0,2.0,4.0,2.0,4.0,6.0,2.0,2.0,4.0,3.0,2.0,2.0,3.0,3.0,3.0,4.0,3.0,5.0,4.0,4.0,3.0,4.0,4.0,3.0,4.0,3.0,4.0
E0018,H,Israel,>5y,junior,remote,1,4.0,4.0,5.0,10.0,4.0,4.0,4.0,5.0,4.0,4.0,4.0,4.0,4.0,3.0,3.0,4.0,3.0,4.0,5.0,4.0,4.0,5.0,3.0,5.0,5.0,5.0,5.0,10.0,3.0,4.0,5.0,5.0,3.0,4.0,3.0,3.0,4.0,3.0,3.0,5.0,2.0,3.0,4.0,5.0,4.0,5.0,4.0,4.0,3.0
E0019,Other (24),Israel,1-3y,mid,remote,1,2.0,3.0,2.0,7.0,3.0,3.0,3.0,2.0,3.0,3.0,2.0,3.0,3.0,2.0,2.0,3.0,3.0,2.0,4.0,3.0,3.0,3.0,2.0,3.0,2.0,2.0,3.0,6.0,3.0,2.0,4.0,3.0,2.0,2.0,3.0,3.0,3.0,4.0,5.0,4.0,3.0,4.0,3.0,4.0,3.0,4.0,2.0,3.0,3.0
E0020,R,Europe,3-5y,mid,hybrid,1,3.0,4.0,3.0,9.0,4.0,4.0,3.0,5.0,3.0,3.0,2.0,2.0,4.0,1.0,3.0,1.0,1.0,2.0,3.0,3.0,3.0,2.0,1.0,2.0,3.0,3.0,1.0,8.0,2.0,2.0,5.0,2.0,2.0,1.0,3.0,3.0,2.0,3.0,2.0,4.0,4.0,3.0,4.0,4.0,3.0,3.0,3.0,3.0,3.0
E0021,P,US,1-3y,senior,hybrid,1,3.0,5.0,4.0,7.0,5.0,4.0,2.0,5.0,2.0,4.0,4.0,4.0,3.0,3.0,1.0,3.0,2.0,3.0,5.0,3.0,4.0,4.0,4.0,4.0,4.0,2.0,4.0,7.0,4.0,2.0,5.0,1.0,3.0,3.0,3.0,2.0,3.0,4.0,4.0,4.0,4.0,4.0,4.0,3.0,2.0,2.0,5.0,3.0,4.0
E0022,H,US,1-3y,lead,hybrid,1,5.0,4.0,4.0,9.0,4.0,5.0,5.0,3.0,2.0,4.0,4.0,4.0,2.0,3.0,4.0,4.0,2.0,4.0,3.0,4.0,5.0,3.0,4.0,5.0,5.0,3.0,4.0,5.0,3.0,1.0,4.0,1.0,1.0,2.0,3.0,3.0,2.0,3.0,3.0,3.0,5.0,4.0,4.0,2.0,2.0,2.0,2.0,2.0,3.0
E0023,Q,Europe,<1y,lead,hybrid,1,3.0,3.0,5.0,5.0,4.0,4.0,5.0,4.0,3.0,3.0,3.0,4.0,4.0,2.0,3.0,3.0,3.0,3.0,4.0,3.0,4.0,2.0,3.0,3.0,3.0,1.0,3.0,5.0,4.0,2.0,3.0,4.0,3.0,3.0,4.0,4.0,3.0,3.0,3.0,4.0,5.0,4.0,3.0,4.0,3.0,4.0,3.0,3.0,2.0
E0024,L,Israel,1-3y,lead,hybrid,1,4.0,3.0,5.0,2.0,3.0,5.0,4.0,3.0,3.0,5.0,3.0,4.0,2.0,4.0,4.0,3.0,3.0,5.0,2.0,4.0,4.0,4.0,4.0,5.0,4.0,4.0,4.0,6.0,4.0,4.0,4.0,4.0,4.0,4.0,4.0,4.0,4.0,5.0,3.0,4.0,3.0,3.0,4.0,5.0,5.0,4.0,5.0,2.0,2.0
E0025,J,UK,1-3y,senior,remote,1,3.0,3.0,3.0,6.0,5.0,3.0,3.0,3.0,2.0,3.0,1.0,3.0,3.0,3.0,2.0,3.0,5.0,3.0,4.0,4.0,3.0,3.0,4.0,3.0,4.0,3.0,5.0,9.0,3.0,3.0,5.0,4.0,3.0,4.0,3.0,5.0,5.0,4.0,5.0,4.0,5.0,5.0,4.0,5.0,5.0,3.0,4.0,5.0,4.0
E0026,Other (24),UK,3-5y,junior,onsite,1,5.0,4.0,4.0,4.0,4.0,3.0,5.0,4.0,4.0,4.0,3.0,4.0,4.0,3.0,4.0,4.0,3.0,4.0,4.0,3.0,4.0,4.0,4.0,3.0,4.0,2.0,3.0,5.0,3.0,3.0,4.0,4.0,4.0,3.0,4.0,4.0,5.0,3.0,4.0,3.0,5.0,5.0,5.0,5.0,5.0,5.0,5.0,4.0,4.0
E0027,B,US,1-3y,senior,hybrid,1,4.0,3.0,5.0,9.0,4.0,4.0,4.0,4.0,5.0,4.0,4.0,3.0,5.0,5.0,5.0,4.0,3.0,4.0,3.0,5.0,3.0,3.0,3.0,4.0,5.0,5.0,4.0,10.0,3.0,3.0,5.0,2.0,3.0,3.0,4.0,4.0,3.0,4.0,5.0,5.0,5.0,5.0,5.0,4.0,3.0,4.0,4.0,5.0,5.0
E0028,F,UK,1-3y,junior,hybrid,1,2.0,4.0,3.0,4.0,3.0,4.0,3.0,3.0,2.0,3.0,3.0,4.0,2.0,3.0,3.0,4.0,4.0,4.0,2.0,2.0,3.0,2.0,3.0,5.0,3.0,4.0,4.0,8.0,3.0,2.0,3.0,4.0,2.0,2.0,4.0,4.0,3.0,3.0,3.0,2.0,2.0,3.0,3.0,4.0,3.0,5.0,4.0,2.0,4.0
E0029,F,Israel,1-3y,senior,hybrid,1,3.0,4.0,4.0,6.0,5.0,4.0,3.0,3.0,2.0,4.0,3.0,4.0,3.0,3.0,4.0,3.0,4.0,3.0,3.0,3.0,3.0,4.0,4.0,3.0,3.0,3.0,3.0,4.0,4.0,3.0,5.0,2.0,3.0,4.0,4.0,2.0,4.0,3.0,3.0,3.0,3.0,4.0,4.0,4.0,4.0,3.0,4.0,3.0,4.0
E0030,D,Israel,3-5y,mid,hybrid,1,2.0,4.0,4.0,6.0,4.0,3.0,3.0,3.0,4.0,4.0,3.0,3.0,4.0,3.0,4.0,5.0,3.0,3.0,2.0,4.0,3.0,5.0,4.0,4.0,4.0,3.0,4.0,7.0,2.0,2.0,3.0,4.0,2.0,4.0,5.0,5.0,4.0,4.0,4.0,3.0,4.0,4.0,5.0,4.0,5.0,3.0,3.0,4.0,4.0
E0031,P,US,>5y,senior,hybrid,1,3.0,5.0,5.0,8.0,5.0,4.0,4.0,5.0,3.0,5.0,5.0,5.0,3.0,5.0,4.0,4.0,3.0,4.0,4.0,3.0,3.0,4.0,4.0,4.0,5.0,5.0,4.0,9.0,4.0,3.0,5.0,3.0,3.0,4.0,4.0,4.0,5.0,5.0,5.0,5.0,5.0,5.0,5.0,4.0,5.0,3.0,4.0,4.0,3.0
E0032,P,US,<1y,lead,remote,1,4.0,4.0,5.0,7.0,5.0,4.0,5.0,4.0,2.0,4.0,3.0,4.0,4.0,4.0,4.0,3.0,3.0,3.0,4.0,3.0,5.0,4.0,3.0,3.0,3.0,4.0,3.0,8.0,3.0,4.0,5.0,3.0,3.0,4.0,4.0,4.0,4.0,4.0,4.0,3.0,4.0,4.0,5.0,5.0,5.0,4.0,4.0,4.0,4.0
E0033,A,Europe,3-5y,mid,remote,1,4.0,3.0,2.0,7.0,3.0,5.0,3.0,4.0,3.0,3.0,2.0,2.0,4.0,3.0,4.0,2.0,2.0,5.0,3.0,3.0,4.0,2.0,2.0,3.0,3.0,3.0,3.0,6.0,3.0,4.0,4.0,4.0,2.0,3.0,4.0,4.0,3.0,3.0,4.0,4.0,4.0,5.0,4.0,3.0,2.0,2.0,3.0,4.0,3.0
E0034,Other (24),US,<1y,senior,hybrid,1,1.0,3.0,3.0,7.0,2.0,3.0,3.0,2.0,2.0,4.0,3.0,3.0,1.0,3.0,1.0,3.0,2.0,3.0,2.0,4.0,2.0,3.0,4.0,5.0,4.0,2.0,3.0,3.0,4.0,2.0,1.0,3.0,2.0,3.0,3.0,2.0,3.0,3.0,3.0,4.0,4.0,4.0,5.0,4.0,4.0,3.0,4.0,2.0,3.0
E0035,O,India,<1y,mid,hybrid,1,2.0,4.0,5.0,6.0,4.0,2.0,3.0,3.0,5.0,3.0,4.0,5.0,4.0,3.0,4.0,3.0,3.0,2.0,3.0,5.0,5.0,4.0,3.0,4.0,5.0,4.0,5.0,6.0,3.0,3.0,4.0,3.0,4.0,4.0,2.0,3.0,2.0,4.0,3.0,4.0,4.0,4.0,4.0,3.0,3.0,4.0,3.0,3.0,4.0
E0036,C,Europe,1-3y,mid,hybrid,1,4.0,4.0,4.0,7.0,4.0,3.0,3.0,4.0,4.0,4.0,4.0,4.0,5.0,3.0,3.0,4.0,2.0,3.0,4.0,5.0,3.0,4.0,5.0,5.0,4.0,2.0,5.0,9.0,4.0,3.0,5.0,2.0,3.0,2.0,5.0,4.0,5.0,1.0,1.0,1.0,4.0,3.0,4.0,3.0,2.0,2.0,3.0,1.0,3.0
E0037,I,US,3-5y,junior,hybrid,1,5.0,4.0,5.0,7.0,4.0,5.0,4.0,4.0,4.0,4.0,4.0,4.0,3.0,4.0,4.0,4.0,3.0,4.0,4.0,5.0,3.0,5.0,3.0,5.0,5.0,3.0,3.0,8.0,3.0,2.0,5.0,2.0,4.0,3.0,3.0,4.0,5.0,3.0,4.0,4.0,3.0,5.0,3.0,3.0,3.0,4.0,5.0,4.0,4.0
E0038,M,UK,3-5y,lead,remote,1,3.0,4.0,3.0,8.0,2.0,3.0,3.0,3.0,3.0,4.0,2.0,3.0,3.0,4.0,3.0,4.0,3.0,3.0,2.0,4.0,3.0,2.0,3.0,3.0,4.0,5.0,3.0,7.0,3.0,3.0,4.0,3.0,3.0,3.0,3.0,4.0,5.0,3.0,4.0,3.0,3.0,4.0,4.0,3.0,5.0,4.0,4.0,4.0,4.0
E0039,G,Israel,>5y,mid,hybrid,1,5.0,1.0,3.0,5.0,4.0,5.0,5.0,3.0,3.0,4.0,3.0,5.0,3.0,4.0,5.0,5.0,3.0,5.0,2.0,4.0,4.0,5.0,4.0,4.0,5.0,2.0,3.0,7.0,3.0,3.0,4.0,4.0,4.0,3.0,4.0,5.0,5.0,4.0,4.0,4.0,4.0,4.0,2.0,5.0,4.0,3.0,2.0,3.0,3.0
E0040,G,Israel,1-3y,senior,hybrid,1,3.0,4.0,3.0,7.0,3.0,3.0,2.0,5.0,4.0,4.0,3.0,4.0,2.0,2.0,3.0,4.0,3.0,3.0,3.0,4.0,2.0,3.0,3.0,2.0,5.0,4.0,3.0,5.0,3.0,3.0,3.0,4.0,3.0,2.0,3.0,3.0,4.0,4.0,4.0,5.0,5.0,5.0,5.0,4.0,5.0,5.0,4.0,5.0,4.0
E0041,F,US,>5y,mid,remote,1,4.0,2.0,3.0,5.0,4.0,4.0,3.0,3.0,4.0,3.0,2.0,1.0,3.0,3.0,3.0,3.0,2.0,3.0,3.0,2.0,4.0,3.0,3.0,3.0,3.0,1.0,3.0,9.0,3.0,3.0,3.0,3.0,3.0,2.0,3.0,3.0,3.0,5.0,5.0,4.0,3.0,2.0,2.0,4.0,3.0,3.0,3.0,3.0,2.0
E0042,P,UK,<1y,mid,remote,1,3.0,4.0,4.0,7.0,4.0,4.0,3.0,4.0,2.0,5.0,3.0,4.0,5.0,5.0,4.0,3.0,1.0,3.0,3.0,4.0,3.0,4.0,3.0,4.0,4.0,2.0,4.0,9.0,5.0,1.0,5.0,2.0,3.0,2.0,2.0,4.0,3.0,3.0,3.0,3.0,4.0,3.0,3.0,3.0,3.0,3.0,1.0,5.0,4.0
E0043,P,India,3-5y,mid,remote,1,1.0,3.0,5.0,5.0,4.0,3.0,2.0,3.0,2.0,5.0,3.0,4.0,2.0,5.0,3.0,3.0,3.0,2.0,3.0,4.0,3.0,5.0,5.0,4.0,5.0,3.0,5.0,10.0,5.0,2.0,4.0,3.0,3.0,3.0,4.0,4.0,4.0,4.0,4.0,4.0,4.0,5.0,3.0,3.0,3.0,4.0,5.0,4.0,4.0
E0044,Q,US,1-3y,senior,hybrid,1,4.0,5.0,5.0,10.0,5.0,5.0,4.0,5.0,5.0,5.0,4.0,5.0,5.0,5.0,5.0,5.0,4.0,5.0,4.0,5.0,5.0,4.0,5.0,4.0,4.0,3.0,5.0,10.0,5.0,3.0,5.0,4.0,3.0,4.0,4.0,5.0,4.0,5.0,5.0,4.0,4.0,3.0,3.0,3.0,5.0,5.0,5.0,5.0,5.0
E0045,K,Europe,1-3y,senior,onsite,1,3.0,2.0,3.0,4.0,3.0,4.0,4.0,4.0,2.0,4.0,3.0,3.0,2.0,3.0,4.0,2.0,2.0,3.0,4.0,5.0,4.0,3.0,4.0,3.0,4.0,2.0,5.0,4.0,4.0,2.0,3.0,2.0,2.0,3.0,5.0,5.0,3.0,4.0,3.0,3.0,4.0,4.0,4.0,2.0,2.0,3.0,3.0,2.0,2.0
E0046,H,Europe,<1y,senior,onsite,1,5.0,3.0,5.0,8.0,3.0,5.0,5.0,5.0,4.0,3.0,5.0,5.0,4.0,4.0,4.0,5.0,2.0,4.0,4.0,4.0,4.0,4.0,4.0,5.0,4.0,3.0,5.0,8.0,3.0,4.0,4.0,4.0,4.0,4.0,4.0,4.0,3.0,3.0,3.0,4.0,5.0,4.0,3.0,2.0,4.0,5.0,5.0,5.0,4.0
E0047,F,India,1-3y,mid,hybrid,1,3.0,3.0,4.0,5.0,4.0,3.0,3.0,4.0,3.0,4.0,4.0,4.0,2.0,5.0,4.0,5.0,4.0,2.0,4.0,4.0,3.0,5.0,5.0,5.0,4.0,3.0,5.0,6.0,5.0,2.0,4.0,2.0,2.0,3.0,5.0,5.0,5.0,3.0,4.0,4.0,4.0,3.0,3.0,3.0,3.0,5.0,3.0,4.0,4.0
E0048,A,US,1-3y,mid,onsite,1,5.0,4.0,5.0,9.0,5.0,4.0,5.0,5.0,3.0,3.0,3.0,4.0,3.0,3.0,5.0,3.0,2.0,5.0,3.0,5.0,3.0,4.0,4.0,4.0,5.0,2.0,5.0,9.0,3.0,3.0,5.0,4.0,3.0,3.0,5.0,5.0,5.0,4.0,3.0,2.0,5.0,5.0,4.0,3.0,5.0,4.0,2.0,4.0,4.0
E0049,Other (24),US,<1y,senior,hybrid,1,4.0,3.0,4.0,7.0,4.0,4.0,3.0,4.0,2.0,3.0,4.0,3.0,3.0,2.0,2.0,3.0,2.0,4.0,3.0,3.0,2.0,3.0,4.0,4.0,4.0,1.0,3.0,5.0,3.0,1.0,3.0,3.0,2.0,2.0,3.0,2.0,4.0,4.0,4.0,4.0,3.0,3.0,4.0,4.0,4.0,3.0,4.0,3.0,2.0
E0050,J,US,1-3y,mid,remote,1,4.0,4.0,2.0,3.0,2.0,3.0,2.0,3.0,1.0,3.0,1.0,3.0,4.0,3.0,2.0,3.0,2.0,3.0,2.0,3.0,4.0,2.0,2.0,3.0,2.0,1.0,4.0,6.0,3.0,2.0,4.0,1.0,1.0,1.0,4.0,5.0,3.0,4.0,3.0,5.0,3.0,2.0,4.0,2.0,2.0,4.0,2.0,4.0,4.0
E0051,Other (24),India,<1y,mid,hybrid,1,4.0,4.0,3.0,6.0,4.0,5.0,4.0,3.0,2.0,3.0,2.0,3.0,2.0,1.0,4.0,3.0,2.0,3.0,3.0,3.0,4.0,3.0,3.0,3.0,4.0,2.0,2.0,6.0,3.0,2.0,3.0,3.0,3.0,3.0,3.0,2.0,3.0,3.0,4.0,4.0,5.0,4.0,4.0,4.0,4.0,2.0,4.0,5.0,5.0
E0052,Other (24),US,1-3y,junior,remote,1,4.0,2.0,3.0,5.0,2.0,4.0,3.0,2.0,2.0,3.0,2.0,4.0,2.0,2.0,3.0,3.0,3.0,4.0,3.0,3.0,2.0,4.0,3.0,3.0,3.0,2.0,2.0,3.0,4.0,2.0,2.0,3.0,2.0,2.0,2.0,2.0,3.0,2.0,3.0,3.0,4.0,3.0,5.0,4.0,4.0,3.0,3.0,3.0,2.0
E0053,C,UK,<1y,senior,hybrid,1,3.0,5.0,4.0,8.0,4.0,3.0,3.0,3.0,4.0,4.0,3.0,3.0,4.0,3.0,3.0,3.0,3.0,4.0,4.0,4.0,3.0,2.0,2.0,3.0,3.0,3.0,3.0,8.0,2.0,2.0,5.0,1.0,2.0,3.0,4.0,4.0,4.0,3.0,4.0,5.0,4.0,4.0,4.0,4.0,3.0,3.0,4.0,4.0,4.0
E0054,Q,Israel,>5y,senior,remote,1,5.0,3.0,4.0,5.0,5.0,5.0,4.0,4.0,3.0,5.0,3.0,4.0,3.0,5.0,4.0,5.0,4.0,5.0,3.0,4.0,5.0,4.0,5.0,4.0,4.0,3.0,4.0,4.0,3.0,3.0,5.0,3.0,3.0,3.0,5.0,5.0,4.0,5.0,4.0,5.0,3.0,3.0,4.0,3.0,4.0,5.0,5.0,3.0,4.0
E0055,G,Europe,>5y,junior,remote,1,3.0,4.0,2.0,9.0,3.0,3.0,3.0,5.0,2.0,2.0,3.0,4.0,3.0,2.0,2.0,3.0,3.0,3.0,3.0,4.0,2.0,4.0,2.0,3.0,4.0,3.0,3.0,8.0,3.0,2.0,4.0,3.0,2.0,2.0,4.0,4.0,5.0,4.0,4.0,4.0,2.0,4.0,2.0,3.0,3.0,4.0,5.0,2.0,2.0
E0056,A,US,>5y,junior,onsite,1,3.0,4.0,3.0,8.0,5.0,4.0,4.0,5.0,3.0,3.0,3.0,2.0,1.0,3.0,3.0,3.0,2.0,4.0,4.0,3.0,5.0,4.0,3.0,3.0,3.0,2.0,4.0,7.0,2.0,3.0,5.0,2.0,2.0,2.0,4.0,4.0,4.0,5.0,5.0,4.0,3.0,4.0,2.0,2.0,2.0,5.0,4.0,4.0,3.0
E0057,D,US,>5y,senior,remote,1,4.0,3.0,4.0,7.0,5.0,4.0,3.0,3.0,5.0,4.0,2.0,3.0,5.0,2.0,4.0,4.0,2.0,3.0,3.0,4.0,3.0,4.0,4.0,4.0,4.0,4.0,3.0,6.0,5.0,4.0,4.0,2.0,2.0,3.0,3.0,4.0,4.0,4.0,3.0,4.0,3.0,4.0,4.0,3.0,4.0,3.0,3.0,5.0,4.0
E0058,Other (24),Israel,1-3y,lead,remote,1,5.0,5.0,4.0,5.0,3.0,5.0,5.0,3.0,5.0,3.0,3.0,4.0,5.0,2.0,5.0,3.0,1.0,5.0,4.0,3.0,4.0,3.0,2.0,2.0,3.0,2.0,3.0,10.0,2.0,2.0,5.0,2.0,3.0,2.0,4.0,5.0,4.0,4.0,5.0,3.0,4.0,3.0,4.0,3.0,3.0,5.0,4.0,3.0,3.0
E0059,G,India,<1y,junior,hybrid,1,4.0,3.0,5.0,8.0,4.0,3.0,3.0,4.0,4.0,3.0,5.0,5.0,3.0,4.0,3.0,5.0,3.0,4.0,2.0,5.0,3.0,5.0,4.0,5.0,5.0,3.0,5.0,10.0,5.0,2.0,3.0,4.0,3.0,3.0,3.0,4.0,5.0,3.0,3.0,4.0,3.0,4.0,3.0,5.0,4.0,4.0,4.0,5.0,4.0
E0060,Other (24),India,3-5y,lead,hybrid,1,4.0,3.0,3.0,8.0,5.0,3.0,4.0,4.0,3.0,1.0,2.0,3.0,3.0,1.0,2.0,2.0,2.0,3.0,2.0,3.0,3.0,2.0,2.0,2.0,3.0,2.0,2.0,6.0,2.0,2.0,4.0,4.0,3.0,1.0,4.0,4.0,4.0,2.0,4.0,4.0,4.0,4.0,2.0,4.0,3.0,4.0,3.0,3.0,4.0
E0061,F,Israel,<1y,lead,hybrid,1,4.0,5.0,3.0,5.0,4.0,5.0,4.0,5.0,3.0,4.0,4.0,4.0,3.0,4.0,4.0,5.0,3.0,4.0,3.0,4.0,4.0,5.0,5.0,4.0,3.0,3.0,5.0,6.0,4.0,3.0,5.0,2.0,2.0,2.0,5.0,5.0,5.0,3.0,3.0,3.0,5.0,5.0,4.0,3.0,4.0,5.0,5.0,5.0,4.0
E0062,N,Israel,1-3y,mid,remote,1,3.0,3.0,4.0,7.0,4.0,4.0,1.0,4.0,5.0,3.0,2.0,4.0,4.0,4.0,4.0,4.0,4.0,2.0,2.0,5.0,4.0,4.0,5.0,4.0,4.0,3.0,4.0,7.0,3.0,3.0,5.0,2.0,1.0,4.0,3.0,3.0,5.0,3.0,3.0,3.0,5.0,4.0,3.0,3.0,4.0,4.0,4.0,4.0,3.0
E0063,Other (24),US,1-3y,mid,remote,1,2.0,3.0,3.0,7.0,3.0,4.0,3.0,3.0,3.0,5.0,3.0,3.0,3.0,3.0,2.0,4.0,2.0,3.0,2.0,5.0,2.0,2.0,3.0,4.0,4.0,2.0,4.0,4.0,3.0,2.0,4.0,2.0,3.0,1.0,3.0,3.0,4.0,3.0,3.0,4.0,4.0,4.0,3.0,5.0,3.0,5.0,4.0,3.0,4.0
E0064,Other (24),US,3-5y,mid,onsite,1,4.0,3.0,4.0,5.0,3.0,5.0,4.0,3.0,4.0,4.0,3.0,5.0,3.0,3.0,3.0,4.0,2.0,4.0,3.0,5.0,3.0,4.0,4.0,4.0,5.0,2.0,4.0,7.0,4.0,3.0,3.0,3.0,2.0,3.0,5.0,5.0,3.0,4.0,5.0,4.0,3.0,3.0,4.0,4.0,3.0,4.0,4.0,4.0,3.0
E0065,P,India,>5y,lead,hybrid,1,3.0,3.0,3.0,8.0,5.0,3.0,3.0,4.0,4.0,4.0,3.0,3.0,4.0,3.0,4.0,2.0,2.0,4.0,4.0,3.0,3.0,3.0,2.0,3.0,3.0,2.0,3.0,9.0,4.0,3.0,4.0,1.0,2.0,3.0,5.0,4.0,4.0,2.0,3.0,4.0,2.0,3.0,4.0,3.0,4.0,3.0,2.0,2.0,3.0
E0066,K,UK,>5y,junior,hybrid,1,5.0,3.0,5.0,6.0,2.0,5.0,3.0,2.0,3.0,4.0,3.0,3.0,3.0,2.0,5.0,4.0,2.0,4.0,4.0,5.0,4.0,2.0,2.0,5.0,3.0,2.0,4.0,4.0,4.0,2.0,3.0,2.0,2.0,3.0,4.0,5.0,5.0,4.0,4.0,3.0,4.0,4.0,4.0,2.0,5.0,4.0,4.0,4.0,4.0
E0067,I,US,1-3y,lead,hybrid,1,4.0,3.0,5.0,8.0,3.0,4.0,4.0,4.0,3.0,3.0,3.0,3.0,3.0,4.0,3.0,1.0,3.0,4.0,4.0,3.0,4.0,4.0,4.0,4.0,5.0,2.0,4.0,7.0,2.0,4.0,4.0,3.0,3.0,3.0,4.0,4.0,4.0,2.0,3.0,4.0,4.0,4.0,3.0,4.0,5.0,3.0,4.0,4.0,4.0
E0068,M,India,>5y,mid,hybrid,1,3.0,4.0,4.0,7.0,5.0,3.0,2.0,5.0,3.0,3.0,2.0,4.0,3.0,2.0,2.0,3.0,2.0,3.0,3.0,5.0,1.0,2.0,3.0,3.0,4.0,3.0,3.0,8.0,3.0,2.0,4.0,2.0,2.0,3.0,4.0,4.0,4.0,3.0,3.0,3.0,3.0,4.0,5.0,4.0,3.0,2.0,2.0,3.0,3.0
E0069,L,US,>5y,senior,hybrid,1,4.0,4.0,5.0,4.0,4.0,4.0,4.0,3.0,5.0,5.0,3.0,3.0,4.0,5.0,5.0,4.0,4.0,3.0,3.0,5.0,4.0,3.0,3.0,3.0,5.0,4.0,4.0,9.0,3.0,3.0,4.0,3.0,4.0,4.0,4.0,5.0,4.0,3.0,4.0,3.0,4.0,5.0,4.0,5.0,5.0,4.0,4.0,3.0,3.0
E0070,Other (24),UK,3-5y,mid,onsite,1,3.0,4.0,5.0,7.0,4.0,4.0,3.0,4.0,3.0,5.0,5.0,4.0,3.0,3.0,3.0,5.0,2.0,4.0,4.0,5.0,3.0,5.0,4.0,5.0,4.0,1.0,4.0,6.0,4.0,2.0,4.0,3.0,4.0,3.0,4.0,5.0,4.0,3.0,3.0,4.0,5.0,3.0,5.0,3.0,5.0,5.0,4.0,3.0,3.0
E0071,J,Israel,1-3y,junior,onsite,1,3.0,4.0,3.0,6.0,5.0,4.0,3.0,4.0,2.0,3.0,3.0,5.0,3.0,4.0,4.0,3.0,3.0,3.0,4.0,4.0,3.0,4.0,4.0,3.0,4.0,3.0,4.0,8.0,4.0,3.0,4.0,4.0,2.0,3.0,5.0,5.0,5.0,4.0,5.0,4.0,4.0,4.0,4.0,4.0,5.0,4.0,5.0,4.0,5.0
E0072,H,India,<1y,junior,remote,1,5.0,5.0,5.0,10.0,5.0,5.0,5.0,5.0,5.0,5.0,5.0,5.0,5.0,5.0,5.0,5.0,4.0,5.0,5.0,5.0,5.0,5.0,5.0,5.0,5.0,4.0,5.0,10.0,4.0,5.0,4.0,5.0,3.0,5.0,5.0,5.0,4.0,5.0,5.0,5.0,5.0,4.0,5.0,4.0,4.0,4.0,4.0,4.0,4.0
E0073,E,Israel,<1y,senior,remote,1,3.0,5.0,4.0,9.0,5.0,5.0,4.0,5.0,4.0,3.0,3.0,4.0,4.0,3.0,4.0,3.0,3.0,4.0,4.0,4.0,4.0,4.0,2.0,3.0,4.0,3.0,3.0,10.0,4.0,4.0,5.0,3.0,3.0,3.0,5.0,4.0,5.0,3.0,4.0,4.0,5.0,4.0,3.0,4.0,4.0,3.0,4.0,4.0,3.0
E0074,N,India,1-3y,lead,onsite,1,4.0,2.0,4.0,9.0,5.0,5.0,5.0,3.0,4.0,3.0,4.0,5.0,5.0,4.0,5.0,3.0,3.0,5.0,3.0,4.0,5.0,5.0,4.0,4.0,3.0,3.0,5.0,9.0,4.0,4.0,4.0,4.0,4.0,4.0,5.0,5.0,4.0,5.0,5.0,4.0,4.0,4.0,5.0,4.0,3.0,5.0,3.0,4.0,5.0
E0075,M,US,<1y,mid,hybrid,1,4.0,4.0,4.0,8.0,4.0,3.0,4.0,4.0,4.0,2.0,2.0,3.0,3.0,3.0,3.0,3.0,1.0,4.0,4.0,5.0,3.0,3.0,4.0,3.0,3.0,4.0,3.0,5.0,3.0,2.0,4.0,2.0,1.0,3.0,4.0,5.0,4.0,4.0,4.0,4.0,4.0,4.0,3.0,3.0,3.0,3.0,3.0,4.0,4.0
E0076,L,India,<1y,mid,remote,1,3.0,1.0,5.0,4.0,4.0,3.0,3.0,3.0,2.0,4.0,3.0,4.0,3.0,3.0,3.0,4.0,2.0,3.0,2.0,4.0,3.0,5.0,4.0,5.0,5.0,2.0,5.0,5.0,5.0,2.0,3.0,2.0,2.0,2.0,3.0,3.0,3.0,4.0,4.0,4.0,3.0,4.0,3.0,2.0,4.0,4.0,4.0,2.0,2.0
E0077,D,US,3-5y,mid,hybrid,1,2.0,4.0,4.0,7.0,4.0,3.0,3.0,4.0,4.0,4.0,4.0,5.0,2.0,4.0,5.0,5.0,3.0,3.0,4.0,4.0,3.0,5.0,3.0,5.0,4.0,5.0,4.0,4.0,3.0,3.0,4.0,3.0,4.0,4.0,4.0,4.0,4.0,3.0,3.0,3.0,4.0,4.0,4.0,4.0,4.0,3.0,4.0,4.0,3.0
E0078,O,UK,<1y,mid,remote,1,2.0,4.0,5.0,6.0,4.0,3.0,3.0,3.0,3.0,4.0,4.0,3.0,4.0,3.0,3.0,4.0,3.0,3.0,3.0,5.0,4.0,5.0,5.0,5.0,5.0,4.0,5.0,6.0,4.0,3.0,3.0,3.0,4.0,4.0,4.0,4.0,4.0,4.0,4.0,4.0,4.0,4.0,4.0,4.0,4.0,2.0,3.0,3.0,3.0
E0079,L,UK,>5y,junior,onsite,1,4.0,3.0,2.0,6.0,3.0,4.0,3.0,3.0,4.0,3.0,1.0,2.0,2.0,3.0,5.0,3.0,4.0,5.0,3.0,3.0,3.0,3.0,2.0,2.0,4.0,4.0,2.0,7.0,3.0,3.0,4.0,3.0,4.0,3.0,3.0,3.0,4.0,3.0,4.0,5.0,3.0,3.0,3.0,4.0,5.0,5.0,4.0,3.0,5.0
E0080,E,Europe,1-3y,junior,onsite,1,3.0,3.0,5.0,7.0,5.0,4.0,3.0,5.0,3.0,4.0,4.0,4.0,2.0,3.0,4.0,4.0,3.0,4.0,4.0,5.0,4.0,3.0,3.0,3.0,3.0,3.0,3.0,10.0,5.0,4.0,5.0,3.0,3.0,3.0,5.0,4.0,4.0,4.0,4.0,3.0,4.0,4.0,5.0,3.0,4.0,4.0,4.0,4.0,3.0
E0081,Other (24),UK,1-3y,junior,remote,1,1.0,4.0,2.0,8.0,3.0,2.0,3.0,3.0,2.0,3.0,3.0,3.0,2.0,2.0,1.0,3.0,3.0,3.0,2.0,4.0,2.0,3.0,3.0,4.0,3.0,3.0,3.0,5.0,2.0,4.0,4.0,4.0,3.0,3.0,4.0,3.0,3.0,3.0,4.0,3.0,2.0,2.0,3.0,5.0,4.0,4.0,4.0,3.0,3.0
E0082,C,UK,<1y,mid,remote,1,1.0,3.0,3.0,6.0,5.0,3.0,3.0,3.0,2.0,3.0,3.0,5.0,2.0,4.0,3.0,4.0,4.0,2.0,3.0,5.0,3.0,3.0,3.0,3.0,4.0,3.0,4.0,3.0,2.0,3.0,4.0,3.0,3.0,2.0,4.0,4.0,4.0,4.0,4.0,4.0,5.0,4.0,4.0,5.0,4.0,3.0,3.0,4.0,3.0
E0083,D,UK,1-3y,lead,hybrid,1,4.0,3.0,5.0,6.0,4.0,4.0,3.0,4.0,3.0,5.0,4.0,5.0,3.0,5.0,5.0,5.0,2.0,4.0,3.0,5.0,2.0,5.0,5.0,4.0,5.0,4.0,4.0,5.0,4.0,3.0,4.0,3.0,3.0,3.0,5.0,4.0,4.0,5.0,3.0,4.0,4.0,3.0,3.0,3.0,4.0,3.0,3.0,3.0,3.0
E0084,Other (24),US,1-3y,junior,remote,1,4.0,4.0,4.0,8.0,4.0,5.0,3.0,4.0,1.0,4.0,4.0,4.0,3.0,3.0,2.0,4.0,5.0,4.0,3.0,4.0,4.0,3.0,2.0,4.0,5.0,4.0,4.0,5.0,4.0,3.0,5.0,5.0,5.0,5.0,3.0,3.0,3.0,5.0,4.0,5.0,4.0,3.0,3.0,5.0,5.0,4.0,4.0,3.0,4.0
E0085,N,UK,<1y,mid,hybrid,1,4.0,3.0,5.0,6.0,5.0,3.0,3.0,3.0,5.0,5.0,5.0,4.0,4.0,5.0,5.0,5.0,4.0,4.0,4.0,5.0,4.0,5.0,4.0,5.0,4.0,3.0,4.0,5.0,4.0,2.0,5.0,4.0,3.0,4.0,4.0,4.0,4.0,4.0,3.0,3.0,5.0,3.0,5.0,4.0,5.0,3.0,4.0,5.0,4.0
E0086,R,US,<1y,mid,hybrid,1,4.0,3.0,4.0,5.0,4.0,4.0,4.0,5.0,2.0,5.0,4.0,5.0,3.0,3.0,3.0,4.0,1.0,4.0,3.0,3.0,4.0,3.0,2.0,4.0,5.0,3.0,3.0,6.0,3.0,1.0,4.0,3.0,2.0,4.0,4.0,4.0,4.0,3.0,3.0,3.0,3.0,4.0,3.0,4.0,3.0,4.0,4.0,5.0,5.0
E0087,P,US,1-3y,mid,remote,1,3.0,3.0,4.0,4.0,3.0,5.0,4.0,4.0,3.0,5.0,4.0,5.0,2.0,4.0,4.0,4.0,3.0,4.0,3.0,4.0,4.0,5.0,4.0,4.0,5.0,4.0,5.0,5.0,4.0,3.0,4.0,3.0,3.0,3.0,4.0,4.0,3.0,3.0,4.0,4.0,3.0,3.0,4.0,3.0,3.0,3.0,3.0,4.0,4.0
E0088,C,UK,3-5y,mid,hybrid,1,4.0,3.0,3.0,5.0,3.0,3.0,3.0,3.0,5.0,4.0,3.0,4.0,4.0,3.0,4.0,4.0,4.0,4.0,3.0,2.0,5.0,3.0,4.0,4.0,5.0,4.0,4.0,6.0,4.0,3.0,4.0,3.0,2.0,2.0,3.0,4.0,4.0,4.0,3.0,5.0,5.0,5.0,3.0,5.0,5.0,4.0,3.0,4.0,4.0
E0089,I,India,>5y,junior,hybrid,1,4.0,3.0,5.0,7.0,3.0,4.0,3.0,4.0,3.0,3.0,2.0,4.0,3.0,3.0,4.0,1.0,4.0,4.0,5.0,4.0,5.0,4.0,4.0,4.0,4.0,4.0,4.0,8.0,2.0,3.0,3.0,4.0,2.0,3.0,4.0,3.0,3.0,3.0,4.0,3.0,4.0,4.0,5.0,5.0,4.0,5.0,5.0,3.0,3.0
E0090,G,Europe,3-5y,senior,onsite,1,4.0,3.0,4.0,7.0,3.0,4.0,4.0,2.0,3.0,4.0,4.0,5.0,3.0,5.0,4.0,4.0,4.0,3.0,2.0,5.0,4.0,5.0,5.0,4.0,5.0,2.0,5.0,8.0,4.0,3.0,3.0,4.0,4.0,2.0,4.0,2.0,4.0,4.0,4.0,4.0,3.0,3.0,3.0,5.0,4.0,3.0,4.0,4.0,4.0
E0091,Other (24),UK,1-3y,mid,onsite,1,5.0,5.0,4.0,10.0,5.0,5.0,5.0,4.0,3.0,4.0,5.0,4.0,3.0,2.0,4.0,3.0,2.0,5.0,4.0,5.0,3.0,3.0,3.0,4.0,5.0,2.0,4.0,3.0,4.0,2.0,5.0,3.0,2.0,3.0,5.0,5.0,5.0,3.0,5.0,4.0,4.0,4.0,4.0,3.0,3.0,5.0,5.0,4.0,3.0
E0092,K,UK,1-3y,senior,remote,1,1.0,4.0,4.0,9.0,3.0,2.0,1.0,3.0,3.0,4.0,1.0,4.0,2.0,2.0,1.0,2.0,2.0,3.0,2.0,3.0,2.0,3.0,2.0,3.0,3.0,2.0,4.0,8.0,3.0,1.0,5.0,2.0,2.0,3.0,3.0,4.0,4.0,4.0,4.0,3.0,3.0,4.0,4.0,3.0,3.0,2.0,2.0,4.0,4.0
E0093,Other (24),UK,1-3y,lead,onsite,1,2.0,4.0,3.0,6.0,3.0,4.0,4.0,4.0,3.0,4.0,3.0,4.0,3.0,3.0,2.0,4.0,2.0,4.0,3.0,3.0,4.0,3.0,3.0,3.0,3.0,2.0,3.0,7.0,1.0,2.0,3.0,1.0,1.0,3.0,3.0,2.0,3.0,1.0,2.0,3.0,2.0,3.0,4.0,2.0,3.0,5.0,4.0,4.0,4.0
E0094,Other (24),UK,1-3y,junior,hybrid,1,4.0,5.0,5.0,10.0,5.0,5.0,4.0,4.0,3.0,3.0,4.0,5.0,3.0,3.0,4.0,4.0,2.0,4.0,4.0,3.0,4.0,4.0,3.0,2.0,5.0,3.0,4.0,7.0,3.0,3.0,5.0,4.0,3.0,4.0,4.0,5.0,4.0,3.0,2.0,2.0,3.0,4.0,3.0,5.0,5.0,4.0,5.0,5.0,2.0
E0095,L,UK,1-3y,mid,remote,1,3.0,3.0,5.0,2.0,3.0,4.0,3.0,3.0,4.0,3.0,3.0,3.0,4.0,3.0,3.0,4.0,2.0,3.0,1.0,4.0,3.0,4.0,3.0,3.0,3.0,3.0,3.0,7.0,3.0,3.0,3.0,3.0,2.0,1.0,2.0,3.0,2.0,3.0,2.0,2.0,3.0,4.0,3.0,4.0,3.0,4.0,4.0,3.0,3.0
E0096,B,UK,1-3y,junior,onsite,1,3.0,5.0,3.0,6.0,4.0,3.0,3.0,4.0,4.0,3.0,4.0,4.0,5.0,3.0,3.0,4.0,3.0,3.0,2.0,4.0,3.0,3.0,3.0,4.0,5.0,4.0,5.0,10.0,4.0,3.0,4.0,4.0,4.0,4.0,3.0,3.0,3.0,4.0,5.0,4.0,2.0,3.0,3.0,4.0,4.0,3.0,4.0,5.0,4.0
E0097,C,UK,>5y,mid,hybrid,1,3.0,4.0,3.0,9.0,4.0,3.0,2.0,5.0,4.0,3.0,2.0,4.0,3.0,3.0,3.0,4.0,3.0,4.0,4.0,3.0,3.0,3.0,4.0,4.0,4.0,4.0,3.0,8.0,2.0,2.0,5.0,3.0,3.0,3.0,5.0,4.0,5.0,4.0,3.0,3.0,4.0,4.0,5.0,4.0,5.0,4.0,5.0,2.0,3.0
E0098,Q,Europe,1-3y,mid,remote,1,4.0,4.0,5.0,6.0,4.0,4.0,5.0,5.0,3.0,3.0,5.0,4.0,2.0,4.0,3.0,4.0,2.0,3.0,5.0,5.0,5.0,4.0,3.0,3.0,4.0,3.0,4.0,6.0,3.0,5.0,4.0,2.0,4.0,4.0,4.0,3.0,3.0,4.0,5.0,4.0,4.0,4.0,3.0,4.0,4.0,5.0,4.0,3.0,3.0
E0099,F,US,3-5y,mid,hybrid,1,4.0,4.0,5.0,6.0,4.0,4.0,3.0,4.0,2.0,4.0,3.0,3.0,4.0,4.0,3.0,5.0,3.0,4.0,4.0,5.0,3.0,5.0,4.0,5.0,4.0,3.0,4.0,9.0,4.0,3.0,4.0,2.0,4.0,3.0,5.0,3.0,5.0,4.0,4.0,3.0,4.0,4.0,4.0,4.0,4.0,5.0,5.0,3.0,3.0
E0100,C,UK,<1y,mid,hybrid,1,4.0,3.0,5.0,10.0,4.0,4.0,3.0,5.0,5.0,5.0,4.0,4.0,5.0,4.0,4.0,5.0,5.0,4.0,5.0,5.0,4.0,4.0,5.0,4.0,5.0,4.0,5.0,10.0,5.0,5.0,5.0,4.0,5.0,5.0,4.0,5.0,5.0,4.0,5.0,5.0,5.0,5.0,5.0,5.0,5.0,4.0,5.0,5.0,4.0
E0101,I,UK,3-5y,senior,hybrid,1,3.0,3.0,5.0,5.0,4.0,3.0,3.0,3.0,1.0,5.0,2.0,3.0,1.0,4.0,3.0,3.0,3.0,4.0,4.0,5.0,4.0,5.0,3.0,4.0,4.0,3.0,3.0,5.0,3.0,2.0,5.0,3.0,3.0,2.0,3.0,3.0,3.0,4.0,3.0,4.0,2.0,4.0,3.0,3.0,3.0,4.0,3.0,3.0,3.0
E0102,J,Israel,3-5y,mid,hybrid,1,3.0,4.0,4.0,3.0,3.0,2.0,4.0,3.0,1.0,3.0,3.0,3.0,1.0,4.0,2.0,5.0,3.0,3.0,1.0,4.0,3.0,4.0,3.0,5.0,3.0,2.0,3.0,5.0,3.0,3.0,4.0,2.0,1.0,3.0,3.0,4.0,3.0,3.0,2.0,3.0,5.0,4.0,5.0,3.0,3.0,4.0,3.0,3.0,4.0
E0103,Other (24),India,>5y,senior,hybrid,1,3.0,5.0,5.0,7.0,4.0,4.0,3.0,4.0,4.0,3.0,4.0,5.0,4.0,3.0,2.0,4.0,4.0,2.0,3.0,5.0,3.0,5.0,4.0,5.0,5.0,4.0,5.0,5.0,4.0,3.0,3.0,4.0,4.0,2.0,5.0,4.0,5.0,5.0,3.0,4.0,3.0,3.0,3.0,5.0,5.0,4.0,3.0,3.0,4.0
E0104,Other (24),US,<1y,junior,remote,1,3.0,3.0,4.0,10.0,4.0,4.0,5.0,4.0,5.0,3.0,4.0,4.0,5.0,4.0,3.0,5.0,3.0,4.0,3.0,5.0,3.0,4.0,4.0,3.0,3.0,1.0,4.0,8.0,3.0,2.0,4.0,3.0,3.0,2.0,3.0,4.0,4.0,4.0,3.0,4.0,3.0,3.0,4.0,4.0,4.0,4.0,4.0,3.0,3.0
E0105,P,India,1-3y,mid,remote,1,3.0,4.0,2.0,5.0,4.0,3.0,2.0,3.0,1.0,4.0,4.0,4.0,3.0,3.0,3.0,3.0,2.0,3.0,3.0,2.0,3.0,4.0,3.0,3.0,4.0,2.0,4.0,7.0,4.0,3.0,5.0,2.0,2.0,3.0,4.0,3.0,4.0,3.0,5.0,4.0,3.0,4.0,4.0,3.0,4.0,4.0,4.0,3.0,4.0
E0106,M,US,3-5y,senior,onsite,1,4.0,3.0,3.0,9.0,4.0,5.0,5.0,3.0,4.0,5.0,2.0,4.0,3.0,2.0,5.0,4.0,2.0,4.0,3.0,4.0,5.0,3.0,4.0,2.0,4.0,5.0,2.0,6.0,3.0,5.0,3.0,3.0,2.0,4.0,3.0,4.0,4.0,3.0,4.0,4.0,3.0,5.0,4.0,5.0,5.0,3.0,5.0,4.0,4.0
E0107,E,UK,>5y,senior,onsite,1,5.0,5.0,5.0,9.0,5.0,5.0,4.0,5.0,2.0,5.0,5.0,4.0,3.0,4.0,5.0,4.0,3.0,5.0,4.0,5.0,4.0,4.0,4.0,4.0,5.0,3.0,4.0,9.0,4.0,4.0,5.0,3.0,3.0,3.0,3.0,4.0,3.0,3.0,3.0,3.0,3.0,5.0,4.0,4.0,5.0,4.0,5.0,4.0,5.0
E0108,P,Europe,1-3y,senior,hybrid,1,4.0,5.0,5.0,7.0,5.0,3.0,3.0,4.0,3.0,5.0,4.0,4.0,3.0,5.0,4.0,4.0,4.0,4.0,3.0,3.0,4.0,5.0,4.0,5.0,5.0,3.0,5.0,8.0,4.0,3.0,5.0,4.0,4.0,3.0,4.0,4.0,4.0,3.0,4.0,4.0,4.0,4.0,5.0,4.0,4.0,2.0,3.0,3.0,3.0
E0109,C,US,1-3y,mid,hybrid,1,3.0,3.0,5.0,5.0,3.0,3.0,4.0,3.0,4.0,3.0,3.0,3.0,2.0,2.0,3.0,4.0,4.0,3.0,2.0,4.0,2.0,3.0,2.0,3.0,2.0,3.0,3.0,7.0,3.0,4.0,5.0,3.0,3.0,3.0,3.0,3.0,4.0,3.0,3.0,3.0,3.0,4.0,4.0,4.0,5.0,4.0,4.0,2.0,3.0
E0110,J,UK,1-3y,mid,remote,1,3.0,3.0,3.0,6.0,3.0,5.0,2.0,2.0,2.0,3.0,1.0,2.0,3.0,2.0,3.0,2.0,2.0,3.0,4.0,4.0,4.0,2.0,2.0,3.0,1.0,3.0,3.0,8.0,2.0,2.0,4.0,1.0,1.0,3.0,4.0,4.0,4.0,4.0,4.0,4.0,3.0,3.0,3.0,3.0,4.0,3.0,4.0,4.0,4.0
E0111,Other (24),UK,<1y,senior,hybrid,1,2.0,4.0,4.0,6.0,3.0,3.0,3.0,3.0,2.0,3.0,2.0,4.0,2.0,3.0,2.0,4.0,2.0,3.0,2.0,3.0,4.0,2.0,1.0,2.0,3.0,3.0,3.0,4.0,3.0,3.0,3.0,3.0,4.0,2.0,4.0,4.0,3.0,3.0,3.0,4.0,4.0,5.0,4.0,3.0,3.0,3.0,2.0,5.0,5.0
E0112,B,UK,<1y,junior,remote,1,3.0,5.0,5.0,6.0,4.0,3.0,3.0,3.0,5.0,5.0,4.0,5.0,5.0,4.0,3.0,3.0,5.0,4.0,3.0,5.0,4.0,4.0,4.0,5.0,5.0,2.0,5.0,9.0,5.0,3.0,3.0,3.0,4.0,5.0,3.0,5.0,4.0,4.0,3.0,3.0,4.0,4.0,4.0,4.0,3.0,4.0,5.0,5.0,5.0
E0113,K,Israel,1-3y,mid,hybrid,1,3.0,3.0,3.0,6.0,4.0,3.0,4.0,4.0,2.0,4.0,2.0,3.0,3.0,3.0,3.0,4.0,2.0,4.0,4.0,3.0,5.0,3.0,4.0,4.0,3.0,3.0,3.0,3.0,4.0,4.0,2.0,3.0,4.0,3.0,4.0,4.0,4.0,3.0,3.0,3.0,3.0,3.0,4.0,4.0,5.0,3.0,3.0,3.0,3.0
E0114,O,UK,1-3y,senior,onsite,1,3.0,4.0,5.0,5.0,5.0,4.0,2.0,4.0,1.0,3.0,2.0,2.0,3.0,2.0,4.0,1.0,2.0,4.0,2.0,3.0,4.0,3.0,3.0,2.0,3.0,5.0,3.0,5.0,2.0,3.0,4.0,2.0,3.0,3.0,3.0,3.0,3.0,4.0,5.0,3.0,3.0,3.0,2.0,3.0,5.0,5.0,4.0,3.0,3.0
E0115,O,US,1-3y,mid,hybrid,1,2.0,4.0,3.0,6.0,3.0,4.0,3.0,3.0,2.0,3.0,3.0,3.0,3.0,3.0,3.0,3.0,4.0,3.0,3.0,3.0,3.0,4.0,3.0,4.0,4.0,3.0,4.0,3.0,2.0,3.0,3.0,3.0,3.0,3.0,3.0,2.0,3.0,2.0,3.0,3.0,5.0,3.0,4.0,4.0,4.0,3.0,3.0,4.0,4.0
E0116,Q,India,1-3y,senior,remote,1,4.0,5.0,5.0,9.0,5.0,5.0,5.0,5.0,5.0,5.0,3.0,4.0,3.0,5.0,5.0,5.0,5.0,4.0,5.0,4.0,5.0,4.0,4.0,5.0,5.0,5.0,5.0,8.0,5.0,2.0,5.0,4.0,3.0,4.0,5.0,5.0,5.0,5.0,5.0,5.0,3.0,5.0,4.0,4.0,5.0,5.0,5.0,4.0,4.0
E0117,Other (24),US,>5y,junior,hybrid,1,3.0,4.0,3.0,9.0,4.0,3.0,3.0,4.0,2.0,4.0,3.0,4.0,2.0,3.0,3.0,4.0,3.0,3.0,4.0,4.0,4.0,4.0,2.0,4.0,4.0,2.0,3.0,2.0,3.0,2.0,4.0,4.0,3.0,3.0,4.0,3.0,4.0,5.0,4.0,4.0,4.0,5.0,5.0,4.0,4.0,5.0,5.0,3.0,4.0
E0118,I,Europe,1-3y,junior,hybrid,1,3.0,2.0,5.0,6.0,5.0,4.0,4.0,4.0,4.0,3.0,3.0,4.0,3.0,4.0,2.0,3.0,4.0,3.0,3.0,5.0,4.0,5.0,3.0,4.0,4.0,4.0,5.0,8.0,4.0,4.0,4.0,4.0,5.0,3.0,3.0,3.0,2.0,5.0,4.0,4.0,5.0,4.0,4.0,5.0,4.0,4.0,4.0,4.0,2.0
E0119,E,India,1-3y,senior,hybrid,1,3.0,5.0,4.0,9.0,5.0,3.0,4.0,5.0,2.0,4.0,4.0,3.0,3.0,3.0,4.0,3.0,3.0,3.0,3.0,3.0,3.0,3.0,3.0,3.0,3.0,2.0,4.0,8.0,3.0,3.0,5.0,2.0,2.0,3.0,4.0,3.0,5.0,4.0,4.0,4.0,3.0,5.0,4.0,3.0,3.0,3.0,4.0,5.0,5.0
E0120,M,UK,1-3y,junior,onsite,1,3.0,3.0,3.0,6.0,2.0,4.0,4.0,3.0,2.0,4.0,2.0,3.0,3.0,3.0,4.0,4.0,1.0,4.0,3.0,5.0,3.0,3.0,4.0,3.0,5.0,2.0,3.0,5.0,3.0,1.0,5.0,1.0,1.0,2.0,3.0,3.0,4.0,3.0,4.0,3.0,1.0,3.0,4.0,2.0,3.0,3.0,5.0,3.0,4.0
E0121,Other (24),India,<1y,mid,remote,1,3.0,4.0,4.0,10.0,4.0,5.0,4.0,4.0,3.0,4.0,3.0,4.0,2.0,3.0,3.0,5.0,2.0,3.0,4.0,3.0,4.0,5.0,4.0,5.0,4.0,2.0,4.0,6.0,2.0,2.0,5.0,2.0,3.0,2.0,2.0,4.0,4.0,3.0,4.0,4.0,4.0,3.0,5.0,3.0,2.0,4.0,5.0,4.0,4.0
E0122,Other (24),Europe,<1y,mid,onsite,1,2.0,2.0,5.0,6.0,3.0,3.0,4.0,2.0,3.0,5.0,4.0,5.0,2.0,3.0,2.0,5.0,2.0,2.0,2.0,5.0,3.0,4.0,4.0,4.0,4.0,2.0,4.0,6.0,4.0,2.0,3.0,2.0,3.0,1.0,3.0,3.0,3.0,2.0,4.0,5.0,4.0,4.0,5.0,2.0,3.0,2.0,2.0,3.0,4.0
E0123,A,Israel,1-3y,junior,hybrid,1,4.0,2.0,3.0,6.0,4.0,4.0,4.0,4.0,2.0,3.0,2.0,3.0,2.0,4.0,4.0,4.0,2.0,4.0,3.0,5.0,3.0,3.0,4.0,3.0,3.0,2.0,4.0,5.0,3.0,2.0,4.0,4.0,2.0,3.0,4.0,5.0,4.0,4.0,3.0,2.0,4.0,3.0,4.0,3.0,3.0,5.0,4.0,4.0,4.0
E0124,F,UK,1-3y,junior,onsite,1,4.0,2.0,3.0,1.0,3.0,4.0,4.0,1.0,3.0,2.0,3.0,3.0,4.0,4.0,4.0,2.0,3.0,5.0,2.0,2.0,3.0,4.0,3.0,4.0,3.0,2.0,4.0,8.0,4.0,4.0,3.0,2.0,2.0,3.0,3.0,3.0,4.0,4.0,3.0,3.0,3.0,3.0,2.0,4.0,2.0,4.0,4.0,3.0,3.0
E0125,C,US,>5y,mid,onsite,1,2.0,4.0,4.0,6.0,4.0,3.0,3.0,3.0,5.0,4.0,3.0,4.0,5.0,3.0,4.0,3.0,3.0,4.0,3.0,5.0,3.0,2.0,3.0,3.0,4.0,4.0,3.0,10.0,3.0,4.0,4.0,3.0,3.0,3.0,5.0,4.0,3.0,4.0,5.0,4.0,4.0,4.0,5.0,5.0,5.0,4.0,5.0,3.0,5.0
E0126,E,Israel,<1y,junior,hybrid,1,3.0,3.0,3.0,7.0,4.0,4.0,3.0,5.0,4.0,3.0,3.0,4.0,4.0,2.0,4.0,2.0,2.0,4.0,5.0,3.0,5.0,3.0,3.0,3.0,3.0,3.0,2.0,9.0,3.0,3.0,4.0,3.0,1.0,3.0,5.0,5.0,5.0,3.0,3.0,4.0,3.0,4.0,3.0,4.0,4.0,4.0,3.0,2.0,4.0
E0127,Other (24),US,>5y,lead,hybrid,1,3.0,4.0,5.0,9.0,5.0,4.0,4.0,5.0,5.0,5.0,4.0,5.0,5.0,3.0,4.0,4.0,1.0,3.0,3.0,5.0,4.0,4.0,4.0,5.0,4.0,1.0,5.0,8.0,5.0,2.0,2.0,2.0,3.0,1.0,4.0,4.0,4.0,2.0,4.0,3.0,5.0,5.0,4.0,2.0,3.0,3.0,2.0,3.0,4.0
E0128,I,Israel,1-3y,mid,onsite,1,4.0,4.0,4.0,8.0,3.0,3.0,5.0,4.0,3.0,4.0,1.0,2.0,3.0,3.0,2.0,3.0,3.0,3.0,4.0,3.0,4.0,2.0,2.0,3.0,4.0,3.0,3.0,8.0,3.0,2.0,4.0,2.0,3.0,3.0,4.0,4.0,3.0,2.0,3.0,2.0,5.0,5.0,5.0,4.0,3.0,3.0,4.0,3.0,3.0
E0129,M,India,1-3y,junior,hybrid,1,2.0,4.0,5.0,7.0,3.0,4.0,3.0,4.0,3.0,3.0,3.0,4.0,3.0,4.0,3.0,3.0,2.0,3.0,3.0,5.0,2.0,3.0,4.0,4.0,4.0,3.0,5.0,9.0,3.0,2.0,3.0,2.0,2.0,2.0,4.0,4.0,4.0,4.0,3.0,3.0,4.0,3.0,4.0,4.0,3.0,4.0,2.0,2.0,4.0
E0130,R,UK,1-3y,senior,hybrid,1,3.0,4.0,3.0,5.0,3.0,4.0,1.0,3.0,4.0,3.0,2.0,3.0,3.0,3.0,2.0,3.0,1.0,3.0,3.0,3.0,2.0,2.0,2.0,1.0,3.0,3.0,2.0,10.0,2.0,3.0,4.0,2.0,3.0,2.0,2.0,3.0,3.0,2.0,4.0,4.0,3.0,4.0,3.0,3.0,3.0,4.0,4.0,3.0,3.0
E0131,Other (24),India,1-3y,senior,remote,1,4.0,3.0,2.0,3.0,3.0,5.0,5.0,1.0,2.0,3.0,3.0,4.0,2.0,2.0,4.0,4.0,2.0,5.0,3.0,4.0,5.0,4.0,3.0,4.0,4.0,2.0,4.0,6.0,4.0,1.0,3.0,3.0,3.0,1.0,3.0,2.0,4.0,3.0,4.0,4.0,4.0,5.0,2.0,4.0,3.0,3.0,4.0,2.0,2.0
E0132,Other (24),Europe,1-3y,mid,hybrid,1,3.0,2.0,4.0,7.0,5.0,3.0,4.0,3.0,1.0,5.0,4.0,5.0,1.0,4.0,3.0,5.0,3.0,4.0,3.0,5.0,4.0,4.0,5.0,5.0,5.0,2.0,4.0,3.0,5.0,1.0,3.0,3.0,3.0,2.0,4.0,4.0,4.0,5.0,4.0,4.0,3.0,3.0,3.0,4.0,3.0,4.0,3.0,2.0,3.0
E0133,K,Israel,3-5y,junior,hybrid,1,3.0,3.0,5.0,8.0,5.0,3.0,4.0,4.0,3.0,5.0,4.0,4.0,3.0,4.0,3.0,4.0,3.0,2.0,5.0,5.0,4.0,5.0,3.0,4.0,4.0,2.0,5.0,5.0,5.0,2.0,4.0,2.0,4.0,4.0,5.0,5.0,4.0,5.0,5.0,5.0,5.0,5.0,5.0,4.0,4.0,4.0,4.0,4.0,4.0
E0134,Other (24),UK,1-3y,senior,hybrid,1,4.0,3.0,4.0,5.0,3.0,4.0,4.0,3.0,2.0,3.0,3.0,4.0,3.0,3.0,2.0,3.0,1.0,4.0,3.0,3.0,5.0,3.0,3.0,4.0,3.0,1.0,3.0,7.0,3.0,1.0,4.0,2.0,2.0,1.0,4.0,4.0,3.0,3.0,4.0,2.0,4.0,3.0,3.0,2.0,1.0,4.0,4.0,3.0,3.0
E0135,L,Israel,>5y,junior,remote,1,3.0,4.0,5.0,4.0,3.0,4.0,3.0,3.0,5.0,3.0,2.0,4.0,4.0,3.0,3.0,4.0,3.0,3.0,4.0,3.0,3.0,3.0,2.0,4.0,4.0,2.0,4.0,8.0,3.0,2.0,3.0,2.0,2.0,2.0,1.0,4.0,4.0,4.0,3.0,2.0,3.0,4.0,3.0,4.0,3.0,3.0,4.0,3.0,3.0
E0136,P,UK,3-5y,senior,hybrid,1,5.0,4.0,5.0,7.0,5.0,5.0,5.0,4.0,2.0,5.0,5.0,5.0,3.0,5.0,4.0,3.0,3.0,5.0,5.0,4.0,4.0,4.0,4.0,4.0,4.0,3.0,5.0,7.0,4.0,3.0,5.0,3.0,3.0,4.0,4.0,4.0,4.0,3.0,3.0,4.0,3.0,2.0,2.0,3.0,4.0,3.0,4.0,5.0,5.0
E0137,F,UK,>5y,mid,hybrid,1,5.0,4.0,3.0,7.0,3.0,4.0,3.0,3.0,3.0,4.0,2.0,4.0,4.0,5.0,4.0,3.0,3.0,3.0,4.0,3.0,4.0,4.0,2.0,3.0,5.0,4.0,3.0,8.0,3.0,3.0,4.0,3.0,3.0,4.0,3.0,3.0,3.0,3.0,3.0,3.0,3.0,2.0,3.0,5.0,4.0,4.0,5.0,3.0,3.0
E0138,D,US,>5y,junior,onsite,1,4.0,5.0,4.0,9.0,5.0,5.0,5.0,5.0,4.0,5.0,4.0,4.0,3.0,5.0,5.0,5.0,4.0,4.0,5.0,5.0,5.0,5.0,5.0,4.0,5.0,5.0,5.0,5.0,4.0,4.0,5.0,4.0,5.0,5.0,5.0,5.0,5.0,5.0,5.0,4.0,4.0,3.0,4.0,5.0,5.0,4.0,5.0,3.0,5.0
E0139,H,India,<1y,senior,remote,1,4.0,5.0,5.0,9.0,5.0,5.0,5.0,4.0,5.0,5.0,4.0,5.0,4.0,5.0,5.0,5.0,4.0,4.0,5.0,4.0,5.0,5.0,5.0,5.0,5.0,4.0,5.0,9.0,5.0,3.0,5.0,3.0,4.0,4.0,2.0,4.0,4.0,4.0,3.0,4.0,2.0,3.0,4.0,5.0,4.0,3.0,3.0,5.0,4.0
E0140,Other (24),Europe,1-3y,junior,remote,1,4.0,4.0,5.0,8.0,5.0,5.0,4.0,5.0,5.0,5.0,5.0,5.0,3.0,5.0,3.0,5.0,4.0,4.0,5.0,5.0,4.0,5.0,5.0,5.0,5.0,3.0,5.0,9.0,5.0,3.0,5.0,4.0,4.0,3.0,5.0,5.0,5.0,5.0,5.0,5.0,3.0,4.0,3.0,4.0,4.0,4.0,5.0,4.0,4.0
E0141,L,UK,<1y,mid,onsite,1,2.0,3.0,5.0,6.0,4.0,5.0,4.0,3.0,5.0,4.0,3.0,3.0,3.0,4.0,5.0,4.0,1.0,4.0,2.0,4.0,3.0,4.0,5.0,5.0,5.0,2.0,5.0,6.0,3.0,2.0,3.0,3.0,3.0,3.0,5.0,4.0,4.0,2.0,3.0,5.0,5.0,4.0,5.0,3.0,4.0,3.0,4.0,4.0,3.0
E0142,R,India,>5y,junior,hybrid,1,4.0,5.0,4.0,7.0,4.0,3.0,4.0,5.0,4.0,3.0,3.0,3.0,4.0,4.0,4.0,3.0,2.0,4.0,4.0,3.0,4.0,3.0,2.0,2.0,4.0,4.0,3.0,10.0,4.0,3.0,5.0,3.0,3.0,4.0,5.0,5.0,5.0,4.0,4.0,4.0,5.0,4.0,4.0,4.0,4.0,3.0,3.0,3.0,4.0
E0143,A,UK,1-3y,mid,remote,1,4.0,4.0,4.0,6.0,5.0,4.0,4.0,4.0,3.0,4.0,4.0,4.0,4.0,3.0,5.0,4.0,3.0,4.0,4.0,4.0,3.0,4.0,3.0,4.0,5.0,5.0,3.0,9.0,2.0,4.0,5.0,5.0,5.0,5.0,4.0,5.0,3.0,5.0,5.0,5.0,4.0,4.0,4.0,4.0,5.0,3.0,4.0,4.0,4.0
E0144,K,US,3-5y,senior,hybrid,1,1.0,3.0,3.0,6.0,3.0,2.0,2.0,3.0,3.0,3.0,3.0,3.0,4.0,3.0,2.0,3.0,2.0,3.0,2.0,2.0,2.0,2.0,2.0,3.0,3.0,2.0,3.0,5.0,2.0,2.0,4.0,2.0,2.0,2.0,3.0,4.0,5.0,4.0,3.0,4.0,5.0,4.0,5.0,3.0,3.0,3.0,2.0,4.0,4.0
E0145,L,US,<1y,junior,hybrid,1,4.0,4.0,3.0,2.0,4.0,3.0,3.0,2.0,4.0,2.0,2.0,3.0,4.0,3.0,4.0,3.0,2.0,3.0,2.0,3.0,4.0,2.0,2.0,4.0,3.0,2.0,3.0,7.0,2.0,2.0,3.0,2.0,2.0,1.0,4.0,4.0,4.0,3.0,3.0,3.0,4.0,3.0,4.0,4.0,4.0,4.0,4.0,3.0,4.0
E0146,D,UK,3-5y,senior,hybrid,1,5.0,4.0,3.0,7.0,3.0,4.0,3.0,4.0,3.0,3.0,5.0,3.0,2.0,3.0,5.0,3.0,3.0,3.0,4.0,3.0,3.0,5.0,2.0,3.0,3.0,4.0,3.0,5.0,4.0,3.0,5.0,3.0,2.0,4.0,5.0,5.0,4.0,4.0,4.0,3.0,3.0,3.0,4.0,4.0,4.0,4.0,4.0,3.0,4.0
E0147,P,UK,<1y,senior,hybrid,1,1.0,3.0,5.0,6.0,4.0,2.0,1.0,3.0,4.0,5.0,4.0,5.0,3.0,4.0,3.0,3.0,2.0,1.0,4.0,4.0,3.0,5.0,3.0,4.0,5.0,3.0,5.0,8.0,5.0,3.0,5.0,2.0,3.0,3.0,5.0,3.0,5.0,1.0,3.0,4.0,4.0,5.0,4.0,4.0,3.0,3.0,4.0,3.0,3.0
E0148,A,UK,1-3y,junior,hybrid,1,3.0,3.0,5.0,7.0,5.0,3.0,3.0,5.0,4.0,4.0,4.0,5.0,4.0,4.0,3.0,4.0,2.0,3.0,4.0,5.0,4.0,4.0,4.0,4.0,3.0,2.0,4.0,7.0,3.0,4.0,5.0,4.0,5.0,5.0,5.0,4.0,4.0,4.0,4.0,4.0,4.0,4.0,4.0,3.0,4.0,4.0,5.0,2.0,4.0
E0149,Other (24),US,1-3y,junior,hybrid,1,4.0,4.0,4.0,6.0,4.0,5.0,4.0,2.0,3.0,4.0,3.0,3.0,3.0,3.0,4.0,5.0,2.0,4.0,4.0,3.0,4.0,4.0,4.0,5.0,5.0,1.0,4.0,7.0,3.0,2.0,4.0,2.0,3.0,2.0,5.0,3.0,5.0,4.0,3.0,3.0,5.0,4.0,4.0,4.0,3.0,4.0,3.0,4.0,4.0
E0150,Q,Europe,1-3y,junior,hybrid,1,4.0,5.0,5.0,9.0,5.0,4.0,4.0,5.0,3.0,3.0,3.0,4.0,4.0,4.0,4.0,4.0,3.0,3.0,5.0,2.0,3.0,3.0,3.0,3.0,3.0,3.0,3.0,5.0,3.0,2.0,4.0,2.0,3.0,2.0,5.0,4.0,4.0,3.0,4.0,4.0,4.0,5.0,4.0,4.0,3.0,4.0,3.0,4.0,4.0
E0151,N,US,1-3y,junior,hybrid,1,5.0,4.0,4.0,9.0,5.0,4.0,4.0,5.0,3.0,4.0,4.0,5.0,3.0,3.0,5.0,2.0,4.0,4.0,4.0,5.0,5.0,5.0,3.0,4.0,4.0,4.0,5.0,6.0,4.0,5.0,5.0,5.0,4.0,4.0,4.0,3.0,3.0,3.0,3.0,3.0,4.0,3.0,4.0,5.0,5.0,5.0,5.0,3.0,4.0
E0152,Other (24),US,3-5y,mid,remote,1,3.0,4.0,3.0,10.0,5.0,4.0,3.0,4.0,1.0,3.0,2.0,4.0,3.0,2.0,3.0,4.0,2.0,3.0,4.0,4.0,4.0,4.0,3.0,4.0,3.0,1.0,4.0,7.0,3.0,1.0,4.0,3.0,4.0,2.0,4.0,4.0,3.0,5.0,5.0,4.0,5.0,5.0,4.0,3.0,3.0,4.0,4.0,5.0,3.0
E0153,F,Israel,1-3y,mid,hybrid,1,5.0,5.0,1.0,4.0,3.0,3.0,3.0,3.0,2.0,3.0,2.0,2.0,3.0,3.0,4.0,1.0,1.0,2.0,3.0,2.0,2.0,2.0,2.0,2.0,2.0,1.0,3.0,8.0,2.0,2.0,4.0,2.0,2.0,3.0,4.0,3.0,5.0,4.0,5.0,2.0,3.0,4.0,4.0,3.0,3.0,2.0,2.0,2.0,4.0
E0154,Other (24),UK,1-3y,junior,remote,1,4.0,5.0,4.0,10.0,5.0,4.0,4.0,4.0,3.0,5.0,4.0,4.0,4.0,4.0,5.0,5.0,2.0,4.0,5.0,4.0,4.0,4.0,4.0,4.0,5.0,2.0,3.0,7.0,4.0,2.0,5.0,2.0,2.0,1.0,4.0,5.0,4.0,4.0,3.0,3.0,4.0,4.0,4.0,3.0,3.0,4.0,4.0,3.0,4.0
E0155,Other (24),India,3-5y,senior,hybrid,1,2.0,3.0,5.0,9.0,4.0,4.0,2.0,4.0,3.0,4.0,3.0,3.0,3.0,3.0,3.0,4.0,3.0,3.0,3.0,4.0,3.0,4.0,4.0,4.0,4.0,2.0,2.0,6.0,3.0,3.0,4.0,4.0,2.0,3.0,4.0,3.0,3.0,4.0,5.0,5.0,4.0,4.0,4.0,3.0,4.0,4.0,4.0,5.0,4.0
E0156,L,UK,<1y,senior,hybrid,1,3.0,3.0,3.0,5.0,3.0,4.0,3.0,2.0,4.0,3.0,2.0,3.0,1.0,3.0,3.0,3.0,2.0,3.0,4.0,3.0,2.0,4.0,3.0,4.0,3.0,2.0,3.0,6.0,3.0,3.0,3.0,3.0,2.0,2.0,3.0,4.0,5.0,4.0,4.0,3.0,3.0,3.0,4.0,4.0,3.0,3.0,2.0,4.0,4.0
E0157,L,UK,<1y,senior,onsite,1,3.0,4.0,5.0,7.0,4.0,4.0,5.0,2.0,4.0,3.0,3.0,4.0,3.0,4.0,4.0,4.0,3.0,4.0,3.0,3.0,5.0,4.0,2.0,4.0,4.0,3.0,4.0,5.0,3.0,4.0,3.0,4.0,3.0,4.0,4.0,4.0,4.0,4.0,4.0,4.0,5.0,5.0,4.0,5.0,4.0,4.0,5.0,4.0,3.0
E0158,B,Israel,<1y,senior,hybrid,1,5.0,3.0,3.0,8.0,4.0,5.0,4.0,3.0,4.0,2.0,2.0,2.0,5.0,3.0,4.0,2.0,3.0,2.0,3.0,3.0,4.0,4.0,2.0,4.0,4.0,2.0,4.0,7.0,3.0,1.0,3.0,2.0,2.0,3.0,3.0,3.0,4.0,4.0,3.0,4.0,3.0,2.0,4.0,4.0,4.0,5.0,4.0,4.0,4.0
E0159,N,Europe,<1y,mid,hybrid,1,3.0,4.0,5.0,8.0,4.0,4.0,3.0,5.0,3.0,5.0,4.0,5.0,3.0,5.0,4.0,4.0,4.0,2.0,4.0,5.0,4.0,5.0,4.0,5.0,4.0,4.0,5.0,7.0,5.0,4.0,4.0,4.0,3.0,4.0,4.0,4.0,5.0,3.0,4.0,2.0,5.0,5.0,4.0,4.0,4.0,4.0,5.0,2.0,2.0
E0160,Q,Israel,1-3y,mid,remote,1,5.0,3.0,4.0,9.0,4.0,3.0,4.0,4.0,3.0,4.0,4.0,4.0,3.0,3.0,5.0,5.0,1.0,3.0,3.0,4.0,4.0,3.0,4.0,4.0,4.0,2.0,5.0,6.0,4.0,1.0,5.0,2.0,1.0,2.0,4.0,4.0,2.0,4.0,4.0,5.0,4.0,3.0,3.0,3.0,3.0,3.0,2.0,2.0,3.0
E0161,K,US,3-5y,senior,remote,1,3.0,3.0,3.0,6.0,4.0,3.0,4.0,3.0,2.0,3.0,3.0,4.0,4.0,2.0,3.0,3.0,4.0,3.0,4.0,3.0,4.0,2.0,3.0,3.0,3.0,3.0,3.0,2.0,4.0,3.0,4.0,1.0,3.0,3.0,4.0,5.0,4.0,2.0,3.0,4.0,4.0,4.0,5.0,4.0,3.0,4.0,4.0,5.0,4.0
E0162,H,US,<1y,junior,onsite,1,4.0,5.0,5.0,10.0,5.0,4.0,4.0,5.0,4.0,5.0,3.0,4.0,4.0,4.0,4.0,4.0,2.0,4.0,5.0,4.0,4.0,5.0,4.0,5.0,5.0,5.0,5.0,9.0,4.0,4.0,5.0,3.0,4.0,4.0,4.0,4.0,4.0,4.0,5.0,4.0,4.0,4.0,3.0,4.0,4.0,4.0,4.0,3.0,3.0
E0163,I,India,<1y,senior,remote,1,2.0,3.0,4.0,6.0,4.0,3.0,3.0,4.0,3.0,2.0,3.0,1.0,3.0,1.0,3.0,2.0,3.0,4.0,3.0,3.0,3.0,4.0,3.0,3.0,3.0,2.0,2.0,7.0,1.0,3.0,3.0,2.0,2.0,3.0,3.0,3.0,3.0,3.0,4.0,4.0,2.0,2.0,3.0,4.0,5.0,3.0,2.0,4.0,3.0
E0164,Other (24),UK,1-3y,senior,onsite,1,3.0,4.0,4.0,8.0,3.0,5.0,3.0,2.0,1.0,5.0,4.0,4.0,3.0,2.0,3.0,4.0,3.0,4.0,4.0,4.0,2.0,4.0,5.0,4.0,5.0,1.0,5.0,6.0,3.0,2.0,4.0,3.0,2.0,2.0,4.0,4.0,4.0,3.0,4.0,4.0,5.0,3.0,4.0,4.0,4.0,3.0,3.0,3.0,5.0
E0165,H,India,1-3y,junior,hybrid,1,5.0,5.0,5.0,10.0,4.0,4.0,4.0,5.0,4.0,5.0,4.0,5.0,4.0,4.0,4.0,5.0,2.0,4.0,5.0,5.0,4.0,5.0,5.0,5.0,5.0,5.0,5.0,10.0,4.0,5.0,4.0,4.0,4.0,5.0,4.0,4.0,5.0,5.0,5.0,4.0,5.0,5.0,5.0,5.0,4.0,4.0,4.0,4.0,5.0
E0166,Other (24),US,<1y,senior,remote,1,4.0,5.0,5.0,8.0,4.0,5.0,5.0,4.0,2.0,3.0,2.0,4.0,3.0,2.0,4.0,4.0,3.0,5.0,5.0,3.0,5.0,4.0,3.0,4.0,3.0,3.0,3.0,6.0,2.0,3.0,5.0,3.0,2.0,1.0,4.0,5.0,4.0,3.0,3.0,3.0,4.0,5.0,3.0,4.0,4.0,4.0,4.0,4.0,5.0
E0167,N,Europe,1-3y,mid,onsite,1,5.0,3.0,4.0,9.0,5.0,5.0,2.0,4.0,4.0,4.0,4.0,5.0,2.0,4.0,5.0,3.0,4.0,4.0,4.0,5.0,5.0,5.0,4.0,5.0,3.0,3.0,4.0,5.0,4.0,4.0,5.0,4.0,4.0,5.0,5.0,5.0,5.0,4.0,4.0,4.0,3.0,3.0,4.0,4.0,3.0,2.0,4.0,4.0,4.0
E0168,R,US,1-3y,mid,hybrid,1,3.0,4.0,4.0,7.0,4.0,5.0,2.0,4.0,3.0,5.0,5.0,4.0,2.0,4.0,2.0,5.0,3.0,3.0,2.0,3.0,3.0,4.0,3.0,3.0,5.0,4.0,4.0,8.0,3.0,3.0,4.0,3.0,5.0,3.0,3.0,3.0,4.0,3.0,3.0,3.0,5.0,4.0,3.0,5.0,5.0,3.0,2.0,4.0,3.0
E0169,C,UK,1-3y,junior,hybrid,1,3.0,3.0,3.0,7.0,4.0,3.0,2.0,3.0,4.0,3.0,2.0,4.0,3.0,3.0,2.0,4.0,5.0,2.0,2.0,4.0,3.0,3.0,3.0,4.0,4.0,5.0,4.0,10.0,2.0,3.0,5.0,3.0,2.0,2.0,3.0,4.0,3.0,3.0,4.0,2.0,2.0,4.0,2.0,4.0,4.0,4.0,4.0,2.0,1.0
E0170,R,Israel,1-3y,junior,remote,1,4.0,5.0,4.0,9.0,5.0,5.0,4.0,5.0,3.0,3.0,3.0,3.0,3.0,3.0,3.0,3.0,2.0,3.0,5.0,3.0,4.0,4.0,2.0,3.0,4.0,3.0,1.0,8.0,3.0,3.0,4.0,3.0,3.0,4.0,4.0,5.0,3.0,2.0,3.0,4.0,3.0,4.0,3.0,3.0,5.0,4.0,5.0,3.0,2.0
E0171,L,US,1-3y,mid,onsite,1,4.0,4.0,5.0,7.0,3.0,5.0,4.0,3.0,4.0,3.0,2.0,3.0,3.0,3.0,4.0,3.0,3.0,4.0,3.0,4.0,5.0,4.0,3.0,3.0,4.0,4.0,5.0,10.0,3.0,2.0,3.0,3.0,3.0,3.0,4.0,4.0,4.0,3.0,4.0,2.0,4.0,3.0,5.0,4.0,4.0,3.0,3.0,3.0,3.0
E0172,K,US,<1y,senior,onsite,1,3.0,3.0,3.0,8.0,3.0,4.0,3.0,3.0,4.0,5.0,4.0,3.0,5.0,3.0,3.0,4.0,3.0,2.0,4.0,4.0,3.0,2.0,2.0,4.0,4.0,2.0,4.0,8.0,4.0,2.0,5.0,1.0,2.0,3.0,4.0,3.0,4.0,3.0,5.0,4.0,4.0,5.0,4.0,3.0,3.0,5.0,4.0,3.0,3.0
E0173,R,UK,3-5y,mid,hybrid,1,3.0,5.0,4.0,10.0,5.0,3.0,4.0,4.0,3.0,4.0,5.0,5.0,4.0,3.0,2.0,4.0,3.0,2.0,5.0,3.0,2.0,3.0,3.0,3.0,5.0,2.0,3.0,6.0,4.0,2.0,5.0,3.0,3.0,3.0,4.0,4.0,4.0,4.0,4.0,3.0,4.0,5.0,3.0,4.0,4.0,4.0,5.0,3.0,3.0
E0174,H,US,1-3y,junior,hybrid,1,4.0,5.0,5.0,10.0,5.0,5.0,5.0,5.0,4.0,5.0,4.0,4.0,3.0,5.0,5.0,5.0,2.0,5.0,5.0,4.0,4.0,5.0,5.0,5.0,5.0,5.0,5.0,10.0,5.0,5.0,5.0,4.0,5.0,5.0,4.0,5.0,4.0,4.0,4.0,4.0,4.0,2.0,3.0,5.0,5.0,4.0,4.0,4.0,4.0
E0175,Q,Israel,>5y,senior,hybrid,1,5.0,3.0,4.0,9.0,4.0,4.0,3.0,5.0,4.0,4.0,4.0,5.0,5.0,4.0,4.0,5.0,4.0,3.0,4.0,4.0,4.0,4.0,5.0,4.0,4.0,3.0,5.0,5.0,5.0,4.0,5.0,3.0,3.0,3.0,2.0,3.0,3.0,4.0,3.0,5.0,4.0,4.0,5.0,4.0,4.0,3.0,4.0,4.0,5.0
E0176,J,Europe,>5y,mid,hybrid,1,4.0,4.0,2.0,5.0,4.0,5.0,4.0,4.0,3.0,2.0,3.0,4.0,3.0,3.0,4.0,4.0,3.0,3.0,4.0,4.0,3.0,5.0,3.0,4.0,3.0,2.0,4.0,6.0,3.0,3.0,5.0,2.0,1.0,2.0,5.0,4.0,5.0,4.0,5.0,4.0,3.0,3.0,3.0,5.0,4.0,5.0,4.0,3.0,5.0
E0177,L,UK,1-3y,senior,hybrid,1,4.0,4.0,3.0,4.0,3.0,4.0,4.0,3.0,5.0,4.0,1.0,3.0,3.0,3.0,3.0,2.0,2.0,3.0,3.0,3.0,3.0,4.0,3.0,3.0,3.0,3.0,4.0,6.0,4.0,3.0,3.0,3.0,2.0,2.0,5.0,4.0,4.0,2.0,2.0,3.0,2.0,2.0,2.0,5.0,4.0,3.0,3.0,1.0,2.0
E0178,R,Israel,>5y,mid,remote,1,2.0,3.0,3.0,5.0,2.0,2.0,2.0,3.0,3.0,3.0,3.0,4.0,3.0,3.0,1.0,3.0,2.0,2.0,2.0,4.0,1.0,3.0,3.0,3.0,5.0,2.0,2.0,7.0,4.0,2.0,3.0,2.0,2.0,2.0,4.0,3.0,4.0,4.0,3.0,4.0,4.0,4.0,3.0,2.0,3.0,4.0,4.0,4.0,2.0
E0179,H,US,1-3y,mid,remote,1,5.0,5.0,5.0,10.0,5.0,5.0,4.0,4.0,5.0,5.0,5.0,5.0,5.0,5.0,4.0,5.0,3.0,4.0,4.0,5.0,5.0,5.0,5.0,5.0,5.0,3.0,5.0,10.0,4.0,3.0,4.0,4.0,3.0,5.0,4.0,5.0,5.0,5.0,4.0,4.0,3.0,3.0,4.0,4.0,3.0,4.0,3.0,1.0,3.0
E0180,Other (24),Israel,>5y,junior,hybrid,1,4.0,4.0,3.0,8.0,4.0,5.0,3.0,5.0,3.0,3.0,2.0,3.0,2.0,3.0,3.0,4.0,2.0,4.0,4.0,4.0,5.0,4.0,3.0,3.0,4.0,3.0,4.0,4.0,3.0,2.0,5.0,4.0,4.0,3.0,5.0,4.0,5.0,5.0,5.0,5.0,4.0,4.0,4.0,5.0,4.0,4.0,4.0,5.0,4.0
E0181,L,US,3-5y,junior,remote,1,4.0,3.0,4.0,3.0,3.0,3.0,3.0,3.0,3.0,4.0,2.0,4.0,2.0,2.0,3.0,3.0,3.0,3.0,2.0,3.0,3.0,4.0,3.0,3.0,4.0,3.0,4.0,8.0,3.0,3.0,4.0,3.0,2.0,2.0,3.0,4.0,3.0,4.0,3.0,1.0,4.0,3.0,4.0,2.0,3.0,4.0,5.0,4.0,5.0
E0182,L,UK,>5y,senior,hybrid,1,4.0,3.0,4.0,2.0,3.0,4.0,3.0,3.0,3.0,3.0,3.0,2.0,2.0,3.0,3.0,3.0,3.0,4.0,2.0,4.0,3.0,4.0,4.0,3.0,4.0,3.0,4.0,9.0,2.0,2.0,3.0,3.0,4.0,3.0,4.0,3.0,4.0,3.0,5.0,4.0,4.0,3.0,3.0,5.0,4.0,4.0,3.0,5.0,4.0
E0183,A,Europe,3-5y,junior,hybrid,1,3.0,2.0,4.0,5.0,4.0,4.0,4.0,3.0,3.0,3.0,2.0,3.0,2.0,4.0,4.0,3.0,1.0,3.0,2.0,3.0,3.0,4.0,3.0,3.0,5.0,1.0,3.0,7.0,2.0,3.0,4.0,2.0,3.0,1.0,4.0,5.0,3.0,3.0,4.0,4.0,4.0,3.0,4.0,3.0,4.0,4.0,4.0,3.0,3.0
E0184,G,India,<1y,senior,hybrid,1,3.0,5.0,3.0,6.0,4.0,3.0,3.0,5.0,2.0,3.0,3.0,2.0,3.0,3.0,3.0,3.0,3.0,3.0,4.0,4.0,4.0,4.0,2.0,2.0,3.0,1.0,2.0,5.0,2.0,3.0,4.0,2.0,4.0,3.0,4.0,4.0,4.0,3.0,4.0,2.0,4.0,4.0,3.0,4.0,5.0,3.0,4.0,3.0,4.0
E0185,B,US,>5y,mid,hybrid,1,5.0,4.0,5.0,7.0,5.0,3.0,4.0,4.0,4.0,4.0,5.0,3.0,4.0,4.0,4.0,3.0,2.0,4.0,3.0,5.0,5.0,3.0,5.0,5.0,5.0,3.0,5.0,10.0,3.0,2.0,3.0,4.0,3.0,1.0,3.0,4.0,4.0,3.0,3.0,2.0,5.0,5.0,5.0,4.0,4.0,4.0,4.0,3.0,5.0
E0186,I,US,>5y,junior,onsite,1,4.0,4.0,5.0,8.0,5.0,4.0,3.0,5.0,4.0,5.0,4.0,4.0,4.0,3.0,2.0,4.0,4.0,3.0,3.0,4.0,4.0,4.0,4.0,4.0,5.0,2.0,5.0,7.0,4.0,4.0,4.0,2.0,4.0,4.0,4.0,4.0,3.0,4.0,3.0,4.0,5.0,3.0,5.0,3.0,2.0,4.0,3.0,4.0,4.0
E0187,N,UK,3-5y,mid,hybrid,1,5.0,3.0,5.0,8.0,4.0,4.0,4.0,3.0,3.0,4.0,3.0,3.0,4.0,3.0,4.0,3.0,4.0,4.0,3.0,5.0,4.0,4.0,4.0,5.0,3.0,5.0,4.0,5.0,4.0,4.0,4.0,4.0,4.0,5.0,4.0,4.0,4.0,4.0,5.0,3.0,4.0,3.0,3.0,5.0,5.0,5.0,4.0,3.0,4.0
E0188,N,Europe,1-3y,mid,hybrid,1,4.0,5.0,4.0,9.0,5.0,5.0,5.0,4.0,2.0,3.0,3.0,4.0,2.0,3.0,4.0,3.0,2.0,3.0,5.0,3.0,4.0,4.0,3.0,3.0,4.0,4.0,3.0,4.0,4.0,3.0,5.0,3.0,3.0,2.0,4.0,4.0,5.0,4.0,3.0,3.0,4.0,4.0,3.0,4.0,3.0,3.0,3.0,4.0,4.0
E0189,M,US,3-5y,mid,hybrid,1,4.0,5.0,4.0,8.0,3.0,5.0,4.0,4.0,3.0,3.0,3.0,4.0,3.0,3.0,4.0,4.0,3.0,3.0,4.0,4.0,4.0,3.0,5.0,4.0,3.0,5.0,4.0,7.0,4.0,3.0,5.0,3.0,2.0,4.0,4.0,4.0,5.0,3.0,3.0,3.0,5.0,5.0,5.0,4.0,4.0,4.0,4.0,3.0,3.0
E0190,R,Europe,1-3y,junior,remote,1,2.0,5.0,3.0,9.0,3.0,4.0,3.0,4.0,3.0,4.0,4.0,5.0,1.0,4.0,3.0,5.0,1.0,3.0,4.0,3.0,3.0,4.0,3.0,2.0,5.0,3.0,3.0,5.0,4.0,2.0,4.0,2.0,3.0,2.0,4.0,5.0,3.0,2.0,4.0,3.0,3.0,4.0,3.0,4.0,3.0,3.0,4.0,2.0,3.0
E0191,Q,US,<1y,senior,onsite,1,5.0,5.0,5.0,7.0,5.0,5.0,3.0,4.0,5.0,5.0,5.0,5.0,4.0,5.0,5.0,5.0,2.0,4.0,3.0,5.0,4.0,4.0,4.0,5.0,4.0,2.0,5.0,7.0,5.0,2.0,4.0,2.0,2.0,3.0,4.0,5.0,5.0,3.0,4.0,4.0,4.0,5.0,5.0,5.0,4.0,5.0,4.0,5.0,4.0
E0192,L,US,<1y,junior,hybrid,1,3.0,3.0,3.0,4.0,2.0,5.0,4.0,3.0,4.0,3.0,3.0,2.0,4.0,3.0,5.0,3.0,2.0,3.0,4.0,4.0,4.0,2.0,3.0,3.0,3.0,4.0,4.0,7.0,2.0,2.0,3.0,2.0,3.0,2.0,4.0,4.0,4.0,4.0,3.0,4.0,3.0,2.0,4.0,3.0,4.0,5.0,4.0,3.0,3.0
E0193,O,Israel,<1y,mid,remote,1,3.0,4.0,3.0,8.0,5.0,4.0,2.0,3.0,4.0,3.0,3.0,2.0,3.0,2.0,3.0,2.0,3.0,2.0,4.0,2.0,3.0,3.0,2.0,3.0,3.0,3.0,4.0,7.0,3.0,1.0,4.0,2.0,1.0,3.0,4.0,3.0,4.0,3.0,2.0,2.0,3.0,3.0,4.0,3.0,4.0,4.0,4.0,3.0,2.0
E0194,K,UK,3-5y,senior,hybrid,1,5.0,5.0,4.0,10.0,5.0,4.0,3.0,5.0,3.0,4.0,5.0,4.0,2.0,3.0,5.0,3.0,3.0,4.0,5.0,4.0,3.0,4.0,4.0,4.0,4.0,4.0,3.0,8.0,4.0,3.0,5.0,4.0,4.0,3.0,5.0,5.0,5.0,5.0,5.0,5.0,5.0,4.0,5.0,4.0,4.0,5.0,5.0,5.0,4.0
E0195,G,US,3-5y,mid,hybrid,1,4.0,4.0,3.0,10.0,5.0,4.0,4.0,3.0,2.0,4.0,3.0,3.0,3.0,3.0,4.0,4.0,3.0,3.0,3.0,5.0,5.0,4.0,4.0,3.0,5.0,3.0,4.0,9.0,4.0,3.0,4.0,4.0,3.0,4.0,3.0,5.0,3.0,3.0,4.0,4.0,4.0,4.0,3.0,5.0,5.0,2.0,4.0,3.0,2.0
E0196,D,US,<1y,junior,hybrid,1,4.0,2.0,5.0,5.0,4.0,3.0,3.0,2.0,3.0,3.0,4.0,5.0,5.0,4.0,3.0,5.0,3.0,3.0,2.0,4.0,4.0,5.0,4.0,4.0,5.0,4.0,5.0,6.0,4.0,4.0,3.0,3.0,2.0,5.0,1.0,4.0,3.0,2.0,3.0,4.0,5.0,5.0,4.0,4.0,3.0,4.0,3.0,3.0,3.0
E0197,I,US,3-5y,junior,hybrid,1,4.0,3.0,5.0,8.0,3.0,4.0,2.0,4.0,5.0,5.0,4.0,5.0,3.0,5.0,3.0,3.0,3.0,4.0,4.0,5.0,4.0,5.0,3.0,5.0,5.0,3.0,4.0,10.0,4.0,3.0,4.0,3.0,2.0,2.0,4.0,3.0,3.0,4.0,4.0,4.0,4.0,4.0,3.0,3.0,4.0,5.0,5.0,2.0,3.0
E0198,Other (24),India,1-3y,lead,onsite,1,3.0,3.0,3.0,5.0,2.0,4.0,3.0,2.0,2.0,3.0,1.0,3.0,3.0,2.0,4.0,3.0,2.0,4.0,2.0,3.0,3.0,2.0,2.0,3.0,3.0,1.0,4.0,8.0,2.0,2.0,3.0,3.0,2.0,1.0,4.0,3.0,3.0,4.0,3.0,3.0,4.0,3.0,3.0,3.0,3.0,5.0,5.0,4.0,4.0
E0199,D,US,1-3y,junior,hybrid,1,3.0,2.0,2.0,5.0,4.0,3.0,3.0,3.0,3.0,5.0,3.0,3.0,2.0,3.0,3.0,3.0,1.0,1.0,2.0,4.0,3.0,4.0,2.0,2.0,2.0,3.0,4.0,7.0,2.0,3.0,3.0,2.0,1.0,3.0,2.0,4.0,3.0,3.0,3.0,3.0,3.0,4.0,4.0,3.0,3.0,4.0,4.0,3.0,3.0
E0200,Other (24),Europe,>5y,senior,hybrid,1,3.0,4.0,4.0,8.0,4.0,3.0,2.0,4.0,2.0,5.0,3.0,4.0,3.0,4.0,3.0,4.0,3.0,4.0,4.0,3.0,3.0,5.0,3.0,3.0,4.0,1.0,3.0,5.0,4.0,2.0,4.0,2.0,2.0,1.0,5.0,4.0,4.0,4.0,5.0,3.0,4.0,3.0,3.0,1.0,2.0,4.0,4.0,4.0,3.0
E0201,G,UK,<1y,mid,remote,1,4.0,4.0,3.0,8.0,4.0,2.0,3.0,4.0,3.0,4.0,4.0,3.0,3.0,5.0,4.0,5.0,3.0,4.0,3.0,5.0,5.0,4.0,4.0,4.0,4.0,2.0,4.0,6.0,3.0,2.0,5.0,1.0,2.0,1.0,4.0,4.0,5.0,3.0,3.0,2.0,4.0,5.0,4.0,1.0,4.0,4.0,3.0,3.0,3.0
E0202,Q,US,1-3y,junior,hybrid,1,5.0,4.0,3.0,8.0,5.0,5.0,4.0,5.0,4.0,2.0,3.0,3.0,3.0,3.0,5.0,3.0,2.0,4.0,4.0,3.0,5.0,2.0,4.0,4.0,3.0,1.0,4.0,6.0,3.0,1.0,4.0,2.0,1.0,1.0,4.0,4.0,4.0,4.0,4.0,4.0,5.0,5.0,5.0,3.0,3.0,4.0,3.0,3.0,3.0
E0203,K,US,3-5y,senior,hybrid,1,3.0,2.0,4.0,5.0,2.0,3.0,4.0,3.0,4.0,3.0,3.0,3.0,3.0,2.0,4.0,2.0,1.0,3.0,1.0,4.0,3.0,3.0,4.0,3.0,4.0,1.0,3.0,2.0,4.0,2.0,3.0,2.0,1.0,2.0,4.0,4.0,3.0,4.0,4.0,4.0,4.0,3.0,5.0,4.0,3.0,4.0,3.0,2.0,3.0
E0204,Other (24),US,<1y,junior,remote,1,3.0,4.0,4.0,7.0,3.0,4.0,3.0,3.0,1.0,4.0,3.0,5.0,2.0,3.0,2.0,4.0,2.0,4.0,3.0,4.0,3.0,5.0,2.0,4.0,4.0,2.0,5.0,4.0,3.0,1.0,3.0,2.0,1.0,1.0,4.0,4.0,4.0,3.0,3.0,3.0,3.0,3.0,3.0,2.0,3.0,4.0,3.0,3.0,2.0
E0205,C,India,<1y,junior,remote,1,3.0,4.0,5.0,9.0,5.0,3.0,3.0,4.0,4.0,5.0,4.0,5.0,4.0,3.0,4.0,5.0,5.0,4.0,4.0,5.0,4.0,4.0,4.0,4.0,4.0,5.0,5.0,9.0,4.0,5.0,5.0,5.0,4.0,5.0,5.0,5.0,4.0,4.0,4.0,4.0,5.0,5.0,5.0,5.0,5.0,4.0,5.0,5.0,5.0
E0206,I,Israel,1-3y,lead,remote,1,5.0,4.0,5.0,7.0,4.0,5.0,5.0,3.0,4.0,4.0,4.0,4.0,5.0,5.0,4.0,4.0,4.0,5.0,4.0,4.0,4.0,5.0,4.0,3.0,5.0,4.0,4.0,9.0,3.0,4.0,4.0,1.0,4.0,3.0,5.0,5.0,4.0,4.0,3.0,4.0,5.0,4.0,5.0,5.0,4.0,5.0,4.0,3.0,3.0
E0207,Other (24),US,3-5y,junior,hybrid,1,3.0,4.0,4.0,6.0,3.0,3.0,3.0,3.0,2.0,4.0,3.0,4.0,2.0,3.0,2.0,4.0,2.0,4.0,2.0,4.0,2.0,4.0,3.0,4.0,4.0,1.0,4.0,7.0,3.0,2.0,3.0,2.0,1.0,2.0,4.0,3.0,4.0,3.0,4.0,4.0,4.0,4.0,4.0,3.0,3.0,3.0,3.0,4.0,3.0
E0208,B,UK,1-3y,junior,onsite,1,3.0,4.0,4.0,7.0,4.0,3.0,3.0,3.0,5.0,3.0,3.0,4.0,4.0,3.0,4.0,2.0,4.0,2.0,3.0,5.0,3.0,3.0,3.0,4.0,5.0,4.0,5.0,9.0,3.0,3.0,4.0,3.0,3.0,4.0,3.0,3.0,3.0,4.0,3.0,4.0,4.0,4.0,4.0,5.0,4.0,3.0,4.0,5.0,4.0
E0209,C,UK,3-5y,mid,hybrid,1,3.0,4.0,5.0,8.0,5.0,3.0,3.0,2.0,4.0,5.0,5.0,5.0,4.0,3.0,3.0,4.0,4.0,3.0,4.0,4.0,3.0,5.0,4.0,4.0,3.0,3.0,4.0,10.0,4.0,4.0,5.0,3.0,3.0,3.0,4.0,4.0,4.0,5.0,4.0,5.0,4.0,5.0,5.0,4.0,4.0,4.0,5.0,3.0,3.0
E0210,H,UK,1-3y,mid,remote,1,5.0,5.0,5.0,10.0,5.0,5.0,4.0,5.0,5.0,4.0,5.0,4.0,4.0,3.0,3.0,3.0,3.0,5.0,5.0,4.0,4.0,5.0,4.0,5.0,4.0,4.0,4.0,9.0,4.0,4.0,4.0,3.0,2.0,4.0,4.0,3.0,4.0,4.0,4.0,4.0,4.0,3.0,4.0,2.0,3.0,4.0,4.0,4.0,5.0
E0211,C,India,<1y,mid,onsite,1,3.0,3.0,5.0,8.0,3.0,4.0,4.0,4.0,4.0,3.0,4.0,4.0,4.0,4.0,4.0,4.0,4.0,4.0,4.0,4.0,4.0,3.0,4.0,4.0,4.0,5.0,3.0,9.0,4.0,4.0,5.0,4.0,3.0,4.0,5.0,4.0,5.0,3.0,3.0,4.0,5.0,4.0,4.0,4.0,5.0,5.0,5.0,4.0,2.0
E0212,Q,UK,1-3y,senior,remote,1,4.0,4.0,4.0,7.0,5.0,5.0,5.0,5.0,2.0,3.0,4.0,5.0,3.0,4.0,5.0,4.0,4.0,4.0,4.0,3.0,4.0,3.0,4.0,4.0,3.0,3.0,4.0,7.0,4.0,2.0,5.0,3.0,4.0,4.0,4.0,4.0,5.0,3.0,4.0,2.0,4.0,5.0,4.0,4.0,5.0,3.0,4.0,3.0,4.0
E0213,J,India,1-3y,junior,hybrid,1,3.0,5.0,3.0,7.0,4.0,4.0,3.0,4.0,3.0,3.0,2.0,4.0,3.0,3.0,3.0,4.0,2.0,2.0,4.0,5.0,4.0,4.0,3.0,4.0,3.0,3.0,4.0,6.0,3.0,2.0,5.0,3.0,2.0,3.0,3.0,3.0,4.0,4.0,3.0,4.0,4.0,5.0,5.0,3.0,5.0,4.0,5.0,4.0,5.0
E0214,G,India,>5y,junior,hybrid,1,4.0,5.0,2.0,9.0,3.0,4.0,3.0,3.0,2.0,4.0,3.0,3.0,2.0,2.0,4.0,4.0,3.0,4.0,4.0,3.0,3.0,5.0,3.0,3.0,5.0,4.0,4.0,5.0,3.0,3.0,4.0,3.0,4.0,3.0,4.0,3.0,3.0,4.0,3.0,4.0,3.0,3.0,4.0,4.0,4.0,4.0,4.0,4.0,3.0
E0215,A,India,1-3y,mid,remote,1,4.0,4.0,3.0,9.0,5.0,3.0,3.0,4.0,4.0,5.0,5.0,4.0,4.0,4.0,4.0,4.0,1.0,4.0,4.0,5.0,5.0,4.0,5.0,5.0,4.0,2.0,5.0,8.0,3.0,4.0,5.0,2.0,3.0,3.0,5.0,5.0,5.0,4.0,4.0,5.0,4.0,2.0,4.0,3.0,3.0,4.0,3.0,4.0,4.0
E0216,C,India,<1y,mid,hybrid,1,4.0,3.0,3.0,7.0,5.0,3.0,5.0,3.0,3.0,4.0,3.0,4.0,2.0,2.0,4.0,3.0,3.0,4.0,4.0,3.0,4.0,3.0,3.0,3.0,5.0,3.0,4.0,5.0,3.0,2.0,5.0,3.0,4.0,3.0,4.0,4.0,4.0,3.0,3.0,3.0,2.0,2.0,3.0,3.0,3.0,3.0,3.0,4.0,4.0
E0217,I,UK,1-3y,mid,remote,1,2.0,4.0,5.0,7.0,4.0,4.0,3.0,5.0,3.0,5.0,4.0,5.0,2.0,5.0,1.0,4.0,4.0,4.0,4.0,5.0,4.0,5.0,5.0,5.0,5.0,5.0,5.0,5.0,3.0,4.0,4.0,4.0,4.0,4.0,4.0,4.0,3.0,4.0,3.0,4.0,4.0,3.0,3.0,5.0,5.0,4.0,4.0,4.0,4.0
E0218,B,US,3-5y,junior,remote,1,5.0,4.0,5.0,7.0,3.0,4.0,4.0,4.0,4.0,5.0,4.0,5.0,4.0,5.0,4.0,5.0,5.0,3.0,4.0,5.0,4.0,5.0,4.0,5.0,5.0,4.0,5.0,10.0,4.0,4.0,4.0,3.0,4.0,3.0,4.0,3.0,4.0,4.0,4.0,4.0,3.0,5.0,4.0,5.0,4.0,5.0,5.0,4.0,5.0
E0219,Other (24),UK,<1y,lead,hybrid,1,4.0,3.0,2.0,4.0,3.0,4.0,3.0,3.0,3.0,2.0,1.0,2.0,4.0,1.0,3.0,1.0,2.0,4.0,2.0,3.0,3.0,1.0,2.0,2.0,2.0,2.0,1.0,8.0,2.0,3.0,3.0,3.0,4.0,2.0,4.0,3.0,4.0,2.0,3.0,3.0,3.0,4.0,4.0,3.0,3.0,5.0,5.0,2.0,3.0
E0220,L,UK,3-5y,mid,hybrid,1,2.0,4.0,3.0,6.0,3.0,5.0,3.0,4.0,3.0,4.0,3.0,4.0,2.0,3.0,3.0,3.0,1.0,3.0,4.0,4.0,2.0,4.0,4.0,5.0,4.0,3.0,4.0,6.0,3.0,3.0,4.0,4.0,3.0,2.0,4.0,4.0,5.0,3.0,4.0,3.0,5.0,4.0,5.0,4.0,4.0,4.0,4.0,3.0,3.0
E0221,M,US,1-3y,lead,hybrid,1,5.0,4.0,5.0,8.0,4.0,5.0,5.0,3.0,2.0,5.0,4.0,5.0,3.0,5.0,5.0,5.0,2.0,5.0,3.0,5.0,4.0,4.0,5.0,5.0,5.0,4.0,5.0,6.0,4.0,3.0,5.0,4.0,4.0,3.0,4.0,5.0,5.0,2.0,3.0,4.0,3.0,4.0,4.0,4.0,4.0,5.0,4.0,5.0,5.0
E0222,Q,UK,<1y,mid,hybrid,1,4.0,4.0,4.0,10.0,5.0,3.0,3.0,5.0,4.0,3.0,3.0,5.0,4.0,3.0,3.0,5.0,3.0,2.0,2.0,5.0,4.0,3.0,5.0,5.0,5.0,1.0,5.0,5.0,5.0,2.0,5.0,1.0,2.0,2.0,3.0,4.0,5.0,4.0,4.0,4.0,5.0,4.0,5.0,2.0,2.0,5.0,5.0,4.0,3.0
E0223,O,US,>5y,senior,onsite,1,3.0,4.0,3.0,2.0,3.0,3.0,4.0,1.0,3.0,3.0,2.0,3.0,4.0,3.0,3.0,3.0,4.0,3.0,1.0,3.0,3.0,3.0,2.0,4.0,4.0,3.0,4.0,6.0,3.0,4.0,3.0,4.0,3.0,3.0,4.0,4.0,3.0,3.0,2.0,3.0,4.0,3.0,2.0,4.0,3.0,3.0,3.0,3.0,2.0
E0224,P,Europe,1-3y,junior,hybrid,1,3.0,5.0,3.0,6.0,4.0,3.0,3.0,4.0,3.0,4.0,4.0,5.0,4.0,4.0,4.0,4.0,3.0,3.0,4.0,3.0,3.0,4.0,2.0,5.0,5.0,4.0,4.0,8.0,5.0,3.0,4.0,3.0,3.0,3.0,3.0,3.0,2.0,5.0,4.0,3.0,2.0,3.0,4.0,4.0,3.0,3.0,1.0,3.0,3.0
E0225,J,US,1-3y,senior,onsite,1,3.0,4.0,2.0,5.0,4.0,3.0,3.0,4.0,1.0,2.0,3.0,3.0,2.0,2.0,3.0,3.0,3.0,4.0,3.0,4.0,3.0,4.0,3.0,3.0,2.0,2.0,4.0,3.0,2.0,3.0,4.0,4.0,2.0,4.0,3.0,2.0,4.0,3.0,3.0,5.0,4.0,3.0,5.0,4.0,4.0,4.0,4.0,5.0,4.0
E0226,E,Europe,1-3y,lead,hybrid,1,3.0,3.0,4.0,6.0,2.0,4.0,4.0,3.0,4.0,2.0,2.0,3.0,4.0,1.0,3.0,2.0,2.0,4.0,3.0,3.0,4.0,3.0,3.0,2.0,3.0,4.0,2.0,9.0,2.0,3.0,4.0,3.0,3.0,3.0,3.0,3.0,5.0,4.0,5.0,4.0,2.0,2.0,2.0,4.0,4.0,3.0,4.0,4.0,2.0
E0227,O,Israel,>5y,mid,onsite,1,3.0,5.0,4.0,7.0,4.0,5.0,4.0,3.0,3.0,4.0,3.0,4.0,3.0,3.0,4.0,3.0,3.0,2.0,4.0,5.0,3.0,3.0,4.0,4.0,5.0,2.0,3.0,9.0,4.0,3.0,4.0,2.0,3.0,2.0,4.0,5.0,4.0,4.0,5.0,5.0,5.0,3.0,4.0,2.0,3.0,3.0,3.0,2.0,4.0
E0228,M,India,1-3y,junior,hybrid,1,4.0,3.0,4.0,7.0,3.0,4.0,4.0,4.0,3.0,5.0,4.0,4.0,3.0,3.0,5.0,3.0,4.0,5.0,4.0,4.0,4.0,3.0,3.0,4.0,4.0,4.0,3.0,8.0,3.0,4.0,3.0,3.0,3.0,3.0,3.0,4.0,4.0,3.0,3.0,4.0,4.0,4.0,5.0,5.0,2.0,3.0,3.0,4.0,4.0
E0229,G,Europe,1-3y,junior,hybrid,1,5.0,4.0,4.0,9.0,5.0,4.0,5.0,4.0,2.0,4.0,5.0,4.0,3.0,4.0,4.0,4.0,2.0,5.0,3.0,5.0,4.0,4.0,3.0,2.0,5.0,2.0,3.0,8.0,3.0,2.0,3.0,3.0,2.0,2.0,5.0,5.0,5.0,4.0,5.0,4.0,4.0,5.0,4.0,4.0,4.0,4.0,3.0,4.0,4.0
E0230,F,Europe,<1y,junior,hybrid,1,3.0,5.0,3.0,9.0,5.0,3.0,3.0,5.0,4.0,4.0,4.0,3.0,3.0,5.0,3.0,4.0,4.0,2.0,3.0,4.0,3.0,4.0,5.0,5.0,5.0,4.0,5.0,10.0,5.0,4.0,5.0,3.0,4.0,5.0,4.0,3.0,4.0,3.0,3.0,4.0,5.0,5.0,5.0,4.0,5.0,4.0,5.0,5.0,5.0
E0231,L,Europe,>5y,lead,hybrid,1,3.0,4.0,5.0,4.0,4.0,4.0,4.0,3.0,4.0,2.0,3.0,4.0,4.0,4.0,5.0,4.0,2.0,5.0,3.0,4.0,3.0,4.0,5.0,4.0,4.0,3.0,3.0,10.0,4.0,4.0,4.0,3.0,3.0,3.0,4.0,5.0,5.0,4.0,3.0,3.0,4.0,3.0,4.0,5.0,4.0,5.0,4.0,4.0,4.0
E0232,K,India,3-5y,mid,hybrid,1,2.0,3.0,3.0,9.0,5.0,3.0,4.0,5.0,4.0,5.0,4.0,4.0,4.0,4.0,5.0,4.0,3.0,2.0,4.0,4.0,3.0,3.0,3.0,4.0,4.0,3.0,3.0,4.0,4.0,3.0,4.0,3.0,1.0,5.0,4.0,5.0,5.0,4.0,4.0,4.0,5.0,5.0,4.0,4.0,4.0,4.0,3.0,4.0,4.0
E0233,Other (24),US,1-3y,mid,remote,1,3.0,3.0,3.0,7.0,3.0,3.0,2.0,4.0,2.0,3.0,2.0,4.0,3.0,2.0,2.0,3.0,2.0,2.0,2.0,3.0,2.0,3.0,3.0,2.0,3.0,2.0,3.0,5.0,4.0,2.0,3.0,2.0,3.0,2.0,3.0,4.0,2.0,5.0,3.0,4.0,4.0,3.0,3.0,2.0,4.0,2.0,3.0,4.0,3.0
E0234,F,Europe,1-3y,mid,onsite,1,4.0,5.0,5.0,6.0,4.0,4.0,5.0,4.0,2.0,3.0,3.0,4.0,2.0,4.0,5.0,5.0,4.0,4.0,4.0,4.0,3.0,5.0,4.0,5.0,5.0,3.0,5.0,7.0,4.0,3.0,3.0,2.0,4.0,4.0,5.0,4.0,4.0,5.0,5.0,5.0,3.0,3.0,4.0,5.0,5.0,4.0,4.0,4.0,3.0
E0235,B,UK,1-3y,junior,remote,1,4.0,4.0,2.0,9.0,4.0,4.0,4.0,5.0,5.0,4.0,4.0,4.0,5.0,3.0,4.0,4.0,3.0,4.0,5.0,4.0,4.0,3.0,3.0,4.0,5.0,2.0,5.0,10.0,3.0,4.0,4.0,4.0,3.0,4.0,4.0,4.0,4.0,4.0,5.0,4.0,3.0,3.0,3.0,5.0,4.0,4.0,3.0,4.0,4.0
E0236,Other (24),Israel,3-5y,lead,remote,1,3.0,5.0,4.0,7.0,4.0,2.0,2.0,4.0,2.0,5.0,4.0,5.0,2.0,4.0,3.0,3.0,2.0,3.0,4.0,5.0,3.0,4.0,4.0,5.0,4.0,1.0,5.0,3.0,5.0,2.0,4.0,3.0,2.0,2.0,4.0,4.0,5.0,3.0,5.0,2.0,4.0,4.0,3.0,4.0,3.0,5.0,4.0,5.0,3.0
E0237,Other (24),India,3-5y,mid,hybrid,1,4.0,2.0,3.0,7.0,5.0,5.0,5.0,2.0,3.0,4.0,1.0,5.0,4.0,1.0,5.0,2.0,2.0,3.0,3.0,3.0,5.0,3.0,3.0,3.0,3.0,2.0,3.0,7.0,2.0,2.0,3.0,3.0,2.0,1.0,4.0,4.0,4.0,2.0,2.0,3.0,5.0,5.0,4.0,4.0,3.0,3.0,3.0,3.0,4.0
E0238,H,US,<1y,junior,hybrid,1,5.0,5.0,5.0,10.0,5.0,5.0,4.0,5.0,5.0,5.0,4.0,5.0,5.0,4.0,4.0,5.0,5.0,5.0,5.0,4.0,5.0,5.0,4.0,5.0,5.0,5.0,5.0,9.0,5.0,5.0,5.0,4.0,4.0,5.0,5.0,4.0,4.0,4.0,4.0,5.0,4.0,4.0,5.0,4.0,5.0,4.0,5.0,5.0,4.0
E0239,F,US,>5y,senior,hybrid,1,4.0,5.0,4.0,7.0,4.0,3.0,4.0,3.0,5.0,4.0,4.0,5.0,4.0,5.0,4.0,4.0,4.0,3.0,4.0,3.0,4.0,4.0,4.0,4.0,3.0,3.0,4.0,8.0,4.0,2.0,5.0,4.0,4.0,4.0,5.0,4.0,4.0,4.0,3.0,4.0,3.0,2.0,4.0,4.0,4.0,4.0,3.0,4.0,3.0
E0240,F,US,1-3y,mid,remote,1,3.0,2.0,3.0,5.0,4.0,5.0,3.0,2.0,3.0,4.0,3.0,3.0,3.0,3.0,4.0,4.0,3.0,1.0,2.0,3.0,3.0,4.0,4.0,4.0,4.0,2.0,4.0,9.0,4.0,2.0,3.0,3.0,2.0,2.0,4.0,3.0,4.0,4.0,4.0,4.0,4.0,4.0,4.0,3.0,5.0,4.0,5.0,5.0,4.0
E0241,O,UK,1-3y,lead,hybrid,1,3.0,4.0,4.0,5.0,4.0,4.0,3.0,5.0,3.0,3.0,2.0,4.0,3.0,2.0,3.0,3.0,2.0,3.0,4.0,5.0,4.0,4.0,4.0,3.0,4.0,3.0,4.0,7.0,3.0,3.0,4.0,3.0,3.0,3.0,4.0,3.0,3.0,3.0,3.0,3.0,3.0,4.0,4.0,3.0,4.0,3.0,3.0,3.0,3.0
E0242,Other (24),US,3-5y,senior,onsite,1,4.0,4.0,3.0,5.0,5.0,3.0,4.0,3.0,2.0,4.0,4.0,3.0,2.0,2.0,2.0,3.0,2.0,4.0,3.0,3.0,3.0,2.0,1.0,3.0,3.0,1.0,3.0,6.0,3.0,2.0,4.0,3.0,3.0,2.0,3.0,3.0,3.0,5.0,5.0,5.0,5.0,4.0,4.0,2.0,4.0,5.0,3.0,3.0,3.0
E0243,Other (24),UK,3-5y,junior,hybrid,1,4.0,4.0,5.0,7.0,4.0,3.0,4.0,4.0,5.0,5.0,4.0,5.0,4.0,4.0,3.0,5.0,3.0,4.0,3.0,5.0,5.0,4.0,4.0,5.0,4.0,2.0,4.0,8.0,4.0,3.0,4.0,4.0,3.0,3.0,5.0,4.0,4.0,4.0,4.0,5.0,4.0,3.0,2.0,4.0,3.0,4.0,5.0,5.0,5.0
E0244,Other (24),US,1-3y,senior,onsite,1,3.0,4.0,3.0,5.0,5.0,5.0,3.0,5.0,2.0,5.0,3.0,4.0,3.0,2.0,3.0,4.0,2.0,4.0,4.0,5.0,3.0,4.0,3.0,4.0,4.0,2.0,3.0,8.0,3.0,2.0,4.0,1.0,2.0,1.0,4.0,5.0,5.0,4.0,4.0,4.0,3.0,4.0,2.0,3.0,2.0,5.0,5.0,4.0,4.0
E0245,N,US,3-5y,senior,hybrid,1,4.0,4.0,4.0,9.0,4.0,4.0,3.0,4.0,2.0,5.0,3.0,5.0,3.0,4.0,5.0,2.0,4.0,5.0,3.0,4.0,4.0,5.0,3.0,5.0,3.0,3.0,5.0,6.0,5.0,4.0,4.0,3.0,4.0,3.0,4.0,5.0,4.0,3.0,3.0,3.0,4.0,4.0,4.0,4.0,3.0,2.0,2.0,4.0,4.0
E0246,B,India,<1y,lead,remote,1,5.0,3.0,4.0,7.0,4.0,3.0,4.0,4.0,2.0,3.0,1.0,4.0,3.0,3.0,3.0,3.0,3.0,3.0,2.0,3.0,4.0,2.0,2.0,4.0,4.0,2.0,4.0,8.0,3.0,2.0,5.0,2.0,2.0,3.0,4.0,4.0,4.0,4.0,3.0,4.0,3.0,2.0,2.0,3.0,3.0,4.0,4.0,3.0,4.0
E0247,B,Israel,3-5y,junior,hybrid,1,4.0,3.0,4.0,7.0,3.0,3.0,3.0,4.0,4.0,5.0,4.0,4.0,4.0,4.0,4.0,4.0,2.0,4.0,2.0,5.0,3.0,4.0,3.0,4.0,5.0,3.0,4.0,6.0,4.0,3.0,5.0,4.0,4.0,3.0,3.0,3.0,3.0,4.0,5.0,5.0,4.0,3.0,4.0,4.0,2.0,3.0,4.0,5.0,3.0
E0248,O,UK,>5y,mid,onsite,1,3.0,5.0,4.0,8.0,5.0,3.0,3.0,4.0,4.0,4.0,3.0,5.0,4.0,4.0,4.0,4.0,3.0,4.0,4.0,5.0,4.0,5.0,5.0,4.0,4.0,5.0,5.0,10.0,3.0,3.0,4.0,5.0,3.0,4.0,4.0,4.0,4.0,4.0,4.0,4.0,5.0,4.0,5.0,4.0,5.0,4.0,4.0,4.0,4.0
E0249,Other (24),India,<1y,mid,remote,1,3.0,3.0,4.0,5.0,2.0,4.0,2.0,2.0,1.0,4.0,4.0,4.0,3.0,3.0,2.0,3.0,1.0,4.0,2.0,5.0,2.0,3.0,3.0,4.0,4.0,1.0,5.0,4.0,4.0,1.0,3.0,2.0,1.0,1.0,4.0,3.0,5.0,3.0,2.0,3.0,3.0,2.0,2.0,2.0,2.0,2.0,3.0,3.0,4.0
E0250,E,UK,>5y,lead,onsite,1,4.0,4.0,5.0,9.0,5.0,5.0,3.0,5.0,2.0,4.0,3.0,5.0,3.0,3.0,4.0,4.0,3.0,4.0,4.0,5.0,5.0,5.0,4.0,4.0,4.0,3.0,5.0,8.0,4.0,3.0,5.0,3.0,3.0,3.0,4.0,5.0,5.0,3.0,3.0,4.0,4.0,5.0,5.0,5.0,4.0,5.0,4.0,4.0,5.0
E0251,M,Europe,<1y,junior,remote,1,4.0,4.0,3.0,6.0,5.0,4.0,4.0,3.0,3.0,4.0,3.0,3.0,3.0,4.0,5.0,4.0,1.0,4.0,3.0,5.0,5.0,3.0,4.0,5.0,4.0,5.0,3.0,6.0,1.0,2.0,3.0,2.0,3.0,3.0,4.0,4.0,5.0,4.0,3.0,3.0,4.0,3.0,2.0,3.0,4.0,5.0,3.0,4.0,2.0
E0252,H,Israel,1-3y,mid,hybrid,1,5.0,5.0,5.0,10.0,3.0,5.0,4.0,5.0,4.0,3.0,4.0,3.0,3.0,3.0,4.0,4.0,3.0,4.0,3.0,4.0,4.0,5.0,4.0,5.0,5.0,5.0,5.0,5.0,4.0,4.0,5.0,5.0,4.0,4.0,4.0,4.0,4.0,5.0,3.0,3.0,4.0,4.0,4.0,4.0,4.0,4.0,4.0,4.0,4.0
E0253,A,UK,1-3y,mid,hybrid,1,4.0,4.0,4.0,9.0,5.0,4.0,4.0,3.0,3.0,4.0,3.0,4.0,2.0,3.0,5.0,4.0,3.0,5.0,5.0,4.0,4.0,4.0,3.0,4.0,2.0,2.0,2.0,6.0,3.0,4.0,4.0,4.0,4.0,3.0,3.0,3.0,4.0,3.0,3.0,3.0,4.0,4.0,4.0,5.0,3.0,3.0,4.0,3.0,3.0
E0254,Other (24),India,>5y,mid,hybrid,1,4.0,4.0,4.0,6.0,4.0,4.0,5.0,4.0,2.0,4.0,3.0,5.0,2.0,3.0,3.0,4.0,3.0,5.0,3.0,4.0,3.0,4.0,3.0,4.0,5.0,2.0,4.0,6.0,5.0,3.0,3.0,3.0,4.0,3.0,4.0,4.0,4.0,3.0,2.0,4.0,5.0,5.0,5.0,4.0,5.0,4.0,5.0,3.0,2.0
E0255,C,Europe,1-3y,mid,remote,1,4.0,3.0,4.0,9.0,5.0,4.0,4.0,3.0,3.0,3.0,2.0,3.0,4.0,4.0,5.0,4.0,2.0,5.0,2.0,3.0,3.0,2.0,3.0,4.0,5.0,3.0,2.0,6.0,4.0,3.0,5.0,3.0,2.0,3.0,4.0,4.0,4.0,5.0,5.0,5.0,4.0,4.0,4.0,3.0,4.0,4.0,3.0,3.0,3.0
E0256,K,UK,3-5y,mid,hybrid,1,3.0,4.0,4.0,7.0,4.0,4.0,3.0,4.0,4.0,3.0,3.0,3.0,4.0,4.0,4.0,4.0,4.0,3.0,3.0,4.0,4.0,3.0,4.0,3.0,5.0,3.0,3.0,5.0,4.0,3.0,5.0,2.0,4.0,4.0,5.0,4.0,3.0,5.0,4.0,4.0,5.0,5.0,4.0,5.0,4.0,4.0,3.0,3.0,4.0
E0257,B,India,>5y,junior,onsite,1,4.0,2.0,5.0,7.0,3.0,4.0,4.0,5.0,4.0,5.0,5.0,5.0,4.0,3.0,4.0,3.0,3.0,3.0,3.0,4.0,3.0,3.0,3.0,4.0,4.0,2.0,3.0,10.0,2.0,3.0,5.0,3.0,2.0,2.0,5.0,5.0,4.0,5.0,5.0,4.0,5.0,4.0,4.0,3.0,3.0,4.0,5.0,4.0,4.0
E0258,Other (24),Israel,<1y,mid,hybrid,1,3.0,2.0,3.0,6.0,2.0,3.0,3.0,1.0,3.0,4.0,3.0,3.0,2.0,2.0,3.0,4.0,2.0,3.0,2.0,4.0,3.0,3.0,3.0,3.0,3.0,3.0,4.0,6.0,4.0,3.0,3.0,5.0,3.0,3.0,3.0,3.0,3.0,2.0,2.0,2.0,3.0,4.0,4.0,3.0,4.0,4.0,3.0,4.0,3.0
E0259,E,Europe,1-3y,junior,onsite,1,4.0,5.0,5.0,8.0,5.0,4.0,4.0,5.0,2.0,4.0,3.0,4.0,4.0,3.0,4.0,4.0,4.0,5.0,4.0,4.0,4.0,3.0,3.0,3.0,4.0,4.0,3.0,9.0,3.0,4.0,5.0,5.0,3.0,4.0,4.0,4.0,4.0,1.0,2.0,3.0,5.0,3.0,4.0,4.0,4.0,4.0,5.0,5.0,5.0
E0260,J,India,<1y,senior,hybrid,1,3.0,3.0,3.0,5.0,4.0,3.0,3.0,4.0,2.0,4.0,2.0,3.0,2.0,2.0,2.0,2.0,2.0,2.0,3.0,4.0,3.0,3.0,3.0,4.0,3.0,3.0,3.0,5.0,1.0,2.0,4.0,3.0,1.0,3.0,3.0,3.0,4.0,5.0,3.0,3.0,3.0,3.0,3.0,2.0,3.0,5.0,4.0,4.0,4.0
E0261,Q,Europe,<1y,junior,onsite,1,4.0,5.0,5.0,9.0,5.0,4.0,5.0,5.0,5.0,4.0,5.0,5.0,4.0,5.0,5.0,4.0,3.0,5.0,3.0,4.0,5.0,3.0,5.0,5.0,4.0,3.0,4.0,9.0,4.0,3.0,5.0,3.0,3.0,4.0,5.0,5.0,5.0,3.0,4.0,4.0,4.0,4.0,4.0,5.0,5.0,4.0,3.0,4.0,3.0
E0262,Q,Israel,<1y,mid,hybrid,1,5.0,2.0,2.0,6.0,3.0,5.0,3.0,2.0,4.0,3.0,3.0,3.0,3.0,3.0,5.0,2.0,3.0,5.0,2.0,2.0,4.0,2.0,3.0,3.0,3.0,3.0,3.0,7.0,2.0,2.0,4.0,2.0,3.0,2.0,3.0,3.0,3.0,4.0,3.0,4.0,5.0,5.0,4.0,4.0,2.0,3.0,4.0,3.0,3.0
E0263,D,US,1-3y,junior,remote,1,5.0,5.0,5.0,7.0,5.0,5.0,5.0,3.0,5.0,5.0,5.0,5.0,5.0,5.0,5.0,5.0,2.0,4.0,3.0,4.0,4.0,5.0,5.0,5.0,5.0,5.0,5.0,10.0,5.0,4.0,5.0,3.0,3.0,5.0,5.0,5.0,5.0,5.0,4.0,5.0,5.0,4.0,5.0,4.0,5.0,4.0,4.0,4.0,4.0
E0264,D,India,>5y,mid,remote,1,4.0,4.0,3.0,3.0,4.0,5.0,3.0,5.0,4.0,4.0,3.0,3.0,3.0,4.0,5.0,4.0,3.0,3.0,4.0,4.0,3.0,4.0,3.0,3.0,4.0,5.0,3.0,8.0,3.0,2.0,3.0,2.0,2.0,4.0,4.0,3.0,4.0,3.0,4.0,3.0,3.0,3.0,5.0,3.0,3.0,4.0,3.0,4.0,4.0
E0265,Q,US,>5y,junior,hybrid,1,3.0,4.0,3.0,7.0,5.0,3.0,4.0,4.0,4.0,3.0,2.0,4.0,4.0,3.0,2.0,4.0,1.0,4.0,3.0,3.0,3.0,3.0,2.0,4.0,4.0,2.0,4.0,8.0,4.0,2.0,3.0,2.0,2.0,1.0,3.0,3.0,3.0,3.0,3.0,4.0,4.0,4.0,4.0,2.0,1.0,4.0,4.0,4.0,4.0
E0266,L,Europe,<1y,mid,hybrid,1,3.0,4.0,5.0,5.0,4.0,4.0,3.0,4.0,3.0,3.0,2.0,2.0,2.0,3.0,4.0,3.0,2.0,2.0,4.0,4.0,2.0,3.0,2.0,4.0,4.0,2.0,3.0,8.0,1.0,2.0,3.0,3.0,2.0,3.0,4.0,4.0,4.0,4.0,4.0,3.0,3.0,3.0,4.0,5.0,4.0,5.0,5.0,4.0,3.0
E0267,L,UK,1-3y,junior,hybrid,1,3.0,4.0,4.0,5.0,3.0,4.0,3.0,3.0,4.0,5.0,2.0,3.0,5.0,4.0,4.0,3.0,1.0,3.0,2.0,4.0,4.0,3.0,4.0,4.0,3.0,1.0,3.0,5.0,2.0,1.0,4.0,1.0,2.0,2.0,4.0,2.0,3.0,4.0,3.0,3.0,3.0,2.0,4.0,4.0,4.0,2.0,5.0,2.0,2.0
E0268,G,Europe,>5y,mid,hybrid,1,3.0,3.0,3.0,5.0,2.0,4.0,3.0,4.0,3.0,3.0,4.0,4.0,3.0,3.0,3.0,4.0,3.0,3.0,2.0,4.0,3.0,3.0,2.0,4.0,4.0,1.0,3.0,9.0,3.0,2.0,2.0,1.0,2.0,1.0,4.0,5.0,5.0,5.0,5.0,4.0,3.0,3.0,4.0,3.0,2.0,2.0,3.0,4.0,2.0
E0269,R,India,1-3y,junior,remote,1,2.0,5.0,4.0,10.0,4.0,2.0,3.0,3.0,5.0,4.0,3.0,3.0,4.0,3.0,2.0,4.0,3.0,2.0,3.0,5.0,3.0,5.0,4.0,3.0,5.0,4.0,4.0,7.0,4.0,5.0,4.0,3.0,4.0,4.0,4.0,3.0,3.0,4.0,5.0,3.0,4.0,5.0,5.0,5.0,4.0,4.0,4.0,3.0,3.0
E0270,Other (24),US,3-5y,mid,hybrid,1,4.0,5.0,3.0,10.0,5.0,3.0,3.0,3.0,3.0,4.0,4.0,4.0,3.0,3.0,3.0,4.0,3.0,3.0,3.0,4.0,3.0,4.0,4.0,3.0,4.0,2.0,4.0,7.0,4.0,2.0,4.0,3.0,3.0,3.0,5.0,4.0,4.0,4.0,4.0,4.0,3.0,3.0,4.0,4.0,4.0,3.0,2.0,3.0,2.0
E0271,I,Europe,1-3y,senior,hybrid,1,3.0,3.0,5.0,9.0,3.0,4.0,4.0,5.0,5.0,3.0,4.0,3.0,4.0,4.0,4.0,3.0,4.0,4.0,3.0,3.0,5.0,4.0,3.0,4.0,5.0,2.0,3.0,9.0,2.0,3.0,4.0,4.0,3.0,4.0,3.0,2.0,4.0,4.0,4.0,2.0,4.0,4.0,4.0,5.0,4.0,4.0,4.0,3.0,3.0
E0272,L,Europe,3-5y,junior,remote,1,4.0,3.0,5.0,5.0,2.0,4.0,3.0,2.0,3.0,2.0,1.0,3.0,4.0,3.0,3.0,2.0,3.0,3.0,2.0,3.0,3.0,2.0,2.0,4.0,3.0,2.0,3.0,6.0,1.0,3.0,2.0,2.0,2.0,1.0,5.0,4.0,3.0,3.0,4.0,3.0,4.0,4.0,4.0,3.0,4.0,3.0,2.0,3.0,3.0
E0273,N,UK,<1y,mid,remote,1,3.0,4.0,5.0,7.0,5.0,5.0,3.0,4.0,2.0,3.0,4.0,5.0,3.0,4.0,4.0,3.0,4.0,4.0,4.0,4.0,4.0,4.0,4.0,4.0,3.0,3.0,3.0,8.0,5.0,4.0,5.0,3.0,4.0,5.0,4.0,4.0,4.0,3.0,2.0,4.0,4.0,4.0,3.0,3.0,4.0,4.0,5.0,4.0,3.0
E0274,C,India,>5y,mid,onsite,1,3.0,2.0,4.0,7.0,4.0,3.0,3.0,3.0,4.0,4.0,3.0,4.0,3.0,3.0,5.0,3.0,2.0,3.0,3.0,5.0,3.0,2.0,4.0,4.0,4.0,3.0,3.0,8.0,3.0,1.0,4.0,1.0,2.0,2.0,5.0,3.0,5.0,4.0,4.0,4.0,4.0,4.0,4.0,3.0,3.0,4.0,2.0,3.0,3.0
E0275,Other (24),UK,1-3y,senior,hybrid,1,4.0,3.0,5.0,7.0,4.0,4.0,4.0,3.0,2.0,5.0,4.0,5.0,3.0,5.0,3.0,5.0,4.0,5.0,4.0,5.0,3.0,4.0,5.0,5.0,5.0,4.0,4.0,9.0,5.0,3.0,4.0,4.0,5.0,4.0,4.0,3.0,4.0,3.0,5.0,4.0,4.0,4.0,5.0,5.0,5.0,4.0,4.0,4.0,4.0
E0276,Other (24),Europe,1-3y,lead,remote,1,4.0,3.0,3.0,6.0,2.0,5.0,3.0,3.0,3.0,4.0,3.0,2.0,2.0,2.0,2.0,5.0,2.0,4.0,2.0,4.0,4.0,4.0,2.0,4.0,4.0,2.0,5.0,9.0,4.0,2.0,2.0,3.0,3.0,3.0,3.0,4.0,4.0,4.0,4.0,5.0,4.0,4.0,3.0,3.0,3.0,4.0,3.0,3.0,2.0
E0277,Other (24),UK,3-5y,junior,hybrid,1,5.0,3.0,4.0,7.0,4.0,4.0,3.0,4.0,4.0,4.0,4.0,4.0,2.0,4.0,3.0,4.0,1.0,3.0,3.0,4.0,4.0,4.0,3.0,4.0,4.0,1.0,3.0,9.0,3.0,1.0,4.0,2.0,2.0,1.0,4.0,4.0,5.0,4.0,4.0,3.0,5.0,3.0,4.0,2.0,3.0,3.0,2.0,2.0,4.0
E0278,J,Israel,<1y,mid,hybrid,1,2.0,4.0,4.0,4.0,3.0,2.0,1.0,4.0,2.0,3.0,3.0,3.0,2.0,2.0,2.0,4.0,2.0,2.0,3.0,5.0,2.0,4.0,4.0,4.0,4.0,3.0,4.0,6.0,3.0,2.0,3.0,2.0,3.0,2.0,5.0,4.0,5.0,4.0,4.0,3.0,5.0,3.0,4.0,5.0,4.0,4.0,3.0,4.0,4.0
E0279,K,US,1-3y,mid,onsite,1,3.0,2.0,5.0,4.0,4.0,3.0,2.0,3.0,3.0,5.0,3.0,4.0,1.0,4.0,3.0,4.0,4.0,2.0,3.0,4.0,5.0,3.0,4.0,4.0,3.0,4.0,5.0,5.0,5.0,3.0,4.0,3.0,2.0,4.0,3.0,4.0,3.0,4.0,2.0,3.0,2.0,4.0,3.0,5.0,4.0,5.0,4.0,3.0,4.0
E0280,I,UK,3-5y,junior,hybrid,1,4.0,3.0,5.0,1.0,3.0,5.0,5.0,3.0,3.0,4.0,2.0,2.0,2.0,4.0,4.0,4.0,3.0,3.0,3.0,4.0,4.0,5.0,3.0,4.0,4.0,3.0,5.0,7.0,3.0,3.0,4.0,3.0,2.0,3.0,3.0,4.0,2.0,3.0,3.0,3.0,3.0,2.0,2.0,3.0,3.0,3.0,4.0,3.0,4.0
E0281,P,India,1-3y,senior,hybrid,1,2.0,4.0,4.0,7.0,5.0,3.0,4.0,3.0,2.0,4.0,3.0,4.0,4.0,5.0,4.0,4.0,4.0,4.0,3.0,4.0,3.0,3.0,3.0,3.0,4.0,4.0,4.0,9.0,4.0,5.0,5.0,4.0,4.0,5.0,4.0,3.0,4.0,4.0,3.0,3.0,5.0,5.0,5.0,4.0,5.0,3.0,4.0,5.0,5.0
E0282,Other (24),UK,>5y,mid,hybrid,1,4.0,4.0,4.0,10.0,5.0,4.0,3.0,4.0,4.0,3.0,3.0,3.0,3.0,2.0,3.0,4.0,2.0,4.0,4.0,3.0,4.0,4.0,3.0,4.0,5.0,3.0,3.0,10.0,3.0,1.0,4.0,3.0,3.0,1.0,4.0,5.0,5.0,3.0,4.0,5.0,5.0,4.0,4.0,4.0,4.0,5.0,4.0,4.0,3.0
E0283,J,Israel,<1y,senior,remote,1,3.0,2.0,1.0,3.0,2.0,3.0,3.0,4.0,1.0,1.0,1.0,2.0,2.0,2.0,4.0,1.0,2.0,3.0,3.0,3.0,2.0,2.0,2.0,1.0,1.0,3.0,2.0,6.0,1.0,2.0,2.0,2.0,2.0,2.0,3.0,2.0,2.0,3.0,3.0,4.0,3.0,4.0,4.0,3.0,4.0,4.0,3.0,3.0,3.0
E0284,Other (24),US,3-5y,senior,onsite,1,4.0,5.0,4.0,6.0,5.0,5.0,4.0,3.0,2.0,2.0,3.0,3.0,2.0,2.0,2.0,4.0,2.0,3.0,3.0,3.0,3.0,4.0,5.0,4.0,3.0,1.0,4.0,3.0,3.0,3.0,4.0,2.0,3.0,3.0,3.0,4.0,4.0,4.0,4.0,3.0,4.0,3.0,4.0,3.0,4.0,3.0,2.0,3.0,3.0
E0285,H,India,3-5y,lead,onsite,1,5.0,4.0,5.0,9.0,4.0,4.0,5.0,4.0,5.0,2.0,4.0,3.0,4.0,3.0,5.0,4.0,2.0,5.0,4.0,3.0,4.0,4.0,4.0,4.0,4.0,3.0,5.0,7.0,3.0,1.0,4.0,3.0,2.0,4.0,4.0,4.0,5.0,5.0,4.0,3.0,4.0,5.0,4.0,3.0,3.0,4.0,3.0,5.0,5.0
E0286,Q,Israel,3-5y,senior,hybrid,1,5.0,5.0,5.0,7.0,5.0,5.0,5.0,5.0,5.0,4.0,3.0,3.0,5.0,3.0,5.0,3.0,3.0,5.0,5.0,4.0,5.0,3.0,4.0,4.0,4.0,2.0,3.0,9.0,4.0,3.0,4.0,4.0,4.0,3.0,5.0,4.0,5.0,4.0,3.0,4.0,5.0,5.0,5.0,4.0,4.0,5.0,4.0,4.0,4.0
E0287,O,India,3-5y,senior,hybrid,1,4.0,4.0,5.0,5.0,4.0,4.0,2.0,3.0,3.0,5.0,3.0,4.0,2.0,4.0,4.0,3.0,4.0,3.0,4.0,4.0,4.0,4.0,3.0,3.0,4.0,3.0,3.0,6.0,3.0,4.0,3.0,4.0,4.0,5.0,4.0,3.0,4.0,4.0,5.0,3.0,4.0,4.0,3.0,5.0,4.0,4.0,5.0,4.0,4.0
E0288,F,India,1-3y,mid,remote,1,3.0,2.0,4.0,4.0,4.0,4.0,4.0,4.0,3.0,5.0,4.0,4.0,3.0,4.0,3.0,4.0,3.0,2.0,3.0,4.0,3.0,4.0,4.0,4.0,4.0,4.0,5.0,5.0,3.0,4.0,3.0,3.0,3.0,3.0,3.0,3.0,5.0,4.0,4.0,4.0,4.0,3.0,4.0,4.0,4.0,3.0,4.0,4.0,3.0
E0289,Other (24),India,1-3y,senior,hybrid,1,3.0,5.0,5.0,7.0,4.0,4.0,3.0,3.0,3.0,5.0,4.0,5.0,3.0,4.0,1.0,5.0,2.0,3.0,4.0,5.0,3.0,5.0,5.0,5.0,5.0,2.0,4.0,8.0,4.0,3.0,5.0,3.0,4.0,2.0,4.0,5.0,5.0,5.0,5.0,5.0,5.0,4.0,4.0,4.0,4.0,5.0,5.0,4.0,4.0
E0290,E,India,>5y,mid,hybrid,1,3.0,5.0,4.0,7.0,3.0,4.0,3.0,5.0,3.0,5.0,2.0,4.0,3.0,3.0,3.0,2.0,2.0,3.0,4.0,4.0,4.0,4.0,3.0,3.0,2.0,4.0,4.0,6.0,2.0,4.0,5.0,2.0,2.0,3.0,4.0,4.0,4.0,4.0,3.0,4.0,4.0,4.0,3.0,3.0,3.0,4.0,3.0,4.0,3.0
E0291,J,India,3-5y,mid,hybrid,1,4.0,2.0,2.0,5.0,1.0,3.0,3.0,2.0,3.0,3.0,1.0,3.0,3.0,3.0,2.0,3.0,2.0,3.0,2.0,3.0,3.0,2.0,2.0,3.0,2.0,3.0,4.0,6.0,2.0,1.0,4.0,2.0,1.0,1.0,2.0,3.0,3.0,5.0,3.0,3.0,4.0,3.0,4.0,3.0,3.0,2.0,2.0,3.0,4.0
E0292,N,Israel,1-3y,mid,onsite,1,3.0,4.0,5.0,8.0,4.0,3.0,2.0,4.0,3.0,4.0,4.0,5.0,4.0,3.0,5.0,4.0,4.0,4.0,4.0,5.0,3.0,5.0,4.0,4.0,4.0,4.0,4.0,6.0,5.0,2.0,5.0,4.0,3.0,4.0,4.0,4.0,4.0,4.0,3.0,4.0,4.0,4.0,4.0,3.0,3.0,4.0,5.0,5.0,4.0
E0293,R,India,3-5y,senior,hybrid,1,3.0,3.0,4.0,5.0,4.0,4.0,3.0,4.0,3.0,4.0,4.0,5.0,3.0,3.0,3.0,3.0,2.0,3.0,4.0,4.0,2.0,4.0,3.0,4.0,4.0,3.0,4.0,7.0,4.0,1.0,5.0,1.0,2.0,2.0,4.0,4.0,4.0,3.0,2.0,4.0,5.0,5.0,4.0,2.0,3.0,3.0,4.0,4.0,3.0
E0294,K,UK,>5y,senior,hybrid,1,3.0,4.0,4.0,7.0,4.0,3.0,2.0,2.0,4.0,4.0,4.0,4.0,4.0,3.0,4.0,3.0,5.0,3.0,3.0,5.0,3.0,4.0,3.0,4.0,4.0,4.0,4.0,5.0,4.0,3.0,3.0,3.0,4.0,4.0,4.0,3.0,4.0,3.0,4.0,4.0,3.0,3.0,4.0,4.0,4.0,4.0,4.0,2.0,1.0
E0295,B,Israel,<1y,lead,hybrid,1,4.0,3.0,5.0,7.0,4.0,4.0,4.0,4.0,4.0,4.0,3.0,4.0,4.0,4.0,3.0,3.0,3.0,3.0,2.0,5.0,4.0,4.0,4.0,5.0,5.0,3.0,4.0,9.0,4.0,3.0,4.0,3.0,3.0,3.0,4.0,4.0,2.0,5.0,4.0,4.0,5.0,5.0,5.0,4.0,5.0,5.0,5.0,4.0,3.0
E0296,Other (24),Israel,1-3y,mid,hybrid,1,3.0,5.0,4.0,10.0,5.0,3.0,4.0,5.0,3.0,5.0,4.0,4.0,3.0,4.0,3.0,5.0,2.0,3.0,4.0,4.0,3.0,4.0,5.0,4.0,5.0,2.0,3.0,6.0,4.0,1.0,4.0,4.0,3.0,1.0,5.0,5.0,4.0,4.0,3.0,5.0,3.0,3.0,2.0,3.0,4.0,4.0,3.0,5.0,3.0
E0297,Other (24),US,>5y,mid,remote,1,4.0,4.0,4.0,6.0,4.0,4.0,5.0,2.0,2.0,4.0,3.0,5.0,2.0,3.0,4.0,4.0,1.0,4.0,2.0,4.0,5.0,4.0,3.0,5.0,5.0,2.0,4.0,5.0,4.0,3.0,3.0,4.0,3.0,2.0,3.0,4.0,4.0,4.0,4.0,4.0,4.0,4.0,4.0,4.0,3.0,5.0,5.0,4.0,4.0
E0298,O,India,1-3y,lead,onsite,1,3.0,4.0,4.0,5.0,4.0,4.0,3.0,3.0,1.0,2.0,2.0,1.0,1.0,2.0,3.0,3.0,2.0,3.0,4.0,3.0,3.0,3.0,4.0,3.0,4.0,3.0,3.0,4.0,3.0,2.0,2.0,3.0,4.0,2.0,2.0,2.0,2.0,3.0,4.0,4.0,3.0,5.0,5.0,3.0,3.0,3.0,3.0,4.0,4.0
E0299,G,India,1-3y,senior,hybrid,1,5.0,4.0,3.0,10.0,5.0,4.0,4.0,5.0,2.0,3.0,2.0,4.0,3.0,3.0,5.0,4.0,2.0,4.0,4.0,3.0,4.0,2.0,3.0,2.0,4.0,2.0,2.0,7.0,3.0,3.0,4.0,2.0,3.0,3.0,3.0,5.0,4.0,4.0,3.0,4.0,3.0,3.0,3.0,2.0,3.0,4.0,4.0,4.0,3.0
E0300,Other (24),Europe,<1y,senior,hybrid,1,3.0,4.0,4.0,5.0,3.0,4.0,3.0,4.0,3.0,5.0,4.0,4.0,2.0,3.0,3.0,5.0,3.0,3.0,2.0,5.0,4.0,5.0,4.0,5.0,4.0,3.0,4.0,4.0,5.0,2.0,3.0,3.0,3.0,4.0,5.0,4.0,4.0,4.0,4.0,4.0,5.0,4.0,4.0,5.0,4.0,3.0,2.0,3.0,4.0
E0301,Other (24),Israel,1-3y,mid,hybrid,1,5.0,4.0,4.0,6.0,3.0,4.0,4.0,3.0,2.0,4.0,3.0,4.0,3.0,3.0,3.0,4.0,3.0,4.0,5.0,5.0,4.0,4.0,3.0,5.0,4.0,4.0,4.0,4.0,3.0,3.0,4.0,3.0,4.0,2.0,3.0,5.0,3.0,4.0,3.0,3.0,5.0,3.0,4.0,4.0,5.0,4.0,4.0,4.0,4.0
E0302,J,Israel,<1y,junior,hybrid,1,2.0,3.0,2.0,2.0,4.0,2.0,2.0,3.0,1.0,2.0,3.0,3.0,1.0,2.0,2.0,3.0,2.0,2.0,3.0,4.0,3.0,5.0,4.0,2.0,4.0,3.0,4.0,4.0,3.0,3.0,4.0,2.0,3.0,2.0,3.0,3.0,4.0,2.0,2.0,4.0,2.0,2.0,2.0,3.0,4.0,4.0,3.0,3.0,3.0
E0303,O,Israel,>5y,lead,remote,1,2.0,5.0,3.0,6.0,4.0,4.0,4.0,4.0,5.0,2.0,3.0,1.0,5.0,2.0,4.0,2.0,3.0,3.0,3.0,3.0,4.0,4.0,3.0,4.0,4.0,3.0,3.0,10.0,1.0,3.0,3.0,4.0,4.0,3.0,3.0,4.0,5.0,3.0,4.0,3.0,3.0,3.0,4.0,4.0,3.0,3.0,3.0,4.0,2.0
E0304,N,US,1-3y,mid,hybrid,1,4.0,5.0,5.0,9.0,5.0,4.0,4.0,5.0,4.0,4.0,4.0,5.0,3.0,4.0,4.0,3.0,5.0,4.0,5.0,5.0,3.0,5.0,4.0,5.0,4.0,4.0,5.0,5.0,5.0,4.0,5.0,3.0,4.0,4.0,2.0,5.0,4.0,3.0,3.0,4.0,4.0,4.0,4.0,3.0,4.0,4.0,5.0,4.0,4.0
E0305,L,UK,>5y,mid,hybrid,1,3.0,3.0,5.0,5.0,3.0,5.0,4.0,4.0,4.0,3.0,2.0,3.0,3.0,2.0,4.0,3.0,3.0,3.0,1.0,4.0,5.0,3.0,3.0,3.0,3.0,5.0,3.0,8.0,2.0,4.0,4.0,3.0,4.0,2.0,3.0,3.0,2.0,3.0,4.0,4.0,5.0,5.0,5.0,5.0,5.0,4.0,5.0,3.0,3.0
E0306,B,India,<1y,junior,onsite,1,3.0,4.0,4.0,9.0,5.0,4.0,3.0,5.0,5.0,4.0,3.0,4.0,4.0,4.0,3.0,2.0,4.0,3.0,4.0,5.0,3.0,4.0,5.0,4.0,5.0,2.0,4.0,9.0,5.0,3.0,5.0,3.0,3.0,4.0,4.0,4.0,3.0,4.0,5.0,5.0,3.0,4.0,5.0,4.0,4.0,4.0,5.0,3.0,2.0
E0307,L,India,1-3y,mid,hybrid,1,5.0,3.0,3.0,3.0,4.0,4.0,3.0,2.0,3.0,3.0,2.0,3.0,3.0,3.0,3.0,3.0,3.0,5.0,1.0,4.0,3.0,4.0,3.0,4.0,4.0,1.0,3.0,7.0,2.0,3.0,2.0,3.0,3.0,2.0,2.0,4.0,3.0,4.0,2.0,2.0,3.0,4.0,3.0,4.0,3.0,3.0,3.0,3.0,3.0
E0308,Q,UK,<1y,mid,hybrid,1,4.0,4.0,5.0,7.0,4.0,5.0,5.0,4.0,5.0,5.0,4.0,4.0,5.0,5.0,4.0,5.0,3.0,4.0,3.0,4.0,5.0,3.0,3.0,4.0,4.0,2.0,4.0,9.0,4.0,3.0,3.0,3.0,3.0,3.0,3.0,3.0,4.0,3.0,3.0,2.0,4.0,4.0,5.0,3.0,3.0,3.0,3.0,4.0,4.0
E0309,Other (24),UK,>5y,mid,hybrid,1,3.0,4.0,3.0,6.0,4.0,4.0,3.0,4.0,2.0,5.0,3.0,5.0,2.0,2.0,4.0,3.0,4.0,3.0,4.0,4.0,2.0,3.0,4.0,4.0,4.0,3.0,3.0,3.0,4.0,3.0,4.0,4.0,4.0,4.0,3.0,3.0,3.0,3.0,4.0,4.0,4.0,3.0,4.0,4.0,4.0,4.0,4.0,2.0,3.0
E0310,O,Europe,>5y,mid,hybrid,1,3.0,3.0,5.0,4.0,3.0,4.0,3.0,3.0,3.0,4.0,3.0,3.0,2.0,3.0,5.0,3.0,2.0,3.0,3.0,5.0,3.0,5.0,4.0,4.0,4.0,2.0,4.0,7.0,4.0,2.0,3.0,2.0,2.0,3.0,3.0,3.0,3.0,4.0,4.0,3.0,3.0,3.0,4.0,4.0,2.0,3.0,3.0,5.0,4.0
E0311,C,US,1-3y,junior,hybrid,1,3.0,4.0,5.0,8.0,5.0,4.0,2.0,4.0,3.0,4.0,3.0,3.0,3.0,2.0,4.0,4.0,3.0,4.0,4.0,3.0,4.0,3.0,4.0,3.0,3.0,3.0,3.0,5.0,3.0,3.0,5.0,3.0,3.0,2.0,4.0,3.0,4.0,2.0,3.0,4.0,4.0,5.0,4.0,3.0,3.0,5.0,4.0,3.0,5.0
E0312,Q,UK,1-3y,mid,remote,1,5.0,4.0,4.0,7.0,4.0,4.0,3.0,5.0,4.0,3.0,4.0,5.0,3.0,5.0,4.0,5.0,3.0,3.0,3.0,5.0,4.0,4.0,5.0,5.0,5.0,3.0,5.0,5.0,4.0,3.0,4.0,4.0,3.0,2.0,3.0,4.0,3.0,3.0,3.0,3.0,4.0,4.0,4.0,5.0,4.0,3.0,4.0,3.0,5.0
E0313,K,India,1-3y,senior,onsite,1,3.0,3.0,3.0,4.0,3.0,4.0,4.0,4.0,3.0,4.0,3.0,3.0,1.0,4.0,3.0,5.0,3.0,4.0,2.0,4.0,3.0,4.0,5.0,4.0,4.0,2.0,3.0,4.0,4.0,3.0,3.0,3.0,3.0,3.0,3.0,4.0,3.0,4.0,3.0,4.0,4.0,3.0,4.0,3.0,4.0,3.0,3.0,3.0,4.0
E0314,J,US,<1y,mid,hybrid,1,5.0,4.0,3.0,5.0,4.0,3.0,3.0,4.0,1.0,3.0,4.0,4.0,2.0,3.0,3.0,4.0,2.0,4.0,3.0,4.0,4.0,4.0,4.0,4.0,4.0,3.0,4.0,6.0,4.0,3.0,4.0,3.0,3.0,3.0,5.0,5.0,5.0,4.0,4.0,4.0,4.0,4.0,5.0,4.0,3.0,4.0,4.0,4.0,5.0
E0315,I,Israel,>5y,junior,hybrid,1,5.0,4.0,5.0,9.0,5.0,5.0,5.0,5.0,4.0,3.0,3.0,3.0,2.0,4.0,4.0,2.0,3.0,5.0,4.0,3.0,5.0,4.0,4.0,4.0,4.0,3.0,4.0,6.0,3.0,3.0,5.0,3.0,2.0,3.0,4.0,4.0,4.0,4.0,4.0,3.0,4.0,4.0,5.0,3.0,4.0,5.0,4.0,3.0,4.0
E0316,A,UK,>5y,mid,remote,1,4.0,3.0,3.0,9.0,3.0,3.0,4.0,3.0,3.0,3.0,3.0,3.0,4.0,4.0,4.0,3.0,4.0,4.0,4.0,4.0,4.0,3.0,3.0,3.0,3.0,3.0,3.0,7.0,2.0,4.0,4.0,5.0,2.0,5.0,4.0,3.0,4.0,3.0,4.0,5.0,4.0,4.0,3.0,4.0,4.0,4.0,4.0,5.0,4.0
E0317,I,UK,1-3y,mid,remote,1,3.0,3.0,5.0,6.0,3.0,4.0,4.0,2.0,4.0,5.0,3.0,4.0,3.0,5.0,3.0,2.0,3.0,2.0,4.0,4.0,3.0,4.0,4.0,5.0,5.0,2.0,3.0,5.0,2.0,3.0,4.0,2.0,3.0,2.0,5.0,3.0,3.0,4.0,4.0,4.0,4.0,4.0,5.0,3.0,4.0,4.0,4.0,3.0,2.0
E0318,D,UK,1-3y,mid,hybrid,1,5.0,4.0,5.0,7.0,4.0,5.0,3.0,4.0,3.0,5.0,5.0,4.0,2.0,4.0,5.0,4.0,3.0,3.0,3.0,5.0,4.0,5.0,5.0,5.0,5.0,3.0,5.0,8.0,4.0,4.0,4.0,3.0,3.0,4.0,4.0,4.0,4.0,5.0,5.0,5.0,4.0,5.0,5.0,4.0,4.0,5.0,4.0,5.0,5.0
E0319,H,US,<1y,junior,onsite,1,4.0,5.0,5.0,10.0,5.0,5.0,3.0,5.0,4.0,4.0,3.0,4.0,3.0,4.0,4.0,3.0,3.0,4.0,4.0,4.0,4.0,5.0,4.0,5.0,5.0,5.0,5.0,8.0,2.0,5.0,5.0,3.0,3.0,5.0,4.0,4.0,5.0,4.0,4.0,4.0,4.0,3.0,4.0,3.0,5.0,3.0,2.0,3.0,3.0
E0320,D,US,>5y,mid,remote,1,4.0,3.0,4.0,3.0,2.0,3.0,3.0,3.0,4.0,4.0,3.0,3.0,3.0,2.0,5.0,3.0,3.0,3.0,3.0,4.0,4.0,4.0,3.0,3.0,3.0,3.0,4.0,5.0,3.0,5.0,4.0,3.0,2.0,4.0,3.0,4.0,4.0,4.0,4.0,3.0,3.0,4.0,4.0,3.0,4.0,4.0,3.0,3.0,3.0
E0321,C,UK,3-5y,mid,remote,1,4.0,4.0,4.0,9.0,4.0,3.0,3.0,4.0,4.0,4.0,5.0,3.0,3.0,3.0,4.0,4.0,4.0,3.0,4.0,4.0,5.0,3.0,3.0,3.0,4.0,4.0,2.0,7.0,2.0,3.0,5.0,3.0,3.0,3.0,4.0,4.0,3.0,4.0,5.0,5.0,4.0,4.0,4.0,3.0,4.0,4.0,4.0,4.0,5.0
E0322,Other (24),UK,>5y,mid,onsite,1,3.0,4.0,3.0,7.0,4.0,4.0,2.0,3.0,4.0,3.0,3.0,4.0,3.0,3.0,2.0,3.0,3.0,2.0,4.0,4.0,3.0,3.0,4.0,4.0,4.0,2.0,3.0,7.0,3.0,2.0,4.0,2.0,3.0,3.0,4.0,2.0,3.0,4.0,2.0,3.0,4.0,3.0,3.0,4.0,4.0,4.0,3.0,3.0,4.0
E0323,I,US,<1y,mid,hybrid,1,4.0,4.0,5.0,9.0,4.0,4.0,3.0,4.0,3.0,5.0,4.0,5.0,3.0,4.0,2.0,5.0,4.0,3.0,3.0,5.0,3.0,5.0,5.0,5.0,5.0,2.0,5.0,9.0,5.0,3.0,4.0,2.0,2.0,2.0,4.0,4.0,3.0,4.0,3.0,2.0,4.0,5.0,3.0,4.0,4.0,3.0,4.0,3.0,2.0
E0324,G,UK,3-5y,junior,hybrid,1,3.0,4.0,4.0,6.0,4.0,5.0,2.0,2.0,3.0,5.0,4.0,4.0,2.0,4.0,4.0,5.0,3.0,4.0,4.0,4.0,5.0,4.0,3.0,4.0,5.0,3.0,4.0,5.0,4.0,2.0,3.0,2.0,2.0,2.0,3.0,4.0,3.0,4.0,3.0,3.0,4.0,4.0,4.0,5.0,3.0,4.0,4.0,3.0,4.0
E0325,B,India,<1y,mid,hybrid,1,3.0,5.0,4.0,10.0,5.0,3.0,2.0,4.0,3.0,4.0,4.0,5.0,3.0,4.0,3.0,4.0,3.0,3.0,5.0,5.0,3.0,5.0,5.0,4.0,5.0,3.0,4.0,8.0,4.0,1.0,5.0,2.0,2.0,2.0,4.0,4.0,4.0,4.0,4.0,3.0,4.0,3.0,3.0,4.0,5.0,4.0,4.0,5.0,5.0
E0326,Other (24),India,>5y,senior,hybrid,1,3.0,3.0,5.0,6.0,4.0,5.0,4.0,3.0,2.0,4.0,3.0,4.0,2.0,3.0,4.0,4.0,3.0,5.0,3.0,5.0,5.0,3.0,3.0,4.0,4.0,3.0,3.0,4.0,4.0,3.0,3.0,4.0,3.0,2.0,3.0,4.0,4.0,4.0,5.0,4.0,4.0,5.0,4.0,3.0,4.0,4.0,4.0,3.0,3.0
E0327,M,US,1-3y,junior,hybrid,1,3.0,4.0,4.0,5.0,2.0,4.0,4.0,3.0,4.0,4.0,2.0,3.0,4.0,4.0,3.0,2.0,1.0,5.0,3.0,4.0,3.0,3.0,2.0,3.0,5.0,3.0,2.0,5.0,3.0,3.0,3.0,2.0,2.0,3.0,5.0,4.0,4.0,5.0,3.0,4.0,4.0,3.0,4.0,3.0,3.0,5.0,4.0,2.0,4.0
E0328,A,UK,1-3y,mid,onsite,1,4.0,4.0,3.0,10.0,5.0,3.0,4.0,5.0,3.0,2.0,3.0,4.0,4.0,4.0,3.0,5.0,1.0,4.0,5.0,4.0,3.0,4.0,3.0,5.0,5.0,3.0,5.0,9.0,4.0,3.0,5.0,3.0,2.0,4.0,5.0,3.0,5.0,4.0,3.0,4.0,5.0,3.0,4.0,3.0,4.0,5.0,5.0,5.0,4.0
E0329,D,US,1-3y,mid,hybrid,1,2.0,3.0,4.0,5.0,5.0,4.0,3.0,4.0,3.0,4.0,3.0,4.0,2.0,2.0,3.0,4.0,4.0,1.0,2.0,5.0,3.0,5.0,3.0,4.0,4.0,5.0,5.0,5.0,3.0,4.0,4.0,3.0,3.0,4.0,3.0,3.0,4.0,2.0,2.0,2.0,4.0,3.0,3.0,3.0,3.0,2.0,3.0,5.0,4.0
E0330,C,Israel,>5y,mid,hybrid,1,3.0,3.0,5.0,8.0,4.0,3.0,4.0,3.0,3.0,4.0,3.0,4.0,2.0,4.0,3.0,4.0,5.0,3.0,3.0,4.0,3.0,4.0,4.0,4.0,4.0,4.0,4.0,6.0,3.0,4.0,5.0,3.0,3.0,3.0,4.0,3.0,4.0,4.0,5.0,4.0,4.0,4.0,4.0,3.0,4.0,4.0,5.0,5.0,3.0
E0331,K,UK,1-3y,junior,onsite,1,3.0,2.0,4.0,5.0,3.0,3.0,4.0,3.0,3.0,5.0,4.0,4.0,4.0,4.0,3.0,4.0,3.0,2.0,3.0,4.0,3.0,3.0,4.0,4.0,3.0,2.0,5.0,5.0,3.0,3.0,4.0,2.0,2.0,3.0,3.0,3.0,2.0,3.0,2.0,3.0,5.0,5.0,4.0,2.0,3.0,4.0,5.0,3.0,4.0
E0332,E,US,1-3y,mid,hybrid,1,5.0,4.0,5.0,8.0,4.0,5.0,4.0,4.0,2.0,4.0,4.0,5.0,3.0,4.0,3.0,5.0,3.0,2.0,5.0,5.0,3.0,4.0,4.0,5.0,4.0,3.0,5.0,9.0,4.0,4.0,5.0,4.0,3.0,4.0,4.0,4.0,3.0,4.0,4.0,5.0,4.0,4.0,5.0,4.0,5.0,3.0,3.0,3.0,3.0
E0333,Other (24),India,<1y,mid,onsite,1,4.0,4.0,3.0,8.0,3.0,2.0,3.0,3.0,4.0,4.0,2.0,3.0,3.0,3.0,2.0,4.0,2.0,3.0,3.0,4.0,3.0,3.0,2.0,3.0,3.0,2.0,3.0,8.0,2.0,2.0,3.0,3.0,3.0,2.0,3.0,3.0,4.0,4.0,4.0,2.0,2.0,5.0,4.0,4.0,4.0,4.0,4.0,4.0,4.0
E0334,E,Israel,<1y,mid,onsite,1,4.0,4.0,5.0,6.0,5.0,5.0,5.0,5.0,3.0,2.0,3.0,4.0,3.0,3.0,3.0,3.0,3.0,3.0,3.0,4.0,4.0,3.0,2.0,3.0,3.0,4.0,3.0,6.0,3.0,4.0,4.0,3.0,3.0,3.0,5.0,5.0,3.0,5.0,5.0,4.0,3.0,3.0,4.0,4.0,3.0,4.0,4.0,4.0,3.0
E0335,K,UK,1-3y,junior,hybrid,1,3.0,5.0,3.0,7.0,4.0,3.0,3.0,4.0,3.0,4.0,3.0,4.0,3.0,3.0,4.0,3.0,2.0,4.0,4.0,4.0,3.0,3.0,4.0,4.0,4.0,1.0,3.0,5.0,3.0,2.0,4.0,2.0,1.0,2.0,5.0,4.0,4.0,4.0,5.0,4.0,4.0,5.0,5.0,2.0,1.0,5.0,5.0,3.0,4.0
E0336,Other (24),Europe,<1y,lead,remote,1,4.0,5.0,5.0,8.0,3.0,4.0,5.0,4.0,3.0,5.0,3.0,5.0,4.0,4.0,3.0,5.0,4.0,5.0,4.0,5.0,4.0,4.0,4.0,5.0,5.0,4.0,5.0,8.0,4.0,3.0,4.0,4.0,4.0,4.0,3.0,5.0,5.0,3.0,4.0,4.0,4.0,5.0,4.0,5.0,5.0,3.0,4.0,5.0,5.0
E0337,L,UK,>5y,senior,hybrid,1,4.0,3.0,5.0,3.0,1.0,4.0,3.0,3.0,4.0,4.0,3.0,3.0,3.0,4.0,4.0,3.0,2.0,4.0,1.0,3.0,4.0,4.0,3.0,4.0,4.0,3.0,3.0,7.0,4.0,2.0,3.0,2.0,3.0,2.0,2.0,3.0,4.0,4.0,5.0,3.0,4.0,4.0,4.0,4.0,3.0,4.0,4.0,2.0,2.0
E0338,M,UK,1-3y,mid,onsite,1,3.0,5.0,3.0,7.0,5.0,4.0,4.0,4.0,2.0,4.0,2.0,3.0,4.0,4.0,4.0,3.0,2.0,3.0,4.0,5.0,4.0,3.0,3.0,3.0,4.0,3.0,3.0,7.0,3.0,1.0,4.0,3.0,2.0,3.0,4.0,5.0,5.0,2.0,2.0,2.0,4.0,3.0,3.0,3.0,3.0,3.0,5.0,4.0,3.0
E0339,E,UK,>5y,mid,hybrid,1,2.0,4.0,5.0,5.0,3.0,4.0,2.0,4.0,3.0,3.0,3.0,4.0,3.0,4.0,1.0,3.0,3.0,3.0,3.0,5.0,4.0,4.0,4.0,3.0,5.0,2.0,4.0,7.0,5.0,4.0,4.0,2.0,3.0,3.0,4.0,4.0,3.0,4.0,3.0,3.0,4.0,3.0,3.0,3.0,3.0,5.0,5.0,3.0,3.0
E0340,L,Europe,1-3y,senior,onsite,1,2.0,3.0,4.0,4.0,2.0,5.0,1.0,2.0,3.0,2.0,1.0,2.0,4.0,3.0,2.0,3.0,2.0,2.0,2.0,1.0,2.0,3.0,3.0,3.0,3.0,2.0,5.0,7.0,2.0,1.0,2.0,3.0,2.0,2.0,3.0,3.0,3.0,3.0,4.0,4.0,3.0,3.0,3.0,2.0,3.0,2.0,3.0,4.0,4.0
E0341,H,US,<1y,junior,hybrid,1,5.0,5.0,5.0,10.0,5.0,5.0,3.0,5.0,5.0,5.0,5.0,5.0,4.0,4.0,3.0,5.0,3.0,5.0,5.0,4.0,4.0,5.0,5.0,5.0,5.0,4.0,4.0,10.0,3.0,4.0,5.0,4.0,3.0,3.0,5.0,4.0,3.0,5.0,4.0,5.0,4.0,4.0,4.0,3.0,4.0,5.0,3.0,3.0,3.0
E0342,P,US,3-5y,junior,remote,1,4.0,5.0,3.0,8.0,5.0,4.0,4.0,4.0,1.0,5.0,4.0,5.0,2.0,5.0,4.0,4.0,5.0,4.0,3.0,4.0,4.0,5.0,4.0,4.0,5.0,4.0,4.0,9.0,4.0,4.0,5.0,3.0,2.0,4.0,4.0,4.0,5.0,4.0,5.0,4.0,4.0,4.0,5.0,5.0,5.0,4.0,5.0,5.0,5.0
E0343,Q,Europe,1-3y,mid,hybrid,1,4.0,3.0,5.0,7.0,4.0,5.0,4.0,4.0,3.0,4.0,5.0,4.0,3.0,4.0,4.0,5.0,5.0,5.0,5.0,4.0,4.0,4.0,4.0,4.0,3.0,4.0,4.0,5.0,3.0,3.0,5.0,5.0,4.0,4.0,5.0,5.0,4.0,4.0,4.0,3.0,4.0,3.0,3.0,5.0,5.0,3.0,4.0,3.0,4.0
E0344,Other (24),Israel,<1y,mid,onsite,1,3.0,5.0,3.0,10.0,4.0,4.0,3.0,5.0,3.0,2.0,2.0,3.0,3.0,3.0,3.0,4.0,4.0,5.0,4.0,4.0,3.0,3.0,2.0,3.0,4.0,2.0,2.0,7.0,3.0,2.0,3.0,4.0,4.0,3.0,3.0,4.0,3.0,3.0,4.0,4.0,4.0,4.0,5.0,4.0,3.0,4.0,3.0,5.0,5.0
E0345,J,UK,1-3y,lead,hybrid,1,2.0,3.0,2.0,1.0,2.0,2.0,2.0,2.0,1.0,3.0,2.0,3.0,3.0,1.0,2.0,3.0,4.0,2.0,1.0,3.0,3.0,3.0,4.0,2.0,2.0,2.0,4.0,6.0,2.0,3.0,2.0,3.0,2.0,2.0,3.0,3.0,3.0,3.0,4.0,4.0,4.0,3.0,3.0,4.0,4.0,5.0,4.0,1.0,1.0
E0346,H,Europe,1-3y,junior,hybrid,1,3.0,5.0,4.0,10.0,5.0,3.0,4.0,5.0,4.0,5.0,5.0,5.0,3.0,3.0,3.0,5.0,3.0,2.0,4.0,4.0,3.0,5.0,5.0,4.0,5.0,4.0,5.0,6.0,5.0,5.0,5.0,3.0,2.0,5.0,3.0,5.0,4.0,5.0,4.0,4.0,4.0,5.0,3.0,2.0,4.0,4.0,5.0,3.0,3.0
E0347,L,US,1-3y,mid,onsite,1,4.0,3.0,4.0,3.0,2.0,3.0,4.0,3.0,5.0,4.0,2.0,3.0,4.0,3.0,5.0,3.0,1.0,4.0,2.0,4.0,3.0,3.0,4.0,4.0,3.0,2.0,3.0,6.0,3.0,3.0,3.0,3.0,2.0,2.0,4.0,4.0,3.0,3.0,5.0,3.0,5.0,5.0,5.0,3.0,3.0,5.0,5.0,4.0,4.0
E0348,D,India,<1y,mid,hybrid,1,3.0,4.0,4.0,6.0,5.0,3.0,3.0,4.0,3.0,4.0,5.0,5.0,3.0,5.0,4.0,5.0,3.0,3.0,4.0,4.0,4.0,5.0,5.0,4.0,5.0,5.0,5.0,7.0,5.0,3.0,4.0,4.0,3.0,4.0,3.0,4.0,5.0,4.0,4.0,5.0,5.0,4.0,5.0,4.0,5.0,3.0,4.0,4.0,4.0
E0349,H,Israel,>5y,senior,hybrid,1,5.0,5.0,5.0,10.0,5.0,5.0,4.0,3.0,5.0,5.0,5.0,5.0,4.0,5.0,5.0,5.0,4.0,4.0,4.0,4.0,4.0,5.0,5.0,5.0,5.0,4.0,5.0,8.0,3.0,4.0,5.0,4.0,4.0,5.0,5.0,4.0,5.0,4.0,5.0,4.0,3.0,4.0,4.0,5.0,5.0,4.0,3.0,3.0,4.0
E0350,A,Israel,<1y,senior,hybrid,1,3.0,3.0,3.0,10.0,4.0,3.0,4.0,4.0,2.0,4.0,2.0,3.0,4.0,3.0,3.0,3.0,2.0,3.0,3.0,3.0,3.0,4.0,3.0,3.0,4.0,2.0,4.0,6.0,2.0,3.0,4.0,3.0,3.0,3.0,3.0,3.0,4.0,3.0,3.0,3.0,3.0,3.0,2.0,4.0,3.0,4.0,4.0,4.0,5.0
E0351,J,US,>5y,mid,onsite,1,3.0,3.0,4.0,4.0,4.0,3.0,3.0,3.0,1.0,2.0,2.0,4.0,3.0,3.0,3.0,4.0,2.0,3.0,3.0,4.0,3.0,4.0,4.0,4.0,4.0,2.0,5.0,5.0,3.0,2.0,4.0,4.0,2.0,3.0,4.0,5.0,5.0,4.0,4.0,3.0,5.0,4.0,4.0,4.0,3.0,4.0,4.0,2.0,3.0
E0352,Other (24),Europe,1-3y,mid,remote,1,3.0,3.0,4.0,5.0,4.0,3.0,3.0,2.0,4.0,5.0,4.0,3.0,3.0,3.0,4.0,3.0,3.0,3.0,3.0,4.0,3.0,3.0,3.0,5.0,5.0,3.0,4.0,9.0,4.0,4.0,4.0,5.0,4.0,4.0,3.0,3.0,4.0,3.0,3.0,4.0,5.0,4.0,3.0,4.0,4.0,4.0,3.0,5.0,3.0
E0353,Other (24),Europe,1-3y,senior,onsite,1,3.0,4.0,2.0,6.0,3.0,3.0,2.0,3.0,3.0,3.0,3.0,3.0,2.0,1.0,2.0,3.0,3.0,3.0,3.0,3.0,2.0,3.0,3.0,3.0,3.0,2.0,4.0,5.0,2.0,2.0,2.0,3.0,3.0,3.0,3.0,3.0,3.0,3.0,3.0,3.0,5.0,4.0,5.0,4.0,5.0,2.0,5.0,3.0,3.0
E0354,H,Israel,1-3y,mid,hybrid,1,5.0,4.0,5.0,10.0,3.0,5.0,4.0,3.0,3.0,5.0,4.0,5.0,3.0,4.0,3.0,5.0,3.0,4.0,4.0,4.0,4.0,4.0,3.0,4.0,5.0,3.0,5.0,6.0,4.0,3.0,4.0,3.0,2.0,4.0,4.0,4.0,4.0,5.0,5.0,5.0,5.0,3.0,5.0,4.0,4.0,4.0,3.0,4.0,3.0
E0355,J,Europe,1-3y,senior,hybrid,1,4.0,3.0,2.0,4.0,2.0,3.0,3.0,3.0,3.0,3.0,3.0,4.0,4.0,3.0,2.0,3.0,2.0,3.0,3.0,5.0,2.0,3.0,4.0,3.0,2.0,3.0,4.0,5.0,1.0,3.0,4.0,3.0,2.0,3.0,5.0,4.0,5.0,4.0,4.0,5.0,4.0,4.0,5.0,3.0,4.0,5.0,5.0,3.0,4.0
E0356,P,US,3-5y,senior,hybrid,1,4.0,4.0,4.0,10.0,5.0,4.0,4.0,5.0,2.0,5.0,5.0,5.0,3.0,5.0,5.0,4.0,4.0,3.0,4.0,3.0,5.0,4.0,5.0,5.0,3.0,3.0,5.0,7.0,4.0,5.0,4.0,3.0,4.0,4.0,4.0,4.0,3.0,3.0,4.0,4.0,5.0,5.0,4.0,4.0,5.0,4.0,3.0,5.0,5.0
E0357,K,Europe,1-3y,mid,hybrid,1,3.0,2.0,3.0,2.0,3.0,2.0,2.0,3.0,2.0,3.0,4.0,2.0,2.0,2.0,1.0,3.0,2.0,2.0,2.0,3.0,3.0,2.0,3.0,3.0,2.0,3.0,3.0,2.0,3.0,2.0,2.0,2.0,3.0,2.0,2.0,4.0,3.0,3.0,2.0,2.0,3.0,3.0,4.0,5.0,4.0,4.0,4.0,2.0,2.0
E0358,C,India,1-3y,mid,remote,1,5.0,3.0,5.0,8.0,4.0,4.0,3.0,3.0,4.0,4.0,4.0,3.0,4.0,3.0,4.0,4.0,4.0,5.0,2.0,4.0,4.0,2.0,3.0,4.0,4.0,4.0,3.0,7.0,3.0,3.0,5.0,2.0,3.0,2.0,4.0,4.0,5.0,4.0,4.0,3.0,4.0,3.0,2.0,3.0,4.0,5.0,5.0,2.0,3.0
E0359,I,Israel,<1y,junior,onsite,1,3.0,3.0,5.0,5.0,4.0,4.0,4.0,3.0,4.0,4.0,3.0,3.0,3.0,3.0,4.0,3.0,1.0,3.0,5.0,5.0,4.0,4.0,4.0,4.0,5.0,2.0,5.0,10.0,2.0,3.0,3.0,2.0,3.0,3.0,2.0,3.0,3.0,4.0,4.0,4.0,4.0,3.0,5.0,2.0,2.0,3.0,3.0,3.0,3.0
E0360,D,UK,1-3y,senior,hybrid,1,4.0,5.0,5.0,7.0,3.0,4.0,3.0,4.0,4.0,4.0,4.0,5.0,3.0,4.0,4.0,4.0,1.0,3.0,3.0,5.0,2.0,5.0,5.0,5.0,5.0,3.0,5.0,5.0,5.0,2.0,5.0,2.0,2.0,3.0,3.0,4.0,3.0,3.0,3.0,3.0,3.0,3.0,3.0,2.0,3.0,3.0,3.0,2.0,3.0
E0361,Other (24),Europe,3-5y,mid,hybrid,1,2.0,5.0,2.0,10.0,4.0,2.0,2.0,4.0,4.0,3.0,2.0,4.0,4.0,1.0,1.0,4.0,2.0,2.0,2.0,4.0,1.0,2.0,2.0,2.0,3.0,2.0,1.0,8.0,3.0,1.0,5.0,2.0,3.0,3.0,4.0,4.0,4.0,4.0,4.0,3.0,2.0,4.0,3.0,5.0,2.0,4.0,4.0,3.0,3.0
E0362,O,India,3-5y,junior,remote,1,3.0,3.0,5.0,5.0,2.0,4.0,3.0,2.0,5.0,4.0,4.0,4.0,3.0,5.0,4.0,4.0,2.0,3.0,3.0,3.0,4.0,5.0,4.0,4.0,5.0,2.0,5.0,10.0,4.0,2.0,2.0,2.0,2.0,2.0,4.0,4.0,3.0,3.0,5.0,3.0,2.0,3.0,4.0,3.0,3.0,5.0,5.0,3.0,3.0
E0363,A,Israel,<1y,lead,onsite,1,3.0,3.0,3.0,7.0,4.0,4.0,3.0,5.0,4.0,3.0,2.0,3.0,3.0,4.0,4.0,4.0,2.0,3.0,4.0,4.0,3.0,4.0,5.0,4.0,3.0,1.0,3.0,7.0,3.0,3.0,3.0,4.0,2.0,3.0,4.0,4.0,3.0,3.0,3.0,3.0,4.0,3.0,3.0,4.0,4.0,4.0,5.0,3.0,3.0
E0364,G,US,1-3y,mid,hybrid,1,3.0,5.0,3.0,10.0,5.0,3.0,2.0,5.0,2.0,4.0,4.0,3.0,4.0,4.0,4.0,4.0,3.0,3.0,4.0,4.0,4.0,4.0,3.0,3.0,5.0,4.0,4.0,9.0,4.0,3.0,4.0,3.0,2.0,3.0,5.0,5.0,4.0,3.0,4.0,3.0,3.0,3.0,4.0,4.0,4.0,3.0,4.0,4.0,3.0
E0365,K,Israel,>5y,junior,onsite,1,3.0,3.0,4.0,5.0,4.0,4.0,3.0,2.0,3.0,4.0,3.0,4.0,3.0,3.0,2.0,3.0,2.0,4.0,4.0,4.0,4.0,3.0,4.0,4.0,4.0,2.0,4.0,8.0,4.0,1.0,4.0,3.0,2.0,3.0,5.0,5.0,4.0,4.0,5.0,4.0,4.0,4.0,4.0,3.0,3.0,5.0,5.0,4.0,4.0
E0366,G,UK,>5y,mid,onsite,1,4.0,4.0,3.0,5.0,3.0,4.0,3.0,4.0,3.0,3.0,4.0,3.0,3.0,4.0,4.0,4.0,3.0,4.0,3.0,3.0,4.0,4.0,3.0,2.0,5.0,2.0,4.0,6.0,3.0,3.0,3.0,4.0,5.0,3.0,4.0,3.0,4.0,5.0,4.0,4.0,5.0,4.0,4.0,4.0,4.0,3.0,5.0,4.0,3.0
E0367,I,India,3-5y,mid,hybrid,1,3.0,4.0,4.0,8.0,4.0,4.0,4.0,5.0,3.0,3.0,4.0,3.0,3.0,3.0,2.0,4.0,2.0,3.0,4.0,5.0,4.0,5.0,4.0,4.0,5.0,4.0,5.0,5.0,3.0,2.0,5.0,2.0,3.0,3.0,5.0,5.0,4.0,3.0,3.0,5.0,3.0,3.0,3.0,3.0,5.0,3.0,3.0,3.0,2.0
E0368,P,UK,1-3y,junior,hybrid,1,2.0,4.0,5.0,9.0,5.0,3.0,2.0,4.0,3.0,5.0,4.0,5.0,3.0,5.0,1.0,5.0,2.0,3.0,3.0,3.0,3.0,4.0,3.0,4.0,4.0,3.0,5.0,8.0,4.0,3.0,5.0,2.0,2.0,3.0,3.0,4.0,3.0,3.0,4.0,3.0,4.0,4.0,3.0,2.0,3.0,4.0,4.0,5.0,5.0
E0369,J,UK,<1y,mid,hybrid,1,3.0,3.0,2.0,3.0,2.0,4.0,3.0,3.0,1.0,3.0,3.0,3.0,3.0,1.0,2.0,1.0,3.0,3.0,2.0,3.0,3.0,1.0,2.0,3.0,2.0,3.0,1.0,8.0,1.0,2.0,3.0,3.0,2.0,3.0,4.0,4.0,3.0,3.0,4.0,3.0,4.0,4.0,5.0,4.0,5.0,3.0,4.0,4.0,4.0
E0370,Other (24),Europe,1-3y,senior,hybrid,1,3.0,3.0,3.0,4.0,4.0,3.0,3.0,3.0,1.0,3.0,4.0,3.0,3.0,1.0,3.0,4.0,1.0,3.0,2.0,4.0,2.0,2.0,3.0,3.0,3.0,1.0,3.0,4.0,3.0,1.0,2.0,2.0,3.0,2.0,3.0,4.0,2.0,3.0,2.0,1.0,4.0,4.0,3.0,3.0,2.0,4.0,3.0,4.0,2.0
E0371,Other (24),UK,>5y,mid,remote,1,4.0,4.0,3.0,9.0,5.0,4.0,5.0,4.0,4.0,3.0,3.0,3.0,3.0,3.0,4.0,3.0,2.0,4.0,3.0,4.0,4.0,4.0,4.0,3.0,2.0,3.0,3.0,9.0,3.0,1.0,4.0,4.0,2.0,2.0,4.0,4.0,3.0,4.0,4.0,3.0,5.0,4.0,4.0,4.0,4.0,3.0,3.0,2.0,3.0
E0372,J,Israel,3-5y,mid,hybrid,1,1.0,3.0,3.0,5.0,3.0,2.0,2.0,3.0,2.0,2.0,2.0,3.0,1.0,3.0,2.0,3.0,3.0,2.0,1.0,4.0,2.0,3.0,4.0,3.0,3.0,2.0,4.0,4.0,2.0,2.0,2.0,3.0,2.0,2.0,4.0,5.0,4.0,1.0,4.0,2.0,3.0,3.0,3.0,3.0,4.0,3.0,4.0,1.0,3.0
E0373,B,Israel,1-3y,mid,remote,1,3.0,5.0,3.0,9.0,5.0,2.0,2.0,4.0,5.0,2.0,3.0,3.0,3.0,4.0,2.0,4.0,3.0,2.0,4.0,4.0,3.0,3.0,4.0,4.0,5.0,3.0,3.0,9.0,3.0,3.0,4.0,3.0,2.0,2.0,4.0,4.0,3.0,4.0,5.0,5.0,4.0,4.0,4.0,3.0,3.0,4.0,4.0,3.0,3.0
E0374,J,Israel,3-5y,senior,remote,1,4.0,4.0,1.0,5.0,4.0,4.0,3.0,4.0,2.0,2.0,2.0,2.0,2.0,2.0,3.0,1.0,2.0,2.0,3.0,3.0,3.0,2.0,1.0,2.0,2.0,3.0,3.0,4.0,1.0,2.0,3.0,3.0,2.0,2.0,3.0,3.0,3.0,3.0,3.0,2.0,3.0,3.0,3.0,3.0,4.0,3.0,4.0,2.0,4.0
E0375,P,UK,1-3y,junior,remote,1,4.0,4.0,3.0,7.0,5.0,3.0,3.0,4.0,2.0,4.0,4.0,3.0,3.0,3.0,3.0,4.0,2.0,2.0,3.0,3.0,4.0,4.0,3.0,3.0,5.0,2.0,5.0,4.0,3.0,3.0,5.0,2.0,3.0,2.0,4.0,5.0,4.0,4.0,4.0,2.0,3.0,4.0,4.0,4.0,3.0,5.0,5.0,4.0,4.0
E0376,I,UK,<1y,mid,hybrid,1,4.0,3.0,5.0,7.0,5.0,5.0,5.0,4.0,3.0,4.0,3.0,4.0,2.0,5.0,5.0,5.0,3.0,4.0,4.0,4.0,4.0,5.0,4.0,4.0,4.0,1.0,4.0,6.0,3.0,2.0,4.0,3.0,3.0,3.0,4.0,5.0,4.0,5.0,5.0,5.0,4.0,4.0,4.0,3.0,4.0,2.0,5.0,5.0,3.0
E0377,G,India,3-5y,junior,remote,1,4.0,4.0,2.0,6.0,4.0,4.0,3.0,4.0,2.0,2.0,2.0,3.0,3.0,3.0,3.0,4.0,3.0,4.0,3.0,3.0,5.0,3.0,2.0,2.0,4.0,4.0,4.0,9.0,2.0,3.0,3.0,3.0,4.0,2.0,4.0,5.0,3.0,4.0,4.0,3.0,3.0,4.0,4.0,4.0,4.0,5.0,5.0,3.0,3.0
E0378,G,US,<1y,senior,remote,1,5.0,3.0,3.0,8.0,3.0,5.0,4.0,4.0,5.0,3.0,3.0,4.0,4.0,3.0,4.0,3.0,5.0,5.0,3.0,3.0,5.0,3.0,3.0,3.0,5.0,4.0,3.0,9.0,5.0,3.0,4.0,3.0,4.0,4.0,5.0,5.0,4.0,3.0,5.0,4.0,4.0,4.0,4.0,3.0,4.0,4.0,4.0,4.0,4.0
E0379,Q,Israel,1-3y,senior,onsite,1,4.0,4.0,4.0,7.0,4.0,4.0,4.0,4.0,3.0,3.0,3.0,3.0,3.0,3.0,5.0,4.0,3.0,4.0,3.0,3.0,5.0,3.0,4.0,4.0,3.0,2.0,3.0,7.0,3.0,2.0,4.0,2.0,3.0,3.0,2.0,3.0,4.0,3.0,4.0,4.0,4.0,3.0,4.0,4.0,2.0,5.0,4.0,4.0,4.0
E0380,N,UK,1-3y,mid,onsite,1,3.0,3.0,5.0,5.0,4.0,4.0,4.0,4.0,4.0,4.0,4.0,4.0,3.0,5.0,5.0,4.0,5.0,3.0,4.0,5.0,4.0,5.0,4.0,5.0,5.0,4.0,5.0,7.0,3.0,4.0,5.0,4.0,4.0,5.0,4.0,5.0,4.0,5.0,5.0,5.0,3.0,4.0,3.0,5.0,5.0,4.0,4.0,3.0,4.0
E0381,A,UK,<1y,senior,onsite,1,2.0,3.0,3.0,5.0,3.0,3.0,3.0,3.0,5.0,3.0,4.0,3.0,5.0,4.0,2.0,3.0,4.0,4.0,3.0,3.0,2.0,3.0,3.0,4.0,3.0,2.0,4.0,10.0,2.0,4.0,3.0,4.0,3.0,3.0,4.0,5.0,3.0,5.0,4.0,4.0,3.0,3.0,4.0,3.0,4.0,4.0,4.0,2.0,3.0
E0382,Other (24),US,>5y,senior,hybrid,1,5.0,4.0,3.0,8.0,4.0,3.0,3.0,4.0,3.0,2.0,4.0,4.0,2.0,2.0,4.0,2.0,2.0,4.0,3.0,3.0,4.0,3.0,3.0,4.0,3.0,2.0,3.0,4.0,2.0,2.0,4.0,3.0,3.0,2.0,4.0,4.0,4.0,4.0,4.0,3.0,5.0,3.0,5.0,4.0,4.0,5.0,5.0,1.0,2.0
E0383,Other (24),Israel,1-3y,lead,onsite,1,4.0,5.0,4.0,7.0,4.0,3.0,4.0,4.0,5.0,4.0,4.0,3.0,4.0,4.0,3.0,4.0,3.0,4.0,4.0,5.0,3.0,4.0,3.0,4.0,5.0,2.0,3.0,10.0,5.0,3.0,4.0,3.0,3.0,2.0,4.0,4.0,4.0,5.0,4.0,5.0,3.0,5.0,4.0,5.0,4.0,5.0,5.0,3.0,4.0
E0384,K,India,1-3y,lead,hybrid,1,3.0,4.0,4.0,5.0,3.0,3.0,3.0,3.0,2.0,5.0,3.0,5.0,1.0,4.0,2.0,5.0,2.0,3.0,4.0,5.0,4.0,4.0,4.0,4.0,4.0,2.0,5.0,2.0,4.0,1.0,4.0,2.0,2.0,2.0,4.0,4.0,4.0,4.0,5.0,4.0,4.0,4.0,3.0,3.0,2.0,3.0,4.0,4.0,4.0
E0385,J,Israel,3-5y,mid,hybrid,1,3.0,3.0,3.0,4.0,3.0,3.0,3.0,3.0,3.0,2.0,3.0,2.0,2.0,2.0,3.0,4.0,3.0,3.0,4.0,3.0,2.0,3.0,2.0,3.0,2.0,2.0,3.0,6.0,2.0,2.0,4.0,2.0,2.0,2.0,4.0,3.0,3.0,3.0,3.0,3.0,4.0,4.0,4.0,2.0,5.0,3.0,4.0,3.0,4.0
E0386,H,Europe,1-3y,junior,hybrid,1,5.0,5.0,5.0,9.0,5.0,5.0,5.0,5.0,5.0,5.0,5.0,5.0,5.0,4.0,5.0,5.0,4.0,5.0,5.0,5.0,5.0,5.0,5.0,5.0,5.0,4.0,5.0,9.0,3.0,5.0,4.0,4.0,5.0,5.0,4.0,4.0,5.0,5.0,5.0,5.0,5.0,5.0,5.0,3.0,4.0,4.0,3.0,3.0,3.0
E0387,Other (24),UK,1-3y,mid,onsite,1,3.0,4.0,4.0,7.0,4.0,3.0,4.0,4.0,2.0,4.0,4.0,4.0,3.0,3.0,3.0,4.0,3.0,3.0,4.0,5.0,3.0,4.0,3.0,4.0,4.0,2.0,4.0,4.0,3.0,2.0,4.0,3.0,3.0,2.0,3.0,4.0,4.0,3.0,3.0,4.0,4.0,4.0,4.0,4.0,3.0,3.0,3.0,4.0,5.0
E0388,D,UK,1-3y,senior,hybrid,1,3.0,5.0,3.0,9.0,5.0,3.0,2.0,5.0,3.0,5.0,4.0,5.0,3.0,5.0,5.0,4.0,3.0,1.0,4.0,4.0,3.0,5.0,5.0,4.0,5.0,3.0,4.0,6.0,3.0,4.0,5.0,2.0,2.0,3.0,4.0,5.0,5.0,4.0,4.0,2.0,4.0,4.0,4.0,3.0,3.0,5.0,4.0,4.0,3.0
E0389,R,India,3-5y,mid,onsite,1,3.0,5.0,4.0,8.0,4.0,3.0,3.0,5.0,4.0,4.0,4.0,4.0,5.0,4.0,3.0,4.0,4.0,4.0,5.0,3.0,3.0,4.0,4.0,2.0,4.0,4.0,3.0,10.0,5.0,4.0,5.0,2.0,2.0,3.0,4.0,5.0,4.0,4.0,5.0,3.0,5.0,5.0,4.0,5.0,4.0,5.0,4.0,5.0,3.0
E0390,Other (24),US,1-3y,junior,hybrid,1,5.0,4.0,4.0,6.0,3.0,5.0,5.0,3.0,3.0,5.0,3.0,3.0,2.0,3.0,5.0,5.0,2.0,5.0,2.0,3.0,4.0,3.0,3.0,4.0,4.0,3.0,3.0,4.0,3.0,1.0,3.0,4.0,2.0,1.0,3.0,5.0,5.0,4.0,4.0,5.0,3.0,3.0,4.0,3.0,3.0,5.0,5.0,3.0,4.0
E0391,C,US,<1y,mid,hybrid,1,2.0,2.0,4.0,6.0,4.0,3.0,3.0,2.0,3.0,3.0,3.0,4.0,2.0,3.0,4.0,3.0,3.0,3.0,3.0,3.0,3.0,3.0,4.0,3.0,4.0,3.0,3.0,5.0,3.0,2.0,5.0,2.0,1.0,2.0,3.0,3.0,4.0,4.0,4.0,4.0,4.0,4.0,3.0,3.0,3.0,4.0,3.0,2.0,3.0
E0392,B,Europe,>5y,lead,hybrid,1,3.0,4.0,4.0,7.0,3.0,4.0,3.0,4.0,5.0,3.0,4.0,5.0,4.0,3.0,2.0,4.0,3.0,3.0,4.0,5.0,3.0,4.0,3.0,5.0,5.0,3.0,4.0,10.0,3.0,2.0,4.0,2.0,3.0,1.0,3.0,5.0,4.0,4.0,3.0,3.0,5.0,3.0,4.0,2.0,4.0,4.0,3.0,4.0,3.0
E0393,F,US,3-5y,mid,hybrid,1,3.0,2.0,3.0,4.0,2.0,3.0,3.0,3.0,2.0,3.0,2.0,3.0,2.0,4.0,3.0,2.0,3.0,2.0,1.0,2.0,2.0,4.0,3.0,4.0,3.0,2.0,3.0,7.0,3.0,2.0,4.0,2.0,2.0,3.0,4.0,3.0,3.0,4.0,1.0,3.0,3.0,2.0,2.0,3.0,3.0,1.0,2.0,4.0,4.0
E0394,G,Israel,1-3y,mid,hybrid,1,2.0,3.0,3.0,7.0,3.0,4.0,3.0,2.0,3.0,3.0,2.0,3.0,3.0,3.0,2.0,3.0,2.0,3.0,3.0,3.0,2.0,2.0,2.0,3.0,4.0,2.0,3.0,7.0,3.0,1.0,2.0,3.0,2.0,2.0,4.0,4.0,2.0,3.0,4.0,3.0,4.0,4.0,4.0,2.0,4.0,3.0,4.0,4.0,3.0
E0395,M,Israel,<1y,mid,hybrid,1,5.0,5.0,4.0,8.0,5.0,4.0,4.0,5.0,4.0,3.0,2.0,3.0,5.0,2.0,5.0,3.0,4.0,4.0,4.0,5.0,4.0,2.0,3.0,4.0,5.0,5.0,3.0,7.0,4.0,3.0,5.0,2.0,3.0,3.0,5.0,4.0,4.0,5.0,5.0,5.0,4.0,4.0,4.0,4.0,5.0,3.0,5.0,3.0,3.0
E0396,Q,UK,<1y,mid,hybrid,1,4.0,3.0,3.0,5.0,3.0,5.0,3.0,4.0,3.0,3.0,3.0,2.0,3.0,4.0,5.0,4.0,4.0,4.0,4.0,3.0,5.0,4.0,4.0,3.0,4.0,3.0,3.0,5.0,3.0,2.0,4.0,2.0,3.0,3.0,4.0,3.0,4.0,3.0,4.0,5.0,3.0,4.0,3.0,3.0,4.0,4.0,3.0,4.0,5.0
E0397,Other (24),India,>5y,mid,onsite,1,3.0,4.0,3.0,6.0,4.0,3.0,3.0,4.0,2.0,4.0,4.0,4.0,3.0,2.0,3.0,4.0,3.0,3.0,4.0,4.0,2.0,4.0,4.0,4.0,5.0,3.0,4.0,4.0,4.0,3.0,4.0,3.0,4.0,4.0,3.0,4.0,4.0,5.0,3.0,4.0,3.0,3.0,3.0,4.0,5.0,2.0,3.0,3.0,5.0
E0398,Other (24),Israel,1-3y,lead,hybrid,1,4.0,4.0,4.0,10.0,4.0,4.0,4.0,4.0,4.0,5.0,4.0,4.0,3.0,3.0,3.0,5.0,3.0,4.0,3.0,5.0,4.0,4.0,4.0,5.0,4.0,3.0,4.0,6.0,4.0,3.0,4.0,4.0,5.0,3.0,4.0,5.0,4.0,5.0,5.0,4.0,4.0,4.0,3.0,5.0,4.0,3.0,4.0,3.0,3.0
E0399,D,UK,>5y,mid,remote,1,5.0,5.0,5.0,6.0,4.0,4.0,4.0,4.0,3.0,4.0,3.0,5.0,4.0,5.0,5.0,4.0,3.0,3.0,3.0,5.0,4.0,5.0,4.0,5.0,5.0,5.0,5.0,8.0,4.0,4.0,3.0,4.0,2.0,5.0,4.0,4.0,4.0,5.0,4.0,4.0,3.0,2.0,5.0,4.0,4.0,4.0,3.0,3.0,3.0
E0400,Other (24),US,1-3y,junior,remote,1,3.0,2.0,4.0,4.0,3.0,3.0,2.0,3.0,4.0,3.0,3.0,4.0,3.0,3.0,1.0,2.0,1.0,3.0,2.0,5.0,2.0,5.0,4.0,5.0,4.0,1.0,4.0,6.0,3.0,1.0,2.0,1.0,2.0,1.0,3.0,3.0,3.0,3.0,3.0,3.0,3.0,3.0,2.0,2.0,3.0,3.0,2.0,4.0,3.0
E0401,F,US,<1y,junior,hybrid,1,3.0,4.0,3.0,6.0,3.0,4.0,4.0,3.0,5.0,5.0,3.0,4.0,4.0,4.0,5.0,5.0,4.0,4.0,3.0,4.0,3.0,5.0,5.0,5.0,4.0,3.0,4.0,10.0,4.0,4.0,5.0,3.0,4.0,4.0,5.0,5.0,5.0,4.0,3.0,3.0,5.0,5.0,4.0,4.0,4.0,4.0,4.0,5.0,4.0
E0402,L,Europe,1-3y,senior,remote,1,4.0,2.0,4.0,4.0,2.0,3.0,3.0,3.0,5.0,2.0,3.0,3.0,3.0,3.0,4.0,3.0,2.0,2.0,3.0,3.0,3.0,3.0,4.0,3.0,4.0,2.0,3.0,8.0,3.0,2.0,3.0,1.0,2.0,2.0,4.0,5.0,4.0,3.0,3.0,4.0,4.0,3.0,4.0,3.0,3.0,3.0,4.0,3.0,3.0
E0403,Other (24),Europe,>5y,mid,hybrid,1,3.0,5.0,5.0,7.0,3.0,4.0,4.0,3.0,3.0,5.0,4.0,5.0,2.0,4.0,3.0,5.0,3.0,5.0,3.0,5.0,3.0,5.0,5.0,4.0,5.0,3.0,5.0,8.0,5.0,3.0,3.0,3.0,4.0,2.0,4.0,4.0,4.0,4.0,5.0,5.0,4.0,4.0,3.0,5.0,4.0,4.0,3.0,3.0,3.0
E0404,Q,US,>5y,mid,remote,1,4.0,3.0,3.0,7.0,4.0,4.0,4.0,5.0,5.0,4.0,2.0,3.0,5.0,3.0,4.0,4.0,3.0,2.0,3.0,3.0,5.0,3.0,2.0,4.0,4.0,2.0,4.0,7.0,4.0,4.0,4.0,3.0,1.0,5.0,4.0,4.0,3.0,3.0,4.0,4.0,4.0,4.0,4.0,3.0,3.0,4.0,3.0,4.0,3.0
E0405,N,UK,3-5y,junior,remote,1,4.0,5.0,5.0,10.0,5.0,3.0,3.0,5.0,4.0,3.0,4.0,4.0,3.0,5.0,4.0,3.0,4.0,4.0,5.0,5.0,4.0,5.0,4.0,4.0,5.0,3.0,4.0,6.0,5.0,4.0,4.0,4.0,4.0,4.0,4.0,3.0,4.0,4.0,4.0,5.0,4.0,4.0,5.0,3.0,4.0,5.0,4.0,4.0,5.0
E0406,F,India,<1y,junior,hybrid,1,4.0,4.0,4.0,5.0,4.0,3.0,4.0,3.0,4.0,4.0,3.0,3.0,4.0,4.0,4.0,4.0,4.0,3.0,4.0,4.0,3.0,4.0,4.0,4.0,4.0,2.0,4.0,10.0,3.0,3.0,5.0,5.0,4.0,4.0,5.0,5.0,4.0,4.0,3.0,4.0,4.0,5.0,4.0,4.0,4.0,4.0,5.0,3.0,4.0
E0407,L,US,<1y,senior,onsite,1,4.0,3.0,4.0,3.0,3.0,4.0,4.0,3.0,4.0,3.0,2.0,3.0,2.0,3.0,4.0,3.0,3.0,4.0,4.0,4.0,3.0,3.0,3.0,4.0,4.0,1.0,3.0,5.0,2.0,2.0,4.0,2.0,2.0,1.0,5.0,3.0,4.0,4.0,3.0,3.0,3.0,4.0,4.0,3.0,4.0,4.0,4.0,3.0,4.0
E0408,D,US,<1y,senior,remote,1,5.0,5.0,3.0,8.0,5.0,5.0,2.0,4.0,2.0,4.0,3.0,4.0,1.0,4.0,5.0,3.0,1.0,3.0,4.0,5.0,3.0,4.0,3.0,2.0,4.0,4.0,3.0,6.0,3.0,4.0,5.0,3.0,2.0,4.0,5.0,4.0,5.0,4.0,4.0,3.0,3.0,3.0,2.0,4.0,4.0,5.0,5.0,4.0,5.0
E0409,R,Europe,3-5y,mid,hybrid,1,3.0,5.0,4.0,8.0,4.0,5.0,2.0,5.0,4.0,4.0,4.0,4.0,4.0,3.0,4.0,5.0,3.0,4.0,5.0,3.0,4.0,3.0,4.0,3.0,5.0,3.0,4.0,8.0,4.0,3.0,5.0,4.0,3.0,3.0,4.0,5.0,5.0,3.0,3.0,3.0,3.0,5.0,4.0,4.0,3.0,4.0,3.0,2.0,3.0
E0410,Other (24),UK,<1y,junior,hybrid,1,3.0,3.0,4.0,6.0,3.0,5.0,4.0,4.0,1.0,4.0,3.0,3.0,2.0,1.0,2.0,2.0,2.0,5.0,3.0,3.0,2.0,2.0,3.0,3.0,2.0,2.0,2.0,6.0,2.0,3.0,5.0,3.0,3.0,3.0,4.0,3.0,4.0,4.0,5.0,5.0,2.0,4.0,2.0,4.0,4.0,4.0,4.0,4.0,3.0
E0411,M,UK,1-3y,junior,remote,1,4.0,5.0,5.0,7.0,4.0,5.0,3.0,3.0,3.0,3.0,1.0,3.0,4.0,3.0,3.0,2.0,3.0,3.0,4.0,5.0,5.0,2.0,2.0,3.0,4.0,4.0,3.0,6.0,3.0,4.0,4.0,3.0,4.0,4.0,4.0,4.0,3.0,3.0,4.0,4.0,4.0,5.0,5.0,5.0,4.0,3.0,4.0,3.0,3.0
E0412,N,US,>5y,senior,hybrid,1,4.0,4.0,5.0,10.0,5.0,5.0,4.0,5.0,4.0,4.0,3.0,5.0,3.0,4.0,5.0,4.0,4.0,4.0,4.0,5.0,5.0,5.0,5.0,4.0,3.0,3.0,5.0,6.0,5.0,4.0,5.0,4.0,5.0,4.0,4.0,5.0,3.0,4.0,4.0,4.0,4.0,5.0,5.0,4.0,5.0,5.0,5.0,4.0,5.0
E0413,Other (24),Israel,3-5y,mid,remote,1,3.0,4.0,4.0,8.0,4.0,2.0,3.0,3.0,3.0,3.0,2.0,4.0,2.0,2.0,2.0,4.0,2.0,3.0,3.0,4.0,4.0,4.0,3.0,4.0,3.0,2.0,4.0,7.0,3.0,2.0,5.0,3.0,3.0,2.0,4.0,5.0,3.0,3.0,3.0,3.0,4.0,3.0,3.0,4.0,3.0,4.0,3.0,3.0,3.0
E0414,A,UK,1-3y,junior,hybrid,1,4.0,5.0,3.0,8.0,3.0,4.0,5.0,4.0,3.0,3.0,3.0,3.0,2.0,2.0,3.0,2.0,1.0,4.0,4.0,3.0,5.0,3.0,2.0,3.0,4.0,1.0,3.0,9.0,1.0,1.0,4.0,1.0,1.0,1.0,4.0,4.0,5.0,3.0,4.0,3.0,4.0,4.0,4.0,2.0,2.0,4.0,2.0,4.0,5.0
E0415,D,Europe,<1y,junior,hybrid,1,5.0,3.0,5.0,5.0,5.0,4.0,4.0,4.0,5.0,5.0,3.0,4.0,4.0,4.0,5.0,4.0,2.0,3.0,2.0,5.0,5.0,5.0,4.0,4.0,5.0,5.0,5.0,7.0,4.0,4.0,5.0,2.0,2.0,5.0,4.0,3.0,4.0,3.0,5.0,4.0,4.0,5.0,5.0,5.0,4.0,4.0,5.0,3.0,4.0
E0416,G,US,1-3y,senior,hybrid,1,5.0,3.0,2.0,8.0,3.0,4.0,4.0,2.0,2.0,3.0,2.0,3.0,2.0,2.0,5.0,3.0,3.0,4.0,3.0,3.0,4.0,2.0,1.0,2.0,4.0,3.0,3.0,6.0,2.0,2.0,3.0,3.0,4.0,3.0,4.0,4.0,3.0,4.0,3.0,2.0,3.0,5.0,4.0,5.0,5.0,5.0,4.0,5.0,5.0
E0417,H,Europe,1-3y,mid,hybrid,1,5.0,5.0,5.0,10.0,4.0,5.0,5.0,5.0,5.0,5.0,5.0,5.0,4.0,5.0,5.0,5.0,2.0,5.0,5.0,5.0,5.0,5.0,5.0,5.0,5.0,4.0,5.0,6.0,5.0,5.0,5.0,3.0,4.0,5.0,4.0,5.0,5.0,5.0,2.0,4.0,4.0,4.0,3.0,4.0,4.0,5.0,5.0,3.0,4.0
E0418,B,Israel,1-3y,junior,hybrid,1,5.0,5.0,5.0,8.0,5.0,4.0,4.0,5.0,5.0,5.0,5.0,5.0,4.0,4.0,3.0,4.0,4.0,3.0,4.0,5.0,4.0,5.0,5.0,5.0,5.0,4.0,4.0,8.0,5.0,5.0,5.0,4.0,3.0,4.0,5.0,5.0,4.0,5.0,5.0,5.0,4.0,4.0,4.0,5.0,5.0,4.0,5.0,3.0,5.0
E0419,Other (24),US,<1y,junior,hybrid,1,4.0,4.0,5.0,7.0,3.0,4.0,3.0,4.0,2.0,5.0,4.0,5.0,2.0,4.0,3.0,5.0,3.0,3.0,3.0,4.0,3.0,5.0,4.0,5.0,5.0,2.0,5.0,5.0,4.0,2.0,4.0,2.0,3.0,1.0,5.0,4.0,3.0,4.0,5.0,4.0,3.0,4.0,3.0,3.0,3.0,5.0,4.0,4.0,4.0
E0420,Other (24),Europe,1-3y,lead,onsite,1,4.0,4.0,2.0,7.0,3.0,5.0,4.0,4.0,3.0,3.0,1.0,3.0,3.0,1.0,3.0,2.0,3.0,4.0,3.0,2.0,3.0,2.0,2.0,2.0,4.0,3.0,2.0,6.0,4.0,2.0,3.0,3.0,4.0,2.0,3.0,5.0,4.0,4.0,3.0,3.0,4.0,4.0,5.0,5.0,4.0,5.0,5.0,3.0,4.0
E0421,J,US,>5y,senior,hybrid,1,2.0,3.0,2.0,2.0,2.0,3.0,1.0,3.0,2.0,3.0,2.0,2.0,2.0,2.0,3.0,2.0,2.0,3.0,3.0,3.0,2.0,3.0,3.0,2.0,3.0,2.0,3.0,4.0,3.0,2.0,4.0,2.0,2.0,3.0,3.0,4.0,5.0,4.0,3.0,4.0,4.0,2.0,3.0,3.0,3.0,4.0,3.0,2.0,2.0
E0422,H,US,<1y,junior,onsite,1,5.0,5.0,5.0,9.0,4.0,4.0,4.0,4.0,5.0,3.0,4.0,4.0,4.0,3.0,4.0,5.0,3.0,3.0,4.0,3.0,4.0,4.0,3.0,4.0,4.0,5.0,4.0,9.0,4.0,5.0,4.0,2.0,4.0,4.0,4.0,4.0,4.0,3.0,4.0,3.0,4.0,4.0,4.0,4.0,3.0,3.0,3.0,3.0,3.0
E0423,B,Europe,1-3y,senior,hybrid,1,4.0,3.0,4.0,9.0,3.0,3.0,5.0,5.0,4.0,4.0,2.0,3.0,4.0,3.0,4.0,3.0,4.0,3.0,3.0,4.0,4.0,3.0,3.0,4.0,5.0,4.0,3.0,9.0,3.0,3.0,4.0,4.0,3.0,3.0,5.0,4.0,4.0,4.0,4.0,4.0,4.0,4.0,4.0,3.0,3.0,2.0,3.0,3.0,3.0
E0424,Other (24),US,<1y,mid,onsite,1,3.0,2.0,3.0,5.0,3.0,2.0,2.0,3.0,4.0,3.0,2.0,3.0,4.0,1.0,1.0,4.0,1.0,2.0,3.0,3.0,2.0,3.0,3.0,3.0,2.0,1.0,2.0,8.0,3.0,1.0,2.0,2.0,1.0,1.0,4.0,4.0,3.0,2.0,2.0,2.0,2.0,2.0,3.0,2.0,1.0,3.0,2.0,2.0,2.0
E0425,J,UK,3-5y,lead,hybrid,1,2.0,3.0,3.0,3.0,3.0,3.0,2.0,3.0,1.0,3.0,3.0,3.0,1.0,4.0,3.0,3.0,3.0,1.0,2.0,3.0,2.0,3.0,4.0,4.0,5.0,1.0,3.0,1.0,3.0,2.0,3.0,3.0,1.0,3.0,3.0,2.0,3.0,3.0,3.0,3.0,3.0,3.0,3.0,3.0,3.0,5.0,3.0,4.0,3.0
E0426,C,US,>5y,mid,onsite,1,2.0,4.0,5.0,7.0,5.0,4.0,2.0,3.0,4.0,3.0,2.0,4.0,5.0,2.0,2.0,4.0,3.0,4.0,3.0,5.0,2.0,2.0,4.0,4.0,3.0,3.0,3.0,7.0,2.0,2.0,4.0,2.0,3.0,2.0,4.0,3.0,4.0,5.0,5.0,5.0,4.0,4.0,4.0,3.0,4.0,5.0,5.0,4.0,4.0
E0427,O,Israel,3-5y,lead,remote,1,1.0,5.0,5.0,8.0,4.0,2.0,1.0,5.0,2.0,4.0,5.0,4.0,2.0,3.0,2.0,4.0,1.0,3.0,4.0,4.0,2.0,5.0,5.0,4.0,4.0,1.0,5.0,5.0,3.0,2.0,5.0,2.0,2.0,1.0,4.0,3.0,4.0,5.0,5.0,5.0,4.0,4.0,3.0,3.0,3.0,4.0,4.0,4.0,5.0
E0428,Other (24),US,1-3y,mid,onsite,1,5.0,4.0,5.0,9.0,4.0,5.0,5.0,4.0,3.0,5.0,5.0,5.0,3.0,4.0,4.0,5.0,3.0,5.0,5.0,5.0,5.0,4.0,5.0,5.0,5.0,2.0,5.0,5.0,5.0,5.0,5.0,5.0,5.0,3.0,5.0,5.0,5.0,4.0,5.0,3.0,5.0,5.0,4.0,5.0,5.0,3.0,4.0,4.0,5.0
E0429,Other (24),US,>5y,junior,remote,1,4.0,5.0,4.0,9.0,4.0,4.0,3.0,3.0,3.0,3.0,3.0,4.0,1.0,3.0,2.0,4.0,3.0,3.0,3.0,4.0,4.0,3.0,4.0,3.0,4.0,2.0,3.0,6.0,3.0,3.0,5.0,3.0,4.0,2.0,5.0,4.0,4.0,4.0,4.0,4.0,5.0,5.0,5.0,4.0,3.0,4.0,3.0,3.0,3.0
E0430,R,UK,3-5y,mid,remote,1,4.0,4.0,4.0,10.0,5.0,5.0,4.0,5.0,3.0,5.0,4.0,5.0,4.0,5.0,4.0,4.0,2.0,3.0,3.0,5.0,3.0,4.0,4.0,4.0,5.0,2.0,3.0,7.0,4.0,2.0,5.0,1.0,1.0,3.0,4.0,5.0,4.0,3.0,4.0,3.0,4.0,4.0,4.0,3.0,3.0,5.0,4.0,5.0,3.0
E0431,H,US,<1y,senior,remote,1,5.0,4.0,5.0,10.0,3.0,5.0,4.0,4.0,5.0,5.0,4.0,5.0,5.0,5.0,4.0,5.0,4.0,4.0,4.0,5.0,4.0,5.0,4.0,3.0,5.0,5.0,5.0,10.0,3.0,3.0,4.0,3.0,2.0,5.0,4.0,4.0,4.0,4.0,4.0,3.0,3.0,4.0,3.0,4.0,3.0,4.0,2.0,4.0,4.0
E0432,R,UK,>5y,mid,hybrid,1,3.0,5.0,4.0,8.0,5.0,4.0,4.0,4.0,4.0,5.0,5.0,4.0,5.0,4.0,3.0,5.0,1.0,3.0,4.0,5.0,5.0,5.0,5.0,5.0,5.0,4.0,4.0,10.0,4.0,3.0,5.0,2.0,4.0,4.0,5.0,5.0,4.0,4.0,4.0,4.0,4.0,4.0,4.0,4.0,5.0,5.0,4.0,4.0,3.0
E0433,O,UK,<1y,mid,remote,1,5.0,4.0,4.0,7.0,4.0,4.0,5.0,5.0,3.0,3.0,1.0,2.0,2.0,3.0,4.0,2.0,3.0,3.0,5.0,3.0,5.0,2.0,3.0,3.0,4.0,3.0,3.0,4.0,3.0,3.0,5.0,3.0,3.0,2.0,4.0,3.0,4.0,3.0,3.0,3.0,4.0,4.0,3.0,5.0,3.0,5.0,3.0,5.0,4.0
E0434,Other (24),UK,1-3y,mid,hybrid,1,4.0,3.0,4.0,6.0,3.0,5.0,5.0,2.0,2.0,4.0,3.0,4.0,4.0,3.0,3.0,4.0,2.0,5.0,2.0,5.0,5.0,3.0,3.0,3.0,4.0,1.0,3.0,8.0,4.0,2.0,2.0,3.0,2.0,2.0,3.0,4.0,4.0,2.0,2.0,3.0,4.0,4.0,4.0,4.0,3.0,2.0,3.0,3.0,3.0
E0435,E,UK,>5y,lead,remote,1,3.0,5.0,5.0,10.0,5.0,2.0,2.0,5.0,2.0,3.0,2.0,3.0,3.0,3.0,1.0,3.0,3.0,3.0,4.0,5.0,4.0,2.0,2.0,4.0,3.0,3.0,4.0,8.0,3.0,2.0,5.0,2.0,2.0,2.0,3.0,4.0,4.0,4.0,4.0,4.0,2.0,4.0,2.0,2.0,3.0,3.0,4.0,4.0,3.0
E0436,L,US,<1y,junior,remote,1,4.0,3.0,4.0,5.0,2.0,3.0,3.0,3.0,3.0,3.0,4.0,5.0,3.0,4.0,4.0,3.0,4.0,3.0,2.0,3.0,4.0,4.0,2.0,5.0,5.0,2.0,4.0,6.0,4.0,3.0,4.0,4.0,2.0,4.0,4.0,5.0,5.0,5.0,4.0,5.0,4.0,4.0,3.0,5.0,4.0,3.0,3.0,4.0,4.0
E0437,L,Israel,1-3y,junior,onsite,1,4.0,1.0,3.0,3.0,3.0,4.0,2.0,3.0,2.0,4.0,1.0,4.0,3.0,3.0,2.0,3.0,1.0,4.0,1.0,4.0,3.0,3.0,4.0,3.0,3.0,2.0,4.0,5.0,3.0,1.0,4.0,2.0,3.0,2.0,4.0,3.0,4.0,2.0,3.0,3.0,4.0,2.0,3.0,3.0,3.0,3.0,4.0,3.0,2.0
E0438,Other (24),US,3-5y,mid,hybrid,1,3.0,4.0,4.0,7.0,4.0,4.0,4.0,4.0,3.0,5.0,3.0,5.0,2.0,3.0,4.0,5.0,2.0,4.0,4.0,4.0,4.0,4.0,4.0,3.0,4.0,2.0,3.0,6.0,3.0,2.0,3.0,2.0,3.0,3.0,4.0,4.0,5.0,4.0,5.0,4.0,5.0,3.0,5.0,4.0,4.0,4.0,5.0,4.0,5.0
E0439,I,India,3-5y,mid,onsite,1,3.0,4.0,5.0,7.0,3.0,4.0,3.0,4.0,4.0,3.0,3.0,3.0,3.0,4.0,2.0,3.0,3.0,3.0,4.0,4.0,4.0,5.0,3.0,3.0,4.0,3.0,3.0,4.0,5.0,4.0,4.0,3.0,4.0,2.0,4.0,4.0,5.0,4.0,4.0,3.0,4.0,5.0,3.0,5.0,4.0,3.0,3.0,4.0,3.0
E0440,L,US,1-3y,senior,onsite,1,4.0,4.0,5.0,5.0,4.0,5.0,4.0,3.0,3.0,4.0,3.0,4.0,3.0,4.0,5.0,5.0,2.0,5.0,4.0,4.0,4.0,5.0,4.0,5.0,4.0,3.0,5.0,9.0,3.0,3.0,4.0,4.0,4.0,2.0,5.0,5.0,5.0,4.0,4.0,4.0,3.0,3.0,4.0,5.0,3.0,4.0,4.0,3.0,4.0
E0441,M,UK,1-3y,junior,hybrid,1,5.0,4.0,4.0,10.0,2.0,5.0,3.0,3.0,4.0,3.0,4.0,5.0,3.0,4.0,5.0,4.0,3.0,5.0,4.0,5.0,5.0,3.0,5.0,3.0,4.0,5.0,4.0,9.0,4.0,4.0,4.0,3.0,2.0,3.0,4.0,5.0,5.0,5.0,5.0,4.0,3.0,4.0,4.0,4.0,5.0,5.0,4.0,4.0,2.0
E0442,A,UK,3-5y,junior,onsite,1,3.0,3.0,3.0,6.0,3.0,4.0,5.0,4.0,4.0,4.0,3.0,3.0,3.0,5.0,4.0,5.0,4.0,5.0,2.0,4.0,4.0,4.0,4.0,4.0,4.0,4.0,4.0,10.0,4.0,3.0,5.0,3.0,3.0,3.0,4.0,4.0,5.0,3.0,3.0,4.0,4.0,5.0,4.0,5.0,5.0,5.0,5.0,4.0,5.0
E0443,N,US,<1y,mid,hybrid,1,4.0,4.0,4.0,8.0,4.0,3.0,4.0,5.0,2.0,4.0,3.0,4.0,2.0,4.0,5.0,5.0,3.0,3.0,4.0,5.0,3.0,5.0,5.0,5.0,4.0,3.0,4.0,3.0,4.0,3.0,5.0,3.0,3.0,5.0,5.0,5.0,5.0,4.0,5.0,4.0,4.0,5.0,3.0,3.0,4.0,4.0,5.0,3.0,3.0
E0444,B,US,>5y,senior,hybrid,1,4.0,5.0,5.0,7.0,5.0,3.0,5.0,5.0,4.0,4.0,2.0,4.0,4.0,3.0,5.0,3.0,3.0,4.0,4.0,4.0,4.0,4.0,3.0,4.0,5.0,3.0,4.0,10.0,4.0,3.0,5.0,1.0,3.0,2.0,4.0,5.0,5.0,4.0,3.0,4.0,5.0,4.0,5.0,3.0,4.0,5.0,5.0,4.0,4.0
E0445,B,Israel,1-3y,mid,remote,1,4.0,4.0,5.0,10.0,4.0,4.0,5.0,4.0,3.0,4.0,4.0,3.0,2.0,3.0,4.0,3.0,4.0,3.0,4.0,4.0,3.0,2.0,2.0,4.0,3.0,3.0,4.0,10.0,2.0,3.0,4.0,2.0,3.0,4.0,5.0,4.0,4.0,5.0,5.0,4.0,4.0,3.0,4.0,2.0,3.0,2.0,4.0,3.0,2.0
E0446,R,Israel,>5y,mid,hybrid,1,4.0,5.0,4.0,6.0,3.0,4.0,3.0,3.0,3.0,5.0,4.0,4.0,2.0,3.0,3.0,4.0,3.0,2.0,3.0,4.0,3.0,4.0,4.0,4.0,5.0,4.0,5.0,8.0,4.0,3.0,4.0,3.0,4.0,3.0,5.0,4.0,5.0,5.0,4.0,3.0,5.0,4.0,5.0,4.0,4.0,5.0,4.0,5.0,5.0
E0447,G,UK,>5y,mid,onsite,1,4.0,4.0,5.0,8.0,4.0,3.0,2.0,4.0,3.0,4.0,4.0,4.0,4.0,4.0,3.0,4.0,2.0,3.0,3.0,4.0,5.0,5.0,3.0,4.0,4.0,3.0,4.0,9.0,3.0,3.0,2.0,2.0,3.0,1.0,5.0,4.0,3.0,4.0,4.0,4.0,3.0,3.0,4.0,4.0,4.0,4.0,5.0,2.0,4.0
E0448,I,UK,>5y,mid,remote,1,4.0,3.0,5.0,9.0,5.0,5.0,5.0,4.0,3.0,4.0,4.0,4.0,3.0,5.0,4.0,3.0,4.0,4.0,4.0,4.0,3.0,5.0,3.0,4.0,4.0,2.0,3.0,6.0,3.0,4.0,5.0,4.0,3.0,3.0,3.0,3.0,3.0,4.0,3.0,4.0,3.0,5.0,4.0,5.0,4.0,5.0,5.0,5.0,4.0
E0449,Other (24),US,1-3y,mid,onsite,1,3.0,3.0,4.0,5.0,3.0,4.0,3.0,2.0,2.0,4.0,3.0,4.0,2.0,2.0,3.0,3.0,1.0,2.0,2.0,4.0,3.0,3.0,4.0,4.0,4.0,1.0,2.0,7.0,4.0,1.0,3.0,2.0,3.0,3.0,3.0,3.0,4.0,4.0,4.0,4.0,4.0,3.0,2.0,3.0,3.0,5.0,5.0,3.0,4.0
E0450,Other (24),Israel,>5y,mid,hybrid,1,3.0,2.0,3.0,6.0,3.0,5.0,5.0,3.0,4.0,3.0,2.0,3.0,4.0,2.0,3.0,4.0,3.0,4.0,4.0,3.0,4.0,4.0,3.0,3.0,3.0,3.0,3.0,5.0,3.0,1.0,3.0,3.0,4.0,2.0,5.0,4.0,4.0,4.0,5.0,4.0,4.0,3.0,4.0,4.0,5.0,3.0,3.0,4.0,3.0
E0451,J,UK,1-3y,junior,onsite,1,4.0,4.0,3.0,6.0,4.0,4.0,3.0,4.0,1.0,3.0,4.0,2.0,1.0,3.0,3.0,3.0,2.0,3.0,4.0,3.0,3.0,4.0,4.0,4.0,3.0,2.0,3.0,3.0,3.0,2.0,3.0,1.0,2.0,1.0,4.0,5.0,3.0,4.0,3.0,4.0,3.0,2.0,2.0,3.0,2.0,2.0,3.0,3.0,3.0
E0452,E,UK,<1y,mid,remote,1,4.0,3.0,4.0,7.0,4.0,4.0,3.0,3.0,4.0,4.0,3.0,3.0,3.0,2.0,3.0,1.0,1.0,3.0,2.0,3.0,4.0,3.0,2.0,2.0,3.0,2.0,3.0,9.0,2.0,2.0,4.0,3.0,2.0,2.0,4.0,3.0,5.0,3.0,3.0,3.0,3.0,3.0,3.0,3.0,4.0,4.0,3.0,3.0,3.0
E0453,Other (24),UK,3-5y,senior,hybrid,1,4.0,4.0,4.0,10.0,5.0,5.0,5.0,5.0,2.0,3.0,2.0,4.0,3.0,3.0,4.0,4.0,3.0,5.0,5.0,4.0,3.0,3.0,2.0,3.0,3.0,3.0,2.0,8.0,3.0,4.0,4.0,4.0,4.0,2.0,5.0,5.0,3.0,5.0,4.0,4.0,3.0,5.0,4.0,4.0,4.0,5.0,5.0,4.0,4.0
E0454,D,Europe,<1y,senior,remote,1,4.0,5.0,3.0,10.0,4.0,5.0,4.0,4.0,2.0,4.0,3.0,4.0,2.0,4.0,4.0,2.0,1.0,3.0,4.0,3.0,4.0,4.0,3.0,3.0,5.0,2.0,4.0,6.0,2.0,3.0,5.0,1.0,1.0,4.0,4.0,5.0,3.0,3.0,2.0,3.0,4.0,3.0,5.0,3.0,3.0,4.0,3.0,3.0,4.0
E0455,Other (24),Europe,3-5y,mid,hybrid,1,3.0,4.0,4.0,10.0,4.0,5.0,4.0,5.0,4.0,4.0,2.0,4.0,2.0,2.0,2.0,4.0,2.0,4.0,4.0,4.0,4.0,4.0,3.0,4.0,5.0,2.0,3.0,9.0,3.0,2.0,4.0,2.0,4.0,3.0,4.0,3.0,4.0,4.0,4.0,3.0,4.0,4.0,3.0,5.0,5.0,4.0,5.0,4.0,3.0
E0456,H,US,1-3y,senior,onsite,1,4.0,4.0,4.0,5.0,4.0,5.0,4.0,3.0,4.0,5.0,3.0,3.0,3.0,3.0,3.0,4.0,4.0,3.0,2.0,3.0,4.0,3.0,4.0,3.0,4.0,4.0,4.0,8.0,3.0,5.0,3.0,3.0,5.0,4.0,4.0,3.0,3.0,3.0,5.0,3.0,2.0,3.0,2.0,3.0,4.0,5.0,4.0,3.0,3.0
E0457,Other (24),UK,1-3y,mid,hybrid,1,5.0,5.0,4.0,7.0,4.0,5.0,5.0,3.0,3.0,4.0,3.0,4.0,1.0,3.0,4.0,4.0,4.0,5.0,3.0,5.0,4.0,3.0,4.0,3.0,4.0,3.0,4.0,3.0,3.0,3.0,5.0,3.0,4.0,3.0,4.0,4.0,3.0,5.0,5.0,5.0,3.0,5.0,5.0,5.0,5.0,5.0,4.0,5.0,5.0
E0458,B,US,>5y,mid,hybrid,1,2.0,4.0,4.0,5.0,4.0,3.0,4.0,3.0,3.0,3.0,3.0,4.0,3.0,4.0,3.0,4.0,3.0,2.0,3.0,5.0,3.0,4.0,4.0,4.0,5.0,2.0,3.0,9.0,3.0,3.0,4.0,3.0,2.0,3.0,4.0,3.0,3.0,4.0,4.0,5.0,3.0,4.0,3.0,2.0,2.0,2.0,3.0,4.0,4.0
E0459,I,UK,<1y,mid,hybrid,1,5.0,5.0,5.0,10.0,5.0,5.0,4.0,5.0,5.0,4.0,4.0,5.0,4.0,5.0,5.0,4.0,4.0,5.0,5.0,5.0,5.0,5.0,4.0,5.0,5.0,5.0,5.0,9.0,5.0,5.0,5.0,4.0,5.0,5.0,5.0,4.0,4.0,2.0,3.0,4.0,5.0,4.0,4.0,5.0,4.0,5.0,4.0,4.0,4.0
E0460,B,UK,>5y,senior,onsite,1,4.0,5.0,5.0,8.0,5.0,5.0,3.0,5.0,5.0,5.0,5.0,4.0,4.0,4.0,4.0,5.0,3.0,3.0,5.0,5.0,4.0,3.0,4.0,5.0,5.0,3.0,4.0,10.0,4.0,3.0,5.0,2.0,1.0,2.0,5.0,4.0,5.0,4.0,5.0,3.0,5.0,5.0,5.0,4.0,4.0,5.0,5.0,4.0,4.0
E0461,Other (24),UK,1-3y,junior,hybrid,1,3.0,5.0,4.0,10.0,5.0,4.0,3.0,4.0,3.0,4.0,3.0,4.0,4.0,2.0,4.0,4.0,2.0,2.0,5.0,3.0,5.0,4.0,3.0,3.0,4.0,1.0,3.0,8.0,2.0,1.0,5.0,2.0,2.0,1.0,4.0,5.0,4.0,4.0,3.0,2.0,2.0,2.0,2.0,2.0,3.0,3.0,3.0,4.0,4.0
E0462,F,Israel,<1y,senior,hybrid,1,3.0,3.0,3.0,5.0,3.0,4.0,4.0,3.0,2.0,4.0,3.0,3.0,2.0,5.0,4.0,5.0,4.0,4.0,3.0,3.0,3.0,4.0,4.0,5.0,4.0,4.0,5.0,8.0,3.0,3.0,4.0,4.0,3.0,3.0,3.0,4.0,4.0,4.0,3.0,4.0,4.0,4.0,5.0,4.0,4.0,5.0,4.0,4.0,4.0
E0463,F,US,>5y,mid,hybrid,1,4.0,4.0,4.0,3.0,3.0,4.0,3.0,4.0,3.0,3.0,4.0,5.0,3.0,4.0,5.0,5.0,3.0,2.0,2.0,5.0,3.0,5.0,5.0,5.0,4.0,3.0,3.0,8.0,4.0,2.0,3.0,2.0,3.0,3.0,4.0,5.0,4.0,4.0,2.0,3.0,2.0,2.0,2.0,3.0,3.0,3.0,5.0,4.0,4.0
E0464,I,UK,>5y,lead,onsite,1,4.0,3.0,3.0,5.0,2.0,5.0,4.0,4.0,4.0,4.0,2.0,1.0,3.0,4.0,3.0,3.0,2.0,5.0,4.0,2.0,3.0,3.0,3.0,5.0,4.0,1.0,3.0,7.0,3.0,2.0,3.0,1.0,3.0,2.0,3.0,3.0,4.0,4.0,5.0,5.0,3.0,3.0,3.0,2.0,3.0,4.0,3.0,4.0,4.0
E0465,L,US,3-5y,mid,hybrid,1,4.0,3.0,5.0,7.0,4.0,4.0,4.0,2.0,3.0,4.0,2.0,3.0,2.0,3.0,3.0,3.0,2.0,3.0,2.0,4.0,3.0,3.0,4.0,4.0,5.0,4.0,4.0,8.0,3.0,3.0,4.0,3.0,3.0,3.0,4.0,3.0,5.0,4.0,3.0,3.0,5.0,5.0,4.0,4.0,4.0,4.0,4.0,4.0,5.0
E0466,B,India,<1y,senior,hybrid,1,5.0,5.0,5.0,10.0,4.0,4.0,5.0,4.0,4.0,5.0,5.0,5.0,3.0,4.0,5.0,4.0,4.0,4.0,4.0,5.0,4.0,4.0,5.0,5.0,5.0,4.0,5.0,10.0,4.0,3.0,4.0,3.0,4.0,2.0,5.0,4.0,4.0,5.0,4.0,5.0,4.0,5.0,5.0,4.0,3.0,5.0,5.0,4.0,4.0
E0467,Other (24),US,1-3y,senior,hybrid,1,3.0,3.0,5.0,8.0,3.0,4.0,2.0,3.0,1.0,4.0,3.0,5.0,1.0,4.0,2.0,5.0,2.0,3.0,4.0,5.0,1.0,4.0,4.0,5.0,5.0,2.0,3.0,5.0,4.0,2.0,4.0,4.0,3.0,4.0,4.0,3.0,3.0,3.0,3.0,2.0,3.0,4.0,5.0,3.0,3.0,3.0,3.0,5.0,4.0
E0468,E,UK,1-3y,junior,hybrid,1,3.0,3.0,3.0,5.0,4.0,2.0,3.0,4.0,1.0,3.0,2.0,2.0,1.0,2.0,2.0,3.0,2.0,3.0,2.0,3.0,3.0,3.0,4.0,4.0,2.0,2.0,2.0,3.0,2.0,2.0,3.0,2.0,1.0,2.0,3.0,4.0,3.0,5.0,4.0,4.0,4.0,2.0,4.0,2.0,4.0,4.0,3.0,4.0,2.0
E0469,D,UK,1-3y,senior,hybrid,1,4.0,4.0,4.0,6.0,4.0,5.0,4.0,3.0,3.0,5.0,4.0,4.0,2.0,3.0,5.0,4.0,2.0,4.0,3.0,4.0,4.0,5.0,4.0,4.0,4.0,4.0,5.0,2.0,4.0,2.0,5.0,3.0,2.0,3.0,4.0,4.0,4.0,3.0,3.0,3.0,4.0,5.0,4.0,3.0,3.0,4.0,4.0,4.0,4.0
E0470,H,UK,1-3y,senior,hybrid,1,5.0,5.0,5.0,10.0,5.0,5.0,5.0,5.0,4.0,5.0,4.0,5.0,4.0,3.0,5.0,5.0,4.0,5.0,4.0,5.0,4.0,5.0,4.0,5.0,5.0,5.0,5.0,5.0,4.0,4.0,5.0,3.0,4.0,4.0,4.0,4.0,4.0,3.0,4.0,4.0,2.0,4.0,4.0,4.0,3.0,5.0,5.0,3.0,4.0
E0471,Other (24),UK,1-3y,junior,remote,1,3.0,4.0,4.0,7.0,4.0,4.0,3.0,5.0,2.0,3.0,4.0,5.0,3.0,3.0,3.0,5.0,1.0,4.0,4.0,4.0,3.0,4.0,4.0,4.0,5.0,1.0,3.0,8.0,5.0,1.0,4.0,2.0,3.0,1.0,4.0,5.0,4.0,4.0,4.0,4.0,4.0,4.0,3.0,3.0,3.0,4.0,4.0,3.0,4.0
E0472,B,US,1-3y,senior,hybrid,1,3.0,4.0,5.0,8.0,5.0,3.0,3.0,4.0,4.0,4.0,4.0,5.0,2.0,3.0,4.0,4.0,3.0,3.0,4.0,5.0,5.0,5.0,4.0,4.0,5.0,4.0,5.0,7.0,4.0,2.0,5.0,3.0,4.0,5.0,5.0,5.0,5.0,4.0,5.0,5.0,5.0,5.0,5.0,3.0,4.0,3.0,4.0,5.0,4.0
E0473,I,India,<1y,mid,hybrid,1,3.0,4.0,5.0,6.0,4.0,5.0,4.0,4.0,4.0,3.0,2.0,3.0,3.0,4.0,4.0,5.0,2.0,4.0,4.0,4.0,4.0,5.0,4.0,5.0,5.0,3.0,4.0,9.0,3.0,2.0,4.0,3.0,2.0,3.0,4.0,1.0,3.0,3.0,2.0,3.0,3.0,4.0,2.0,3.0,3.0,4.0,3.0,4.0,3.0
E0474,D,US,1-3y,mid,hybrid,1,4.0,4.0,4.0,7.0,5.0,5.0,4.0,4.0,3.0,4.0,3.0,3.0,3.0,4.0,5.0,4.0,2.0,4.0,4.0,3.0,4.0,4.0,3.0,3.0,4.0,4.0,3.0,5.0,3.0,4.0,5.0,3.0,2.0,4.0,5.0,4.0,4.0,4.0,3.0,4.0,5.0,5.0,4.0,4.0,4.0,3.0,3.0,3.0,3.0
E0475,L,US,1-3y,mid,hybrid,1,5.0,5.0,5.0,6.0,4.0,5.0,5.0,4.0,3.0,3.0,5.0,3.0,2.0,3.0,5.0,4.0,2.0,5.0,3.0,4.0,4.0,5.0,5.0,4.0,4.0,1.0,5.0,6.0,3.0,2.0,5.0,2.0,2.0,3.0,4.0,4.0,5.0,5.0,4.0,5.0,4.0,4.0,4.0,4.0,3.0,4.0,5.0,5.0,5.0
E0476,M,India,3-5y,lead,hybrid,1,3.0,4.0,3.0,8.0,3.0,3.0,4.0,3.0,4.0,4.0,4.0,4.0,2.0,2.0,2.0,5.0,3.0,3.0,4.0,5.0,4.0,3.0,3.0,4.0,5.0,4.0,3.0,8.0,3.0,3.0,4.0,4.0,4.0,4.0,4.0,4.0,4.0,4.0,4.0,4.0,2.0,5.0,4.0,4.0,4.0,5.0,5.0,3.0,2.0
E0477,Other (24),Europe,3-5y,junior,hybrid,1,4.0,3.0,3.0,3.0,3.0,5.0,3.0,3.0,4.0,2.0,4.0,4.0,3.0,3.0,3.0,3.0,2.0,3.0,3.0,4.0,2.0,3.0,4.0,4.0,3.0,1.0,3.0,6.0,3.0,2.0,1.0,2.0,3.0,2.0,3.0,3.0,3.0,2.0,3.0,4.0,4.0,4.0,5.0,4.0,3.0,5.0,4.0,3.0,3.0
E0478,A,Israel,1-3y,mid,hybrid,1,4.0,3.0,5.0,9.0,5.0,3.0,3.0,3.0,4.0,3.0,2.0,3.0,2.0,4.0,3.0,4.0,1.0,4.0,3.0,5.0,3.0,3.0,4.0,4.0,4.0,1.0,3.0,6.0,3.0,2.0,4.0,2.0,2.0,3.0,4.0,5.0,5.0,2.0,5.0,4.0,3.0,4.0,3.0,3.0,3.0,5.0,5.0,3.0,3.0
E0479,O,Israel,3-5y,junior,remote,1,4.0,5.0,4.0,5.0,4.0,4.0,5.0,4.0,3.0,3.0,4.0,3.0,3.0,3.0,4.0,3.0,3.0,3.0,4.0,4.0,4.0,3.0,4.0,3.0,5.0,2.0,5.0,6.0,3.0,2.0,4.0,2.0,3.0,3.0,5.0,5.0,4.0,3.0,3.0,4.0,4.0,4.0,5.0,5.0,2.0,3.0,4.0,2.0,2.0
E0480,R,Europe,<1y,lead,hybrid,1,2.0,5.0,5.0,7.0,3.0,3.0,2.0,3.0,4.0,5.0,5.0,4.0,4.0,3.0,2.0,5.0,3.0,3.0,3.0,4.0,2.0,3.0,3.0,4.0,5.0,2.0,4.0,6.0,4.0,3.0,3.0,2.0,3.0,3.0,4.0,5.0,4.0,4.0,3.0,4.0,4.0,4.0,4.0,3.0,3.0,4.0,4.0,3.0,2.0
E0481,C,UK,<1y,mid,onsite,1,3.0,4.0,4.0,6.0,4.0,3.0,2.0,4.0,4.0,3.0,2.0,2.0,4.0,3.0,3.0,3.0,3.0,3.0,3.0,3.0,3.0,3.0,2.0,1.0,3.0,4.0,1.0,7.0,2.0,2.0,2.0,2.0,3.0,3.0,3.0,2.0,2.0,2.0,3.0,2.0,4.0,3.0,3.0,3.0,4.0,3.0,4.0,4.0,4.0
E0482,Q,India,<1y,mid,hybrid,1,4.0,2.0,3.0,7.0,4.0,4.0,2.0,5.0,5.0,3.0,3.0,4.0,4.0,3.0,4.0,3.0,4.0,4.0,3.0,5.0,4.0,4.0,4.0,4.0,4.0,4.0,5.0,10.0,3.0,3.0,5.0,3.0,3.0,3.0,3.0,4.0,3.0,4.0,3.0,3.0,4.0,5.0,4.0,5.0,4.0,4.0,3.0,3.0,3.0
E0483,N,Israel,<1y,mid,hybrid,1,5.0,4.0,4.0,7.0,5.0,5.0,4.0,4.0,4.0,3.0,3.0,3.0,2.0,4.0,5.0,3.0,5.0,4.0,4.0,2.0,4.0,5.0,2.0,3.0,2.0,4.0,3.0,6.0,3.0,4.0,5.0,5.0,3.0,5.0,3.0,4.0,4.0,4.0,2.0,2.0,3.0,3.0,5.0,4.0,5.0,4.0,4.0,3.0,2.0
E0484,R,UK,>5y,junior,onsite,1,1.0,2.0,4.0,6.0,2.0,3.0,1.0,2.0,1.0,3.0,4.0,4.0,3.0,3.0,1.0,4.0,1.0,3.0,3.0,4.0,1.0,4.0,3.0,3.0,4.0,2.0,3.0,4.0,3.0,3.0,3.0,2.0,1.0,3.0,2.0,3.0,2.0,4.0,4.0,4.0,4.0,4.0,5.0,3.0,3.0,5.0,3.0,3.0,4.0
E0485,C,India,1-3y,senior,hybrid,1,3.0,3.0,5.0,6.0,4.0,4.0,4.0,3.0,2.0,3.0,3.0,4.0,2.0,4.0,4.0,4.0,2.0,3.0,4.0,3.0,3.0,3.0,4.0,4.0,4.0,3.0,4.0,5.0,4.0,3.0,5.0,3.0,3.0,3.0,3.0,4.0,4.0,4.0,3.0,4.0,5.0,5.0,4.0,3.0,3.0,5.0,4.0,4.0,3.0
E0486,O,Israel,1-3y,mid,hybrid,1,2.0,4.0,4.0,6.0,2.0,4.0,2.0,2.0,2.0,3.0,1.0,1.0,2.0,2.0,3.0,2.0,2.0,2.0,2.0,4.0,2.0,3.0,2.0,3.0,3.0,1.0,2.0,4.0,3.0,1.0,3.0,1.0,2.0,1.0,2.0,3.0,2.0,2.0,3.0,3.0,3.0,3.0,3.0,3.0,2.0,3.0,2.0,4.0,1.0
E0487,J,UK,1-3y,mid,onsite,1,2.0,4.0,2.0,2.0,3.0,4.0,3.0,4.0,1.0,1.0,2.0,1.0,2.0,2.0,2.0,2.0,2.0,2.0,4.0,2.0,2.0,2.0,3.0,2.0,2.0,2.0,2.0,7.0,2.0,1.0,5.0,1.0,1.0,2.0,4.0,3.0,4.0,3.0,3.0,3.0,4.0,5.0,3.0,4.0,3.0,3.0,3.0,3.0,3.0
E0488,Other (24),UK,<1y,mid,hybrid,1,4.0,4.0,4.0,10.0,4.0,4.0,5.0,5.0,3.0,4.0,3.0,5.0,3.0,4.0,2.0,5.0,2.0,4.0,4.0,5.0,5.0,5.0,5.0,5.0,5.0,3.0,4.0,7.0,4.0,1.0,5.0,3.0,4.0,3.0,4.0,5.0,4.0,4.0,4.0,4.0,5.0,3.0,3.0,4.0,5.0,5.0,4.0,5.0,5.0
E0489,K,US,>5y,junior,remote,1,4.0,3.0,4.0,5.0,4.0,4.0,4.0,3.0,4.0,3.0,3.0,3.0,3.0,4.0,5.0,3.0,4.0,4.0,3.0,3.0,3.0,3.0,4.0,4.0,4.0,4.0,2.0,4.0,3.0,4.0,4.0,4.0,3.0,4.0,5.0,4.0,4.0,3.0,4.0,4.0,5.0,5.0,5.0,5.0,5.0,5.0,5.0,5.0,4.0
E0490,K,UK,1-3y,lead,hybrid,1,4.0,4.0,3.0,7.0,4.0,4.0,3.0,3.0,4.0,4.0,4.0,4.0,3.0,2.0,3.0,3.0,4.0,4.0,4.0,3.0,5.0,4.0,3.0,3.0,5.0,4.0,3.0,6.0,4.0,5.0,5.0,4.0,3.0,4.0,4.0,5.0,5.0,3.0,5.0,4.0,4.0,4.0,5.0,5.0,3.0,4.0,3.0,5.0,5.0
E0491,P,India,1-3y,mid,hybrid,1,2.0,3.0,4.0,7.0,5.0,3.0,1.0,3.0,3.0,5.0,3.0,5.0,4.0,4.0,2.0,4.0,2.0,3.0,4.0,3.0,3.0,4.0,3.0,3.0,4.0,2.0,3.0,9.0,4.0,2.0,5.0,1.0,3.0,4.0,4.0,4.0,3.0,3.0,3.0,3.0,4.0,4.0,5.0,2.0,4.0,2.0,3.0,3.0,5.0
E0492,Other (24),US,1-3y,mid,hybrid,1,3.0,3.0,3.0,7.0,3.0,3.0,3.0,3.0,3.0,2.0,2.0,3.0,2.0,1.0,2.0,2.0,3.0,3.0,2.0,2.0,3.0,3.0,1.0,3.0,4.0,2.0,2.0,4.0,2.0,3.0,3.0,3.0,4.0,3.0,4.0,3.0,4.0,4.0,4.0,4.0,2.0,2.0,4.0,4.0,4.0,3.0,3.0,4.0,4.0
E0493,K,India,3-5y,mid,remote,1,3.0,3.0,4.0,7.0,3.0,3.0,3.0,1.0,3.0,3.0,3.0,4.0,2.0,2.0,2.0,4.0,3.0,3.0,3.0,5.0,1.0,2.0,4.0,4.0,5.0,3.0,4.0,3.0,5.0,3.0,3.0,3.0,3.0,4.0,4.0,3.0,5.0,4.0,3.0,3.0,4.0,4.0,5.0,5.0,4.0,5.0,3.0,4.0,4.0
E0494,M,UK,1-3y,junior,hybrid,1,4.0,4.0,5.0,8.0,4.0,4.0,4.0,4.0,3.0,4.0,3.0,4.0,4.0,3.0,5.0,3.0,3.0,5.0,5.0,4.0,5.0,4.0,4.0,3.0,5.0,3.0,4.0,6.0,3.0,3.0,4.0,3.0,2.0,2.0,4.0,4.0,5.0,3.0,4.0,5.0,3.0,4.0,4.0,4.0,3.0,3.0,3.0,5.0,4.0
E0495,Other (24),US,1-3y,mid,hybrid,1,4.0,5.0,5.0,8.0,4.0,5.0,3.0,4.0,2.0,4.0,4.0,4.0,3.0,5.0,3.0,3.0,3.0,4.0,4.0,4.0,4.0,5.0,2.0,4.0,4.0,2.0,4.0,7.0,5.0,3.0,5.0,3.0,3.0,2.0,5.0,4.0,4.0,4.0,4.0,3.0,3.0,3.0,5.0,4.0,5.0,3.0,3.0,4.0,3.0
E0496,L,US,1-3y,mid,hybrid,1,3.0,3.0,5.0,2.0,3.0,3.0,4.0,2.0,3.0,3.0,2.0,3.0,3.0,5.0,2.0,4.0,2.0,3.0,2.0,3.0,3.0,4.0,4.0,4.0,4.0,3.0,3.0,8.0,2.0,2.0,3.0,2.0,1.0,2.0,4.0,2.0,3.0,3.0,3.0,3.0,3.0,4.0,4.0,2.0,3.0,3.0,3.0,3.0,3.0
E0497,P,Israel,1-3y,mid,remote,1,3.0,5.0,5.0,6.0,4.0,2.0,2.0,4.0,3.0,5.0,4.0,5.0,4.0,5.0,2.0,4.0,4.0,3.0,3.0,3.0,4.0,5.0,5.0,4.0,5.0,5.0,5.0,9.0,5.0,4.0,5.0,4.0,2.0,4.0,4.0,5.0,4.0,3.0,4.0,4.0,4.0,5.0,4.0,4.0,4.0,5.0,5.0,3.0,3.0
E0498,F,Israel,<1y,junior,hybrid,1,4.0,3.0,3.0,7.0,3.0,4.0,3.0,3.0,3.0,4.0,4.0,3.0,4.0,3.0,5.0,5.0,2.0,4.0,3.0,3.0,5.0,4.0,4.0,3.0,4.0,2.0,3.0,8.0,2.0,2.0,4.0,3.0,2.0,2.0,5.0,4.0,4.0,3.0,3.0,3.0,3.0,4.0,5.0,3.0,3.0,4.0,4.0,3.0,3.0
E0499,A,Israel,1-3y,junior,remote,1,2.0,2.0,3.0,4.0,3.0,3.0,2.0,3.0,2.0,3.0,3.0,3.0,3.0,3.0,3.0,2.0,2.0,2.0,2.0,3.0,2.0,3.0,3.0,4.0,5.0,3.0,3.0,8.0,3.0,3.0,3.0,3.0,3.0,2.0,3.0,3.0,4.0,3.0,3.0,4.0,3.0,2.0,2.0,3.0,4.0,3.0,3.0,1.0,2.0
E0500,I,US,<1y,junior,remote,1,4.0,4.0,5.0,9.0,4.0,5.0,4.0,3.0,5.0,5.0,4.0,4.0,4.0,5.0,4.0,4.0,3.0,4.0,4.0,5.0,5.0,5.0,4.0,4.0,5.0,5.0,5.0,9.0,4.0,4.0,5.0,5.0,3.0,4.0,4.0,5.0,5.0,4.0,4.0,5.0,3.0,4.0,5.0,5.0,5.0,5.0,4.0,4.0,5.0
E0501,O,Israel,3-5y,junior,hybrid,1,2.0,4.0,4.0,4.0,3.0,3.0,2.0,4.0,5.0,3.0,2.0,3.0,4.0,2.0,2.0,3.0,3.0,3.0,4.0,3.0,2.0,3.0,3.0,4.0,5.0,3.0,4.0,8.0,3.0,3.0,3.0,1.0,3.0,3.0,3.0,4.0,3.0,4.0,3.0,4.0,3.0,3.0,2.0,3.0,4.0,2.0,3.0,4.0,4.0
E0502,E,US,<1y,junior,hybrid,1,3.0,3.0,5.0,8.0,4.0,5.0,4.0,5.0,3.0,5.0,5.0,4.0,3.0,4.0,4.0,3.0,4.0,5.0,4.0,5.0,5.0,4.0,3.0,4.0,5.0,4.0,3.0,10.0,4.0,5.0,4.0,4.0,3.0,3.0,4.0,4.0,3.0,3.0,3.0,3.0,3.0,4.0,4.0,4.0,4.0,5.0,4.0,3.0,3.0
E0503,N,Israel,1-3y,lead,remote,1,4.0,4.0,5.0,9.0,5.0,5.0,3.0,2.0,2.0,3.0,4.0,5.0,3.0,4.0,5.0,4.0,4.0,4.0,2.0,5.0,4.0,5.0,5.0,4.0,3.0,5.0,5.0,7.0,3.0,4.0,5.0,4.0,3.0,5.0,5.0,4.0,4.0,5.0,5.0,5.0,5.0,4.0,4.0,4.0,4.0,4.0,3.0,4.0,4.0
E0504,N,Europe,1-3y,junior,hybrid,1,4.0,3.0,5.0,7.0,3.0,3.0,2.0,3.0,2.0,3.0,3.0,5.0,3.0,5.0,4.0,3.0,4.0,3.0,4.0,5.0,4.0,5.0,4.0,5.0,3.0,3.0,5.0,5.0,5.0,4.0,3.0,3.0,4.0,4.0,4.0,4.0,4.0,5.0,5.0,5.0,4.0,4.0,3.0,3.0,4.0,3.0,4.0,3.0,3.0
E0505,Other (24),UK,>5y,mid,remote,1,3.0,4.0,4.0,8.0,5.0,3.0,4.0,5.0,3.0,5.0,5.0,3.0,4.0,3.0,3.0,3.0,3.0,4.0,4.0,5.0,2.0,3.0,4.0,3.0,5.0,1.0,5.0,6.0,3.0,3.0,5.0,3.0,3.0,2.0,4.0,5.0,5.0,5.0,5.0,4.0,4.0,4.0,5.0,4.0,3.0,4.0,5.0,3.0,4.0
E0506,D,US,1-3y,mid,hybrid,1,4.0,4.0,3.0,5.0,5.0,3.0,3.0,3.0,4.0,3.0,4.0,4.0,4.0,4.0,4.0,4.0,3.0,3.0,2.0,4.0,3.0,5.0,4.0,3.0,4.0,4.0,5.0,8.0,4.0,4.0,4.0,3.0,3.0,5.0,3.0,3.0,3.0,3.0,4.0,3.0,3.0,4.0,4.0,4.0,4.0,4.0,4.0,4.0,4.0
E0507,E,US,1-3y,mid,hybrid,1,4.0,4.0,4.0,8.0,5.0,3.0,3.0,5.0,4.0,3.0,2.0,3.0,3.0,2.0,3.0,3.0,2.0,4.0,3.0,4.0,3.0,3.0,2.0,2.0,3.0,3.0,4.0,6.0,3.0,3.0,3.0,2.0,1.0,1.0,3.0,3.0,3.0,3.0,2.0,3.0,3.0,3.0,2.0,3.0,2.0,2.0,2.0,4.0,4.0
E0508,K,UK,1-3y,senior,hybrid,1,3.0,4.0,4.0,4.0,4.0,2.0,3.0,3.0,3.0,4.0,3.0,3.0,4.0,3.0,5.0,3.0,3.0,3.0,4.0,4.0,2.0,2.0,4.0,3.0,4.0,3.0,3.0,6.0,4.0,3.0,4.0,2.0,3.0,2.0,4.0,2.0,3.0,5.0,4.0,4.0,5.0,5.0,4.0,4.0,3.0,5.0,5.0,4.0,4.0
E0509,R,Israel,1-3y,mid,onsite,1,3.0,4.0,3.0,5.0,4.0,4.0,3.0,4.0,4.0,4.0,4.0,4.0,4.0,2.0,3.0,3.0,3.0,3.0,2.0,5.0,3.0,3.0,4.0,4.0,3.0,3.0,4.0,10.0,4.0,3.0,4.0,3.0,3.0,3.0,4.0,4.0,5.0,5.0,4.0,4.0,3.0,3.0,5.0,4.0,4.0,4.0,5.0,4.0,3.0
E0510,J,India,1-3y,senior,remote,1,2.0,2.0,3.0,3.0,3.0,3.0,2.0,2.0,1.0,3.0,3.0,4.0,2.0,4.0,1.0,4.0,3.0,1.0,2.0,4.0,3.0,4.0,3.0,3.0,3.0,2.0,4.0,6.0,3.0,2.0,4.0,2.0,1.0,4.0,4.0,3.0,4.0,4.0,4.0,4.0,2.0,3.0,4.0,4.0,4.0,4.0,4.0,3.0,5.0
E0511,I,UK,1-3y,junior,hybrid,1,3.0,5.0,5.0,9.0,4.0,5.0,4.0,5.0,3.0,4.0,3.0,5.0,2.0,5.0,5.0,3.0,2.0,4.0,5.0,5.0,5.0,5.0,5.0,4.0,5.0,3.0,3.0,8.0,4.0,2.0,5.0,2.0,3.0,4.0,2.0,3.0,2.0,4.0,2.0,4.0,4.0,4.0,5.0,4.0,3.0,3.0,2.0,4.0,4.0
E0512,G,Israel,3-5y,junior,hybrid,1,4.0,3.0,4.0,7.0,4.0,4.0,3.0,4.0,2.0,4.0,3.0,4.0,3.0,4.0,4.0,4.0,3.0,4.0,4.0,4.0,3.0,4.0,4.0,3.0,4.0,3.0,4.0,8.0,3.0,2.0,4.0,1.0,4.0,3.0,4.0,5.0,4.0,4.0,3.0,5.0,3.0,3.0,3.0,4.0,3.0,3.0,3.0,4.0,4.0
E0513,Other (24),UK,>5y,junior,hybrid,1,3.0,4.0,4.0,8.0,4.0,4.0,4.0,4.0,2.0,3.0,2.0,4.0,3.0,3.0,2.0,3.0,1.0,5.0,3.0,4.0,2.0,3.0,3.0,4.0,3.0,1.0,3.0,5.0,3.0,2.0,4.0,3.0,3.0,3.0,3.0,4.0,4.0,4.0,4.0,4.0,3.0,3.0,3.0,4.0,3.0,4.0,4.0,4.0,3.0
E0514,R,US,1-3y,junior,onsite,1,3.0,4.0,5.0,6.0,5.0,4.0,3.0,4.0,4.0,5.0,3.0,4.0,3.0,4.0,3.0,5.0,1.0,4.0,4.0,4.0,2.0,4.0,2.0,3.0,4.0,3.0,4.0,6.0,4.0,3.0,4.0,3.0,4.0,2.0,4.0,3.0,4.0,3.0,3.0,3.0,2.0,3.0,4.0,4.0,4.0,3.0,3.0,3.0,4.0
E0515,F,US,<1y,junior,hybrid,1,3.0,5.0,4.0,8.0,4.0,3.0,2.0,5.0,4.0,4.0,4.0,4.0,4.0,3.0,4.0,3.0,2.0,3.0,4.0,4.0,3.0,5.0,4.0,4.0,4.0,3.0,4.0,7.0,4.0,4.0,4.0,4.0,4.0,3.0,5.0,5.0,5.0,3.0,3.0,3.0,5.0,5.0,5.0,3.0,5.0,4.0,4.0,4.0,4.0
E0516,I,UK,>5y,senior,hybrid,1,5.0,4.0,4.0,7.0,4.0,5.0,4.0,4.0,3.0,4.0,3.0,3.0,3.0,3.0,3.0,3.0,2.0,3.0,4.0,4.0,5.0,4.0,4.0,5.0,4.0,2.0,3.0,7.0,3.0,2.0,4.0,2.0,3.0,2.0,4.0,4.0,3.0,2.0,3.0,3.0,4.0,4.0,3.0,2.0,3.0,2.0,3.0,2.0,4.0
E0517,Other (24),Europe,1-3y,mid,hybrid,1,3.0,4.0,4.0,6.0,2.0,4.0,4.0,2.0,3.0,2.0,3.0,4.0,3.0,3.0,3.0,4.0,1.0,3.0,3.0,4.0,2.0,3.0,2.0,4.0,3.0,2.0,3.0,8.0,4.0,1.0,4.0,1.0,3.0,1.0,3.0,3.0,4.0,4.0,3.0,3.0,3.0,3.0,3.0,2.0,2.0,5.0,4.0,3.0,4.0
E0518,Other (24),India,1-3y,mid,remote,1,3.0,4.0,4.0,8.0,5.0,4.0,3.0,3.0,4.0,4.0,3.0,4.0,3.0,3.0,3.0,5.0,2.0,4.0,3.0,3.0,2.0,3.0,3.0,4.0,5.0,1.0,2.0,8.0,4.0,1.0,3.0,3.0,3.0,2.0,4.0,5.0,4.0,5.0,4.0,5.0,4.0,4.0,3.0,4.0,3.0,5.0,4.0,4.0,5.0
E0519,A,Europe,1-3y,junior,hybrid,1,4.0,4.0,4.0,8.0,4.0,4.0,4.0,4.0,3.0,4.0,3.0,5.0,3.0,4.0,4.0,3.0,2.0,4.0,4.0,3.0,4.0,2.0,3.0,3.0,5.0,3.0,3.0,8.0,3.0,3.0,5.0,4.0,3.0,4.0,4.0,3.0,4.0,3.0,4.0,3.0,3.0,4.0,4.0,4.0,4.0,4.0,3.0,5.0,4.0
E0520,G,US,1-3y,mid,hybrid,1,3.0,3.0,3.0,5.0,3.0,3.0,3.0,2.0,3.0,4.0,2.0,2.0,3.0,2.0,3.0,4.0,2.0,2.0,2.0,3.0,3.0,3.0,3.0,3.0,5.0,4.0,3.0,4.0,2.0,2.0,3.0,3.0,3.0,3.0,3.0,4.0,3.0,4.0,4.0,4.0,5.0,4.0,5.0,3.0,3.0,3.0,4.0,3.0,2.0
E0521,H,UK,3-5y,lead,remote,1,5.0,5.0,5.0,10.0,5.0,5.0,4.0,5.0,3.0,5.0,5.0,5.0,4.0,4.0,4.0,5.0,5.0,5.0,5.0,5.0,4.0,5.0,5.0,5.0,5.0,5.0,5.0,7.0,4.0,5.0,5.0,5.0,5.0,4.0,3.0,4.0,4.0,5.0,5.0,4.0,5.0,5.0,4.0,5.0,4.0,4.0,4.0,2.0,3.0
E0522,Other (24),US,1-3y,junior,hybrid,1,5.0,4.0,4.0,9.0,4.0,4.0,5.0,4.0,2.0,5.0,3.0,4.0,2.0,2.0,3.0,4.0,3.0,3.0,4.0,3.0,4.0,4.0,4.0,4.0,4.0,1.0,4.0,5.0,4.0,1.0,4.0,3.0,4.0,1.0,3.0,4.0,4.0,4.0,2.0,3.0,3.0,3.0,3.0,4.0,4.0,4.0,5.0,4.0,3.0
E0523,A,Europe,1-3y,mid,hybrid,1,3.0,2.0,3.0,7.0,4.0,5.0,5.0,4.0,4.0,2.0,4.0,4.0,4.0,4.0,4.0,4.0,2.0,5.0,4.0,5.0,5.0,4.0,3.0,4.0,3.0,4.0,5.0,9.0,4.0,3.0,3.0,4.0,4.0,3.0,4.0,4.0,5.0,5.0,5.0,5.0,5.0,5.0,5.0,4.0,4.0,4.0,5.0,4.0,4.0
E0524,A,US,<1y,mid,hybrid,1,5.0,4.0,5.0,6.0,4.0,3.0,5.0,4.0,3.0,4.0,5.0,5.0,2.0,5.0,5.0,4.0,3.0,4.0,5.0,5.0,5.0,5.0,5.0,5.0,5.0,4.0,5.0,7.0,4.0,5.0,4.0,4.0,4.0,5.0,3.0,3.0,4.0,4.0,3.0,4.0,4.0,3.0,4.0,5.0,4.0,5.0,4.0,4.0,3.0
E0525,L,US,1-3y,junior,onsite,1,4.0,3.0,4.0,6.0,5.0,2.0,4.0,2.0,3.0,4.0,2.0,3.0,4.0,4.0,4.0,3.0,1.0,4.0,4.0,4.0,3.0,3.0,3.0,3.0,4.0,1.0,4.0,6.0,3.0,2.0,4.0,1.0,1.0,1.0,2.0,4.0,4.0,4.0,4.0,3.0,3.0,4.0,5.0,2.0,2.0,5.0,4.0,4.0,5.0
E0526,E,UK,1-3y,mid,hybrid,1,4.0,4.0,3.0,8.0,5.0,5.0,4.0,5.0,3.0,4.0,3.0,3.0,3.0,3.0,3.0,3.0,3.0,4.0,4.0,4.0,4.0,4.0,4.0,3.0,4.0,3.0,4.0,6.0,3.0,3.0,5.0,3.0,2.0,3.0,5.0,5.0,5.0,5.0,4.0,5.0,4.0,4.0,4.0,2.0,3.0,4.0,5.0,3.0,4.0
E0527,Other (24),Israel,1-3y,mid,remote,1,3.0,5.0,4.0,10.0,5.0,3.0,4.0,3.0,3.0,5.0,4.0,5.0,2.0,4.0,2.0,5.0,4.0,4.0,5.0,5.0,3.0,4.0,5.0,5.0,4.0,3.0,4.0,7.0,5.0,2.0,4.0,4.0,4.0,2.0,3.0,4.0,4.0,3.0,4.0,5.0,3.0,5.0,3.0,3.0,5.0,4.0,5.0,5.0,4.0
E0528,I,UK,<1y,junior,remote,1,4.0,3.0,5.0,6.0,5.0,5.0,4.0,3.0,4.0,4.0,4.0,4.0,3.0,5.0,3.0,4.0,3.0,4.0,3.0,5.0,5.0,5.0,4.0,5.0,5.0,3.0,4.0,10.0,4.0,4.0,4.0,3.0,4.0,3.0,4.0,4.0,3.0,5.0,4.0,4.0,3.0,4.0,4.0,2.0,4.0,4.0,5.0,4.0,4.0
E0529,I,UK,<1y,lead,hybrid,1,2.0,4.0,5.0,8.0,4.0,4.0,3.0,4.0,4.0,4.0,2.0,3.0,5.0,4.0,3.0,3.0,3.0,4.0,5.0,4.0,3.0,5.0,4.0,4.0,4.0,1.0,4.0,8.0,4.0,1.0,4.0,3.0,3.0,1.0,3.0,3.0,4.0,3.0,3.0,2.0,4.0,3.0,3.0,3.0,2.0,2.0,2.0,2.0,4.0
E0530,Other (24),Europe,1-3y,mid,hybrid,1,5.0,3.0,5.0,5.0,3.0,5.0,4.0,3.0,5.0,5.0,5.0,5.0,5.0,4.0,4.0,5.0,3.0,5.0,2.0,4.0,4.0,5.0,4.0,4.0,4.0,3.0,4.0,7.0,4.0,2.0,3.0,3.0,3.0,3.0,5.0,4.0,5.0,3.0,4.0,5.0,5.0,4.0,4.0,4.0,4.0,4.0,4.0,3.0,3.0
E0531,L,India,3-5y,senior,hybrid,1,3.0,4.0,5.0,4.0,4.0,4.0,4.0,4.0,4.0,3.0,2.0,2.0,2.0,4.0,4.0,3.0,2.0,3.0,3.0,3.0,4.0,4.0,3.0,4.0,4.0,3.0,4.0,7.0,3.0,2.0,4.0,3.0,2.0,2.0,3.0,5.0,4.0,3.0,3.0,3.0,4.0,4.0,3.0,5.0,3.0,3.0,3.0,3.0,3.0
E0532,Q,UK,>5y,mid,remote,1,5.0,4.0,5.0,6.0,4.0,4.0,5.0,4.0,4.0,4.0,3.0,4.0,4.0,3.0,5.0,4.0,3.0,4.0,4.0,4.0,4.0,3.0,4.0,4.0,4.0,2.0,4.0,10.0,3.0,3.0,4.0,2.0,3.0,3.0,4.0,3.0,5.0,3.0,4.0,4.0,2.0,2.0,2.0,4.0,3.0,3.0,4.0,3.0,3.0
E0533,E,UK,3-5y,junior,onsite,1,4.0,5.0,4.0,9.0,5.0,4.0,3.0,5.0,3.0,4.0,3.0,4.0,3.0,3.0,4.0,4.0,3.0,5.0,4.0,5.0,5.0,2.0,3.0,2.0,4.0,3.0,3.0,8.0,3.0,4.0,5.0,3.0,3.0,3.0,5.0,4.0,5.0,4.0,5.0,3.0,5.0,5.0,5.0,3.0,5.0,4.0,3.0,5.0,3.0
E0534,Q,UK,3-5y,mid,remote,1,3.0,4.0,4.0,8.0,5.0,3.0,3.0,5.0,5.0,5.0,4.0,5.0,4.0,5.0,3.0,5.0,5.0,3.0,4.0,3.0,4.0,3.0,4.0,4.0,5.0,3.0,3.0,10.0,4.0,4.0,5.0,4.0,3.0,5.0,4.0,3.0,4.0,4.0,4.0,4.0,3.0,3.0,3.0,5.0,5.0,3.0,2.0,3.0,4.0
E0535,J,UK,<1y,junior,remote,1,3.0,3.0,2.0,1.0,3.0,3.0,4.0,4.0,1.0,3.0,2.0,2.0,2.0,2.0,3.0,4.0,4.0,2.0,2.0,4.0,3.0,2.0,2.0,4.0,2.0,2.0,3.0,4.0,2.0,2.0,3.0,1.0,2.0,3.0,4.0,3.0,4.0,3.0,4.0,4.0,3.0,3.0,4.0,4.0,4.0,3.0,3.0,3.0,5.0
E0536,Q,UK,3-5y,mid,hybrid,1,5.0,3.0,4.0,5.0,3.0,4.0,4.0,2.0,4.0,3.0,4.0,4.0,2.0,4.0,4.0,4.0,3.0,5.0,4.0,4.0,4.0,3.0,3.0,2.0,3.0,2.0,4.0,5.0,4.0,1.0,3.0,2.0,3.0,3.0,4.0,4.0,4.0,4.0,5.0,4.0,4.0,3.0,3.0,4.0,3.0,3.0,3.0,3.0,4.0
E0537,M,India,1-3y,mid,remote,1,3.0,3.0,4.0,7.0,4.0,2.0,3.0,4.0,3.0,3.0,3.0,2.0,2.0,4.0,4.0,3.0,1.0,3.0,2.0,4.0,3.0,2.0,3.0,4.0,4.0,3.0,3.0,7.0,3.0,3.0,4.0,2.0,1.0,3.0,4.0,3.0,3.0,3.0,5.0,4.0,4.0,3.0,3.0,3.0,3.0,4.0,5.0,3.0,3.0
E0538,G,US,>5y,senior,onsite,1,3.0,5.0,4.0,10.0,4.0,4.0,4.0,3.0,2.0,4.0,3.0,3.0,2.0,3.0,3.0,4.0,2.0,3.0,2.0,4.0,4.0,4.0,4.0,3.0,4.0,2.0,4.0,8.0,4.0,2.0,4.0,3.0,3.0,2.0,3.0,2.0,3.0,3.0,3.0,4.0,5.0,5.0,4.0,3.0,4.0,4.0,5.0,4.0,5.0
E0539,Other (24),US,<1y,mid,hybrid,1,5.0,4.0,4.0,7.0,5.0,5.0,3.0,4.0,2.0,4.0,2.0,4.0,2.0,3.0,4.0,2.0,2.0,4.0,3.0,4.0,4.0,5.0,3.0,4.0,3.0,2.0,3.0,6.0,4.0,3.0,4.0,2.0,1.0,2.0,3.0,4.0,4.0,4.0,4.0,4.0,3.0,4.0,3.0,3.0,3.0,5.0,5.0,3.0,3.0
E0540,Other (24),US,1-3y,junior,hybrid,1,3.0,5.0,3.0,8.0,5.0,4.0,3.0,3.0,4.0,5.0,2.0,5.0,3.0,3.0,2.0,4.0,1.0,3.0,4.0,4.0,2.0,4.0,3.0,4.0,3.0,1.0,4.0,6.0,3.0,2.0,4.0,3.0,1.0,1.0,5.0,5.0,4.0,2.0,4.0,3.0,4.0,5.0,4.0,4.0,4.0,4.0,4.0,4.0,3.0
E0541,Q,Israel,1-3y,junior,hybrid,1,5.0,5.0,5.0,8.0,4.0,5.0,4.0,5.0,4.0,4.0,5.0,5.0,3.0,5.0,5.0,5.0,3.0,5.0,3.0,4.0,5.0,3.0,3.0,3.0,4.0,4.0,4.0,6.0,5.0,2.0,5.0,4.0,3.0,3.0,4.0,5.0,5.0,3.0,3.0,3.0,3.0,5.0,3.0,4.0,4.0,4.0,5.0,3.0,3.0
E0542,J,US,3-5y,senior,hybrid,1,3.0,3.0,3.0,5.0,4.0,3.0,3.0,3.0,1.0,3.0,2.0,3.0,2.0,2.0,3.0,3.0,2.0,2.0,3.0,4.0,3.0,4.0,3.0,2.0,3.0,1.0,3.0,7.0,2.0,2.0,4.0,2.0,2.0,3.0,5.0,3.0,5.0,3.0,3.0,3.0,4.0,3.0,3.0,4.0,5.0,3.0,2.0,4.0,4.0
E0543,Other (24),India,<1y,mid,hybrid,1,4.0,2.0,3.0,7.0,3.0,5.0,5.0,3.0,2.0,3.0,3.0,3.0,2.0,3.0,4.0,4.0,3.0,3.0,3.0,4.0,5.0,3.0,4.0,4.0,3.0,3.0,3.0,7.0,3.0,3.0,2.0,2.0,3.0,2.0,4.0,4.0,4.0,5.0,5.0,4.0,4.0,5.0,4.0,4.0,4.0,3.0,4.0,4.0,3.0
E0544,Q,US,<1y,senior,hybrid,1,4.0,5.0,4.0,7.0,5.0,5.0,4.0,5.0,4.0,5.0,4.0,4.0,4.0,3.0,4.0,5.0,5.0,4.0,4.0,5.0,4.0,3.0,3.0,5.0,5.0,4.0,4.0,5.0,4.0,5.0,4.0,4.0,4.0,5.0,5.0,5.0,5.0,5.0,5.0,4.0,5.0,5.0,5.0,4.0,5.0,4.0,5.0,4.0,5.0
E0545,P,US,3-5y,mid,hybrid,1,3.0,5.0,5.0,8.0,4.0,4.0,3.0,4.0,3.0,5.0,4.0,4.0,5.0,4.0,4.0,4.0,3.0,4.0,5.0,3.0,4.0,4.0,4.0,5.0,5.0,5.0,5.0,7.0,4.0,4.0,5.0,3.0,2.0,4.0,4.0,5.0,4.0,5.0,5.0,4.0,4.0,3.0,4.0,5.0,5.0,5.0,5.0,2.0,3.0
E0546,Other (24),Israel,<1y,mid,hybrid,1,3.0,2.0,4.0,6.0,3.0,4.0,4.0,2.0,4.0,4.0,2.0,5.0,4.0,3.0,3.0,5.0,1.0,3.0,3.0,5.0,3.0,4.0,4.0,4.0,5.0,2.0,3.0,7.0,4.0,2.0,2.0,2.0,2.0,2.0,3.0,3.0,3.0,3.0,3.0,2.0,3.0,3.0,3.0,4.0,3.0,3.0,3.0,4.0,5.0
E0547,L,UK,1-3y,mid,hybrid,1,4.0,3.0,5.0,6.0,3.0,3.0,4.0,3.0,4.0,5.0,2.0,2.0,3.0,5.0,2.0,4.0,2.0,3.0,3.0,5.0,3.0,5.0,4.0,4.0,3.0,3.0,4.0,5.0,4.0,4.0,4.0,3.0,3.0,3.0,3.0,3.0,4.0,4.0,3.0,4.0,5.0,4.0,4.0,4.0,4.0,4.0,5.0,4.0,3.0
E0548,O,India,1-3y,mid,onsite,1,2.0,3.0,5.0,5.0,3.0,2.0,4.0,3.0,3.0,5.0,3.0,4.0,3.0,3.0,2.0,4.0,4.0,3.0,3.0,4.0,4.0,5.0,4.0,5.0,4.0,3.0,4.0,5.0,4.0,3.0,3.0,3.0,3.0,5.0,3.0,3.0,4.0,3.0,3.0,3.0,4.0,4.0,4.0,3.0,4.0,4.0,3.0,3.0,4.0
E0549,A,Europe,1-3y,junior,hybrid,1,4.0,3.0,4.0,6.0,4.0,4.0,5.0,4.0,2.0,5.0,5.0,5.0,2.0,5.0,4.0,4.0,3.0,4.0,4.0,4.0,4.0,5.0,5.0,5.0,5.0,3.0,5.0,4.0,4.0,4.0,4.0,5.0,3.0,4.0,3.0,4.0,4.0,4.0,3.0,3.0,5.0,4.0,3.0,5.0,4.0,5.0,5.0,5.0,5.0
E0550,Other (24),US,1-3y,lead,remote,1,4.0,4.0,5.0,5.0,3.0,3.0,4.0,3.0,2.0,5.0,3.0,5.0,3.0,3.0,2.0,5.0,2.0,5.0,3.0,4.0,3.0,4.0,3.0,5.0,4.0,3.0,5.0,4.0,3.0,2.0,3.0,3.0,3.0,3.0,4.0,5.0,4.0,2.0,2.0,3.0,4.0,3.0,5.0,3.0,3.0,2.0,3.0,3.0,2.0
E0551,Q,India,<1y,senior,onsite,1,4.0,3.0,3.0,5.0,4.0,3.0,3.0,3.0,5.0,5.0,3.0,4.0,3.0,4.0,4.0,4.0,3.0,3.0,3.0,4.0,3.0,3.0,3.0,4.0,4.0,2.0,3.0,8.0,4.0,3.0,3.0,3.0,3.0,2.0,3.0,4.0,4.0,3.0,2.0,3.0,3.0,4.0,4.0,3.0,4.0,5.0,5.0,4.0,5.0
E0552,G,US,1-3y,mid,hybrid,1,3.0,5.0,3.0,10.0,4.0,2.0,3.0,4.0,2.0,5.0,3.0,4.0,2.0,4.0,3.0,5.0,2.0,3.0,3.0,3.0,2.0,5.0,3.0,4.0,4.0,2.0,3.0,6.0,3.0,1.0,4.0,3.0,4.0,2.0,4.0,4.0,3.0,4.0,4.0,5.0,5.0,5.0,4.0,3.0,3.0,4.0,4.0,5.0,5.0
E0553,Other (24),India,1-3y,junior,hybrid,1,2.0,3.0,3.0,7.0,4.0,4.0,3.0,3.0,3.0,4.0,2.0,4.0,4.0,4.0,3.0,3.0,2.0,3.0,2.0,5.0,2.0,3.0,5.0,4.0,4.0,3.0,3.0,7.0,4.0,1.0,3.0,3.0,2.0,2.0,3.0,3.0,3.0,3.0,4.0,4.0,4.0,4.0,3.0,5.0,3.0,4.0,3.0,4.0,4.0
E0554,E,UK,<1y,senior,hybrid,1,3.0,5.0,5.0,10.0,5.0,5.0,3.0,5.0,4.0,4.0,4.0,4.0,3.0,4.0,3.0,3.0,4.0,5.0,4.0,5.0,4.0,3.0,3.0,3.0,5.0,4.0,3.0,7.0,4.0,3.0,5.0,3.0,4.0,4.0,5.0,4.0,4.0,4.0,4.0,4.0,4.0,4.0,5.0,4.0,4.0,5.0,5.0,5.0,4.0
E0555,B,UK,<1y,lead,onsite,1,5.0,5.0,5.0,8.0,4.0,4.0,3.0,4.0,4.0,4.0,5.0,4.0,4.0,4.0,4.0,4.0,3.0,3.0,3.0,4.0,4.0,5.0,4.0,4.0,5.0,4.0,4.0,9.0,4.0,3.0,4.0,4.0,4.0,4.0,5.0,4.0,4.0,5.0,4.0,5.0,4.0,5.0,4.0,4.0,5.0,5.0,5.0,4.0,3.0
E0556,Other (24),Israel,1-3y,lead,hybrid,1,4.0,3.0,3.0,6.0,2.0,5.0,2.0,2.0,4.0,4.0,3.0,4.0,2.0,3.0,3.0,4.0,1.0,4.0,3.0,3.0,4.0,3.0,4.0,4.0,3.0,1.0,5.0,6.0,3.0,2.0,3.0,1.0,3.0,1.0,2.0,3.0,3.0,2.0,2.0,3.0,3.0,3.0,4.0,3.0,3.0,2.0,4.0,3.0,2.0
E0557,B,Israel,3-5y,senior,hybrid,1,2.0,5.0,4.0,7.0,4.0,3.0,4.0,4.0,4.0,4.0,3.0,5.0,4.0,4.0,4.0,2.0,2.0,3.0,4.0,3.0,3.0,2.0,3.0,3.0,4.0,3.0,4.0,8.0,4.0,2.0,5.0,2.0,2.0,3.0,4.0,4.0,5.0,4.0,4.0,4.0,4.0,3.0,3.0,3.0,3.0,5.0,2.0,5.0,3.0
E0558,P,US,>5y,lead,hybrid,1,5.0,4.0,2.0,5.0,4.0,5.0,3.0,3.0,3.0,5.0,5.0,3.0,2.0,5.0,4.0,4.0,4.0,4.0,3.0,4.0,5.0,4.0,4.0,4.0,3.0,3.0,4.0,7.0,4.0,2.0,4.0,3.0,3.0,3.0,4.0,4.0,4.0,3.0,4.0,4.0,3.0,4.0,3.0,3.0,4.0,3.0,5.0,4.0,5.0
E0559,O,UK,<1y,senior,hybrid,1,3.0,5.0,5.0,4.0,4.0,5.0,4.0,5.0,3.0,4.0,4.0,4.0,2.0,4.0,4.0,4.0,2.0,4.0,5.0,4.0,5.0,4.0,5.0,4.0,5.0,4.0,4.0,2.0,4.0,2.0,5.0,3.0,4.0,3.0,4.0,5.0,5.0,5.0,5.0,5.0,5.0,5.0,5.0,4.0,4.0,5.0,5.0,3.0,5.0
E0560,B,UK,<1y,senior,remote,1,4.0,4.0,4.0,7.0,4.0,4.0,4.0,3.0,4.0,3.0,4.0,4.0,4.0,3.0,4.0,2.0,3.0,3.0,2.0,5.0,3.0,4.0,3.0,4.0,5.0,2.0,3.0,6.0,4.0,3.0,3.0,2.0,2.0,2.0,4.0,5.0,4.0,3.0,3.0,2.0,3.0,4.0,3.0,2.0,3.0,4.0,4.0,3.0,3.0
E0561,Other (24),India,<1y,junior,hybrid,1,4.0,4.0,4.0,10.0,4.0,3.0,3.0,3.0,2.0,3.0,3.0,3.0,2.0,1.0,4.0,3.0,2.0,4.0,4.0,4.0,4.0,3.0,3.0,2.0,4.0,1.0,4.0,7.0,3.0,1.0,4.0,1.0,2.0,1.0,3.0,4.0,2.0,4.0,5.0,4.0,4.0,2.0,3.0,4.0,1.0,4.0,5.0,3.0,4.0
E0562,Other (24),Israel,3-5y,junior,remote,1,4.0,4.0,3.0,7.0,3.0,4.0,3.0,3.0,4.0,4.0,3.0,3.0,4.0,4.0,4.0,3.0,2.0,4.0,4.0,3.0,4.0,2.0,4.0,3.0,5.0,3.0,3.0,8.0,4.0,3.0,3.0,3.0,3.0,3.0,4.0,3.0,3.0,4.0,3.0,2.0,4.0,4.0,4.0,3.0,2.0,2.0,3.0,4.0,3.0
E0563,J,UK,3-5y,mid,remote,1,4.0,3.0,3.0,4.0,3.0,4.0,3.0,3.0,1.0,2.0,1.0,3.0,1.0,2.0,3.0,3.0,3.0,2.0,3.0,3.0,3.0,2.0,3.0,3.0,3.0,2.0,3.0,4.0,2.0,3.0,3.0,3.0,1.0,4.0,3.0,3.0,4.0,4.0,3.0,3.0,4.0,3.0,4.0,3.0,3.0,5.0,4.0,4.0,4.0
E0564,Other (24),Europe,3-5y,mid,remote,1,4.0,4.0,3.0,9.0,5.0,4.0,3.0,3.0,4.0,4.0,3.0,3.0,2.0,3.0,3.0,3.0,3.0,3.0,4.0,4.0,3.0,3.0,4.0,5.0,3.0,3.0,3.0,6.0,3.0,3.0,4.0,3.0,4.0,2.0,4.0,3.0,4.0,4.0,4.0,4.0,4.0,3.0,3.0,5.0,4.0,5.0,5.0,4.0,4.0
E0565,I,US,3-5y,mid,onsite,1,5.0,4.0,5.0,10.0,4.0,4.0,4.0,4.0,4.0,5.0,4.0,5.0,4.0,5.0,4.0,5.0,3.0,5.0,4.0,5.0,5.0,5.0,5.0,5.0,5.0,3.0,5.0,9.0,5.0,3.0,4.0,4.0,4.0,4.0,3.0,3.0,2.0,4.0,4.0,5.0,4.0,3.0,3.0,4.0,3.0,4.0,4.0,4.0,4.0
E0566,J,Israel,>5y,mid,hybrid,1,5.0,3.0,2.0,4.0,5.0,5.0,5.0,3.0,1.0,3.0,2.0,4.0,3.0,3.0,4.0,4.0,3.0,3.0,4.0,4.0,3.0,3.0,3.0,3.0,3.0,2.0,3.0,5.0,4.0,2.0,3.0,3.0,3.0,2.0,5.0,5.0,3.0,5.0,3.0,4.0,3.0,2.0,3.0,4.0,4.0,4.0,4.0,4.0,4.0
E0567,Q,India,<1y,senior,onsite,1,4.0,4.0,4.0,8.0,3.0,5.0,3.0,3.0,5.0,4.0,3.0,2.0,4.0,4.0,4.0,3.0,2.0,3.0,3.0,3.0,5.0,3.0,4.0,4.0,3.0,2.0,4.0,7.0,4.0,3.0,4.0,2.0,2.0,1.0,4.0,3.0,3.0,3.0,2.0,4.0,3.0,4.0,4.0,3.0,3.0,2.0,2.0,3.0,4.0
E0568,F,UK,>5y,mid,hybrid,1,5.0,4.0,3.0,5.0,5.0,5.0,4.0,4.0,3.0,2.0,3.0,4.0,3.0,4.0,5.0,3.0,2.0,5.0,3.0,4.0,5.0,4.0,5.0,3.0,4.0,4.0,3.0,8.0,4.0,4.0,3.0,3.0,4.0,3.0,4.0,4.0,3.0,3.0,4.0,4.0,4.0,4.0,4.0,4.0,3.0,4.0,5.0,3.0,3.0
E0569,H,Europe,1-3y,junior,remote,1,5.0,5.0,5.0,10.0,5.0,5.0,5.0,5.0,5.0,5.0,5.0,5.0,5.0,5.0,3.0,5.0,4.0,5.0,5.0,5.0,5.0,5.0,5.0,5.0,5.0,4.0,5.0,10.0,5.0,4.0,5.0,3.0,3.0,4.0,4.0,5.0,4.0,5.0,5.0,4.0,5.0,4.0,4.0,4.0,4.0,4.0,4.0,4.0,3.0
E0570,Other (24),UK,<1y,senior,hybrid,1,2.0,4.0,3.0,8.0,4.0,4.0,4.0,3.0,4.0,5.0,5.0,3.0,4.0,4.0,4.0,4.0,3.0,4.0,4.0,3.0,3.0,4.0,3.0,4.0,4.0,2.0,3.0,10.0,4.0,2.0,4.0,3.0,3.0,1.0,4.0,3.0,3.0,4.0,3.0,4.0,4.0,4.0,5.0,4.0,5.0,5.0,5.0,4.0,4.0
E0571,P,US,<1y,junior,remote,1,2.0,4.0,5.0,6.0,3.0,4.0,2.0,4.0,2.0,5.0,4.0,5.0,4.0,5.0,1.0,5.0,3.0,2.0,3.0,5.0,3.0,4.0,5.0,5.0,4.0,3.0,4.0,6.0,4.0,3.0,5.0,3.0,2.0,4.0,4.0,4.0,5.0,5.0,4.0,3.0,4.0,4.0,4.0,4.0,5.0,4.0,3.0,4.0,4.0
E0572,J,India,<1y,senior,onsite,1,3.0,4.0,3.0,3.0,4.0,3.0,3.0,3.0,3.0,3.0,4.0,5.0,2.0,4.0,2.0,2.0,3.0,3.0,2.0,4.0,4.0,3.0,4.0,3.0,5.0,2.0,3.0,6.0,4.0,2.0,3.0,3.0,1.0,5.0,5.0,5.0,5.0,5.0,5.0,4.0,4.0,4.0,4.0,4.0,4.0,4.0,5.0,4.0,5.0
E0573,O,India,>5y,mid,remote,1,4.0,5.0,4.0,5.0,4.0,4.0,3.0,3.0,4.0,4.0,5.0,4.0,5.0,4.0,5.0,4.0,4.0,4.0,4.0,5.0,5.0,5.0,4.0,5.0,5.0,4.0,5.0,9.0,4.0,4.0,3.0,5.0,4.0,4.0,3.0,4.0,4.0,5.0,4.0,5.0,4.0,4.0,5.0,5.0,5.0,5.0,5.0,5.0,4.0
E0574,E,India,1-3y,senior,hybrid,1,2.0,3.0,5.0,7.0,5.0,4.0,4.0,5.0,3.0,4.0,2.0,5.0,3.0,4.0,3.0,4.0,2.0,5.0,4.0,5.0,4.0,3.0,4.0,3.0,4.0,3.0,4.0,10.0,3.0,4.0,5.0,2.0,2.0,2.0,2.0,4.0,4.0,4.0,3.0,3.0,5.0,5.0,5.0,2.0,3.0,3.0,5.0,4.0,5.0
E0575,D,Europe,3-5y,mid,remote,1,5.0,5.0,5.0,10.0,5.0,3.0,4.0,4.0,4.0,4.0,4.0,4.0,4.0,4.0,4.0,3.0,4.0,4.0,5.0,3.0,4.0,5.0,4.0,5.0,4.0,4.0,5.0,8.0,3.0,5.0,5.0,2.0,2.0,5.0,5.0,5.0,4.0,3.0,4.0,4.0,5.0,3.0,5.0,4.0,4.0,3.0,2.0,1.0,1.0
E0576,H,India,1-3y,mid,onsite,1,5.0,5.0,5.0,9.0,5.0,5.0,4.0,5.0,4.0,5.0,5.0,5.0,4.0,5.0,3.0,5.0,4.0,3.0,5.0,5.0,3.0,5.0,4.0,5.0,5.0,5.0,5.0,7.0,5.0,5.0,5.0,4.0,4.0,4.0,5.0,5.0,5.0,4.0,5.0,5.0,4.0,4.0,5.0,5.0,4.0,5.0,5.0,5.0,5.0
E0577,J,India,3-5y,mid,hybrid,1,3.0,5.0,3.0,6.0,3.0,4.0,3.0,4.0,3.0,4.0,4.0,4.0,3.0,3.0,4.0,4.0,2.0,2.0,4.0,3.0,3.0,3.0,4.0,4.0,5.0,1.0,4.0,8.0,3.0,1.0,5.0,2.0,1.0,3.0,4.0,4.0,4.0,3.0,4.0,5.0,5.0,4.0,4.0,3.0,2.0,3.0,5.0,5.0,5.0
E0578,O,US,<1y,mid,onsite,1,3.0,4.0,4.0,5.0,3.0,3.0,2.0,2.0,4.0,3.0,3.0,3.0,3.0,3.0,3.0,3.0,3.0,4.0,2.0,4.0,3.0,3.0,3.0,3.0,4.0,3.0,4.0,8.0,2.0,3.0,3.0,2.0,3.0,2.0,4.0,4.0,3.0,4.0,4.0,4.0,4.0,4.0,3.0,4.0,4.0,4.0,4.0,4.0,4.0
E0579,C,Israel,1-3y,senior,onsite,1,3.0,4.0,5.0,10.0,4.0,2.0,3.0,4.0,3.0,4.0,4.0,4.0,2.0,4.0,3.0,5.0,4.0,3.0,4.0,5.0,3.0,4.0,5.0,4.0,5.0,4.0,4.0,6.0,5.0,4.0,5.0,4.0,3.0,4.0,4.0,5.0,5.0,5.0,4.0,3.0,4.0,3.0,4.0,4.0,5.0,5.0,4.0,3.0,4.0
E0580,I,India,<1y,lead,onsite,1,3.0,3.0,5.0,8.0,4.0,3.0,3.0,5.0,3.0,4.0,4.0,4.0,4.0,5.0,3.0,4.0,2.0,3.0,4.0,4.0,3.0,5.0,5.0,5.0,5.0,1.0,5.0,8.0,4.0,2.0,4.0,1.0,2.0,3.0,4.0,4.0,4.0,4.0,3.0,4.0,4.0,5.0,5.0,3.0,4.0,5.0,4.0,5.0,3.0
E0581,Other (24),India,3-5y,junior,hybrid,1,2.0,3.0,4.0,6.0,3.0,3.0,3.0,3.0,4.0,4.0,3.0,4.0,5.0,3.0,3.0,4.0,3.0,3.0,2.0,4.0,3.0,4.0,3.0,4.0,4.0,3.0,3.0,7.0,3.0,3.0,3.0,3.0,3.0,2.0,4.0,4.0,3.0,2.0,3.0,2.0,3.0,4.0,4.0,4.0,5.0,5.0,3.0,3.0,3.0
E0582,C,UK,1-3y,mid,onsite,1,2.0,3.0,4.0,6.0,4.0,2.0,1.0,1.0,5.0,5.0,4.0,4.0,5.0,4.0,3.0,3.0,3.0,2.0,3.0,4.0,2.0,4.0,4.0,5.0,4.0,4.0,3.0,7.0,5.0,3.0,4.0,3.0,2.0,4.0,3.0,4.0,3.0,3.0,4.0,4.0,4.0,5.0,5.0,4.0,4.0,2.0,3.0,4.0,2.0
E0583,Other (24),India,1-3y,junior,hybrid,1,4.0,5.0,2.0,8.0,5.0,5.0,3.0,4.0,4.0,3.0,3.0,3.0,2.0,1.0,3.0,3.0,3.0,3.0,4.0,3.0,3.0,4.0,2.0,3.0,4.0,2.0,2.0,4.0,2.0,1.0,4.0,2.0,2.0,1.0,5.0,4.0,5.0,3.0,3.0,3.0,4.0,3.0,3.0,5.0,4.0,3.0,2.0,3.0,4.0
E0584,B,UK,<1y,mid,onsite,1,4.0,5.0,3.0,7.0,5.0,4.0,3.0,4.0,3.0,4.0,4.0,4.0,4.0,3.0,3.0,3.0,3.0,3.0,3.0,4.0,4.0,3.0,3.0,3.0,5.0,4.0,4.0,8.0,4.0,2.0,5.0,3.0,3.0,3.0,5.0,4.0,4.0,4.0,4.0,4.0,4.0,5.0,5.0,4.0,3.0,4.0,4.0,3.0,3.0
E0585,N,UK,3-5y,senior,remote,1,3.0,3.0,5.0,8.0,4.0,3.0,2.0,3.0,2.0,4.0,4.0,5.0,4.0,5.0,4.0,5.0,4.0,3.0,4.0,5.0,3.0,5.0,5.0,5.0,5.0,3.0,5.0,6.0,5.0,3.0,5.0,3.0,3.0,4.0,3.0,2.0,3.0,5.0,5.0,4.0,3.0,3.0,4.0,4.0,4.0,4.0,5.0,3.0,4.0
E0586,Q,UK,1-3y,mid,onsite,1,4.0,3.0,5.0,5.0,4.0,3.0,3.0,4.0,3.0,5.0,3.0,5.0,4.0,4.0,4.0,5.0,3.0,3.0,3.0,4.0,4.0,4.0,4.0,4.0,4.0,2.0,4.0,6.0,4.0,3.0,4.0,2.0,2.0,2.0,4.0,4.0,5.0,3.0,4.0,4.0,3.0,3.0,3.0,3.0,2.0,5.0,5.0,4.0,5.0
E0587,P,US,3-5y,senior,hybrid,1,5.0,4.0,4.0,2.0,4.0,3.0,3.0,3.0,2.0,4.0,2.0,4.0,3.0,3.0,5.0,2.0,3.0,4.0,3.0,4.0,5.0,3.0,4.0,3.0,4.0,2.0,4.0,5.0,4.0,2.0,4.0,2.0,2.0,2.0,4.0,3.0,3.0,4.0,4.0,3.0,3.0,3.0,3.0,3.0,2.0,2.0,3.0,4.0,5.0
E0588,Q,Europe,1-3y,junior,hybrid,1,5.0,4.0,4.0,7.0,3.0,3.0,3.0,5.0,5.0,2.0,3.0,4.0,4.0,4.0,4.0,4.0,3.0,4.0,4.0,3.0,4.0,3.0,2.0,3.0,4.0,2.0,3.0,6.0,1.0,3.0,5.0,2.0,2.0,2.0,4.0,4.0,5.0,3.0,4.0,4.0,4.0,3.0,3.0,4.0,3.0,4.0,3.0,5.0,3.0
E0589,B,US,>5y,mid,hybrid,1,4.0,5.0,5.0,7.0,4.0,4.0,5.0,5.0,3.0,5.0,5.0,5.0,4.0,5.0,5.0,5.0,4.0,3.0,3.0,5.0,4.0,5.0,5.0,5.0,5.0,5.0,5.0,7.0,5.0,4.0,4.0,3.0,3.0,4.0,4.0,4.0,4.0,4.0,4.0,4.0,4.0,4.0,5.0,5.0,5.0,4.0,3.0,4.0,4.0
E0590,Other (24),Europe,1-3y,mid,hybrid,1,4.0,5.0,2.0,7.0,4.0,5.0,5.0,3.0,2.0,2.0,3.0,3.0,2.0,2.0,3.0,3.0,3.0,3.0,4.0,3.0,3.0,3.0,3.0,3.0,4.0,1.0,3.0,4.0,3.0,2.0,4.0,3.0,3.0,2.0,4.0,3.0,3.0,5.0,2.0,4.0,2.0,3.0,2.0,3.0,2.0,4.0,4.0,2.0,3.0
E0591,L,UK,1-3y,lead,hybrid,1,4.0,4.0,5.0,9.0,4.0,4.0,3.0,4.0,3.0,4.0,2.0,1.0,4.0,2.0,4.0,2.0,2.0,3.0,4.0,4.0,3.0,3.0,3.0,3.0,3.0,2.0,4.0,8.0,3.0,3.0,4.0,1.0,2.0,3.0,3.0,4.0,4.0,3.0,4.0,4.0,5.0,5.0,5.0,4.0,4.0,4.0,4.0,4.0,3.0
E0592,N,UK,1-3y,mid,onsite,1,4.0,3.0,2.0,6.0,5.0,3.0,3.0,3.0,3.0,1.0,2.0,3.0,4.0,2.0,5.0,2.0,2.0,4.0,3.0,2.0,3.0,4.0,3.0,3.0,2.0,3.0,3.0,7.0,3.0,2.0,4.0,4.0,2.0,3.0,3.0,3.0,4.0,4.0,3.0,3.0,4.0,4.0,4.0,3.0,4.0,3.0,3.0,4.0,2.0
E0593,N,Israel,<1y,junior,hybrid,1,4.0,4.0,3.0,7.0,5.0,4.0,2.0,3.0,4.0,2.0,3.0,4.0,4.0,4.0,4.0,2.0,4.0,3.0,5.0,4.0,3.0,4.0,4.0,3.0,3.0,5.0,4.0,6.0,4.0,3.0,4.0,4.0,4.0,4.0,3.0,3.0,3.0,3.0,4.0,3.0,4.0,5.0,2.0,5.0,4.0,4.0,3.0,3.0,4.0
E0594,Other (24),Israel,3-5y,mid,remote,1,4.0,4.0,4.0,6.0,3.0,4.0,4.0,3.0,3.0,3.0,3.0,3.0,3.0,3.0,3.0,4.0,2.0,3.0,2.0,5.0,3.0,4.0,3.0,4.0,4.0,2.0,3.0,6.0,3.0,1.0,3.0,1.0,2.0,2.0,2.0,2.0,3.0,2.0,3.0,3.0,4.0,3.0,3.0,3.0,3.0,2.0,3.0,3.0,4.0
E0595,G,UK,>5y,mid,onsite,1,3.0,4.0,3.0,8.0,4.0,4.0,5.0,3.0,2.0,4.0,4.0,5.0,3.0,4.0,2.0,5.0,2.0,4.0,3.0,4.0,5.0,4.0,2.0,3.0,5.0,3.0,4.0,8.0,4.0,3.0,3.0,2.0,2.0,2.0,4.0,4.0,5.0,4.0,5.0,4.0,5.0,5.0,5.0,3.0,4.0,5.0,5.0,3.0,4.0
E0596,Other (24),US,<1y,junior,hybrid,1,2.0,3.0,4.0,10.0,5.0,3.0,4.0,4.0,5.0,5.0,4.0,4.0,3.0,5.0,2.0,3.0,1.0,5.0,5.0,5.0,4.0,5.0,3.0,5.0,5.0,2.0,4.0,7.0,5.0,2.0,5.0,2.0,1.0,1.0,4.0,3.0,4.0,3.0,4.0,3.0,3.0,4.0,3.0,4.0,3.0,4.0,4.0,4.0,4.0
E0597,J,UK,>5y,junior,remote,1,3.0,3.0,4.0,5.0,4.0,3.0,4.0,3.0,2.0,3.0,2.0,3.0,2.0,3.0,3.0,3.0,4.0,3.0,3.0,4.0,4.0,4.0,2.0,3.0,3.0,2.0,4.0,5.0,3.0,3.0,4.0,3.0,1.0,3.0,3.0,4.0,2.0,3.0,4.0,3.0,3.0,2.0,3.0,4.0,4.0,4.0,4.0,3.0,2.0
E0598,R,US,1-3y,junior,onsite,1,3.0,5.0,4.0,7.0,4.0,5.0,2.0,5.0,3.0,3.0,4.0,2.0,4.0,3.0,2.0,1.0,2.0,2.0,4.0,3.0,3.0,3.0,2.0,3.0,4.0,3.0,3.0,8.0,3.0,4.0,5.0,4.0,3.0,3.0,4.0,4.0,4.0,3.0,2.0,3.0,4.0,5.0,5.0,4.0,3.0,3.0,3.0,2.0,3.0
E0599,J,UK,3-5y,junior,hybrid,1,3.0,2.0,2.0,5.0,3.0,3.0,2.0,3.0,2.0,2.0,3.0,2.0,3.0,3.0,2.0,4.0,1.0,2.0,3.0,3.0,2.0,2.0,2.0,4.0,4.0,2.0,3.0,7.0,2.0,1.0,4.0,2.0,1.0,2.0,2.0,1.0,2.0,2.0,2.0,2.0,3.0,2.0,3.0,3.0,3.0,4.0,4.0,4.0,5.0
E0600,Other (24),UK,1-3y,mid,onsite,1,4.0,4.0,4.0,7.0,4.0,4.0,5.0,2.0,4.0,4.0,4.0,4.0,4.0,3.0,3.0,4.0,3.0,5.0,2.0,4.0,3.0,4.0,4.0,4.0,5.0,2.0,3.0,5.0,3.0,3.0,3.0,3.0,3.0,4.0,4.0,3.0,4.0,5.0,5.0,4.0,4.0,4.0,3.0,3.0,4.0,3.0,3.0,3.0,2.0
E0601,O,Europe,<1y,lead,hybrid,1,4.0,5.0,5.0,8.0,5.0,4.0,4.0,4.0,3.0,3.0,4.0,4.0,4.0,4.0,5.0,5.0,3.0,1.0,4.0,5.0,5.0,5.0,4.0,4.0,5.0,2.0,5.0,6.0,3.0,4.0,5.0,3.0,3.0,3.0,5.0,5.0,5.0,4.0,3.0,5.0,3.0,4.0,4.0,5.0,4.0,4.0,4.0,3.0,4.0
E0602,Q,US,1-3y,senior,onsite,1,3.0,3.0,4.0,7.0,4.0,4.0,2.0,4.0,4.0,3.0,2.0,3.0,2.0,3.0,4.0,4.0,3.0,3.0,2.0,3.0,3.0,2.0,2.0,3.0,3.0,2.0,3.0,6.0,4.0,3.0,4.0,3.0,2.0,4.0,4.0,2.0,3.0,3.0,5.0,5.0,5.0,4.0,4.0,5.0,4.0,3.0,2.0,5.0,3.0
E0603,Other (24),UK,3-5y,junior,hybrid,1,4.0,5.0,3.0,9.0,4.0,4.0,4.0,5.0,4.0,4.0,3.0,5.0,2.0,3.0,2.0,3.0,1.0,3.0,4.0,5.0,2.0,3.0,4.0,4.0,3.0,1.0,3.0,7.0,3.0,1.0,3.0,2.0,3.0,1.0,3.0,3.0,3.0,3.0,2.0,2.0,4.0,3.0,4.0,4.0,4.0,3.0,3.0,4.0,5.0
E0604,K,UK,1-3y,junior,hybrid,1,1.0,4.0,4.0,7.0,4.0,2.0,3.0,2.0,1.0,3.0,3.0,4.0,2.0,3.0,2.0,2.0,2.0,3.0,4.0,2.0,3.0,3.0,3.0,3.0,4.0,1.0,3.0,5.0,3.0,2.0,5.0,1.0,1.0,3.0,4.0,3.0,4.0,3.0,3.0,3.0,4.0,3.0,4.0,3.0,3.0,2.0,3.0,2.0,3.0
E0605,E,US,>5y,mid,hybrid,1,3.0,3.0,5.0,6.0,5.0,4.0,3.0,4.0,2.0,4.0,3.0,4.0,2.0,2.0,3.0,3.0,3.0,5.0,4.0,4.0,3.0,3.0,2.0,2.0,4.0,3.0,3.0,6.0,3.0,5.0,4.0,3.0,3.0,4.0,4.0,4.0,4.0,4.0,5.0,4.0,5.0,3.0,5.0,4.0,5.0,4.0,3.0,4.0,4.0
E0606,Other (24),Europe,3-5y,junior,remote,1,5.0,4.0,3.0,8.0,4.0,5.0,4.0,4.0,3.0,4.0,3.0,4.0,2.0,3.0,3.0,4.0,3.0,5.0,3.0,4.0,5.0,3.0,3.0,4.0,3.0,3.0,3.0,5.0,4.0,3.0,4.0,4.0,4.0,3.0,5.0,3.0,4.0,5.0,5.0,5.0,3.0,5.0,4.0,3.0,4.0,5.0,5.0,5.0,5.0
E0607,I,UK,1-3y,lead,onsite,1,5.0,4.0,5.0,8.0,4.0,5.0,4.0,4.0,2.0,5.0,3.0,5.0,2.0,4.0,4.0,4.0,3.0,5.0,4.0,5.0,5.0,5.0,4.0,4.0,5.0,3.0,4.0,8.0,4.0,3.0,4.0,3.0,3.0,4.0,4.0,5.0,4.0,4.0,3.0,5.0,4.0,3.0,5.0,4.0,4.0,3.0,4.0,3.0,5.0
E0608,H,UK,<1y,senior,remote,1,5.0,5.0,5.0,8.0,5.0,5.0,4.0,5.0,3.0,4.0,4.0,5.0,4.0,5.0,5.0,5.0,4.0,4.0,4.0,4.0,5.0,5.0,5.0,4.0,5.0,4.0,5.0,8.0,5.0,4.0,5.0,3.0,3.0,4.0,4.0,5.0,3.0,4.0,4.0,5.0,4.0,5.0,4.0,4.0,3.0,4.0,5.0,4.0,5.0
E0609,K,UK,1-3y,junior,remote,1,4.0,4.0,5.0,8.0,4.0,4.0,5.0,4.0,4.0,5.0,5.0,4.0,3.0,5.0,4.0,4.0,3.0,5.0,4.0,4.0,5.0,4.0,5.0,5.0,5.0,4.0,5.0,6.0,5.0,4.0,4.0,4.0,4.0,4.0,4.0,5.0,5.0,4.0,3.0,4.0,3.0,5.0,5.0,5.0,5.0,5.0,5.0,4.0,5.0
E0610,D,Europe,3-5y,mid,hybrid,1,3.0,2.0,3.0,6.0,3.0,3.0,2.0,4.0,4.0,3.0,3.0,3.0,4.0,2.0,5.0,3.0,1.0,3.0,4.0,3.0,2.0,5.0,2.0,3.0,3.0,3.0,3.0,5.0,2.0,3.0,4.0,1.0,2.0,3.0,2.0,3.0,2.0,3.0,1.0,3.0,3.0,3.0,2.0,2.0,2.0,4.0,3.0,3.0,3.0
E0611,Other (24),UK,3-5y,mid,onsite,1,4.0,3.0,3.0,6.0,3.0,4.0,5.0,2.0,1.0,3.0,2.0,4.0,3.0,3.0,3.0,2.0,3.0,4.0,3.0,3.0,3.0,3.0,3.0,4.0,4.0,2.0,4.0,5.0,4.0,3.0,3.0,3.0,5.0,3.0,4.0,4.0,4.0,4.0,5.0,3.0,4.0,5.0,5.0,3.0,4.0,5.0,5.0,4.0,4.0
E0612,Other (24),UK,1-3y,mid,hybrid,1,2.0,4.0,2.0,8.0,4.0,3.0,2.0,3.0,3.0,4.0,2.0,3.0,1.0,2.0,2.0,3.0,2.0,4.0,3.0,2.0,4.0,3.0,2.0,3.0,2.0,2.0,4.0,3.0,3.0,3.0,3.0,4.0,3.0,2.0,3.0,3.0,2.0,5.0,3.0,4.0,4.0,3.0,3.0,4.0,4.0,3.0,2.0,3.0,3.0
E0613,Other (24),UK,3-5y,junior,hybrid,1,5.0,4.0,4.0,7.0,4.0,5.0,5.0,4.0,3.0,5.0,3.0,4.0,4.0,3.0,3.0,4.0,3.0,5.0,3.0,5.0,3.0,4.0,3.0,4.0,4.0,2.0,4.0,5.0,3.0,1.0,4.0,2.0,4.0,3.0,3.0,5.0,5.0,3.0,3.0,3.0,5.0,3.0,4.0,4.0,4.0,5.0,5.0,3.0,4.0
E0614,Other (24),India,3-5y,senior,onsite,1,4.0,3.0,4.0,8.0,5.0,4.0,4.0,4.0,1.0,4.0,4.0,5.0,2.0,4.0,3.0,5.0,2.0,4.0,3.0,5.0,4.0,3.0,4.0,5.0,5.0,2.0,4.0,7.0,3.0,2.0,3.0,2.0,3.0,2.0,4.0,3.0,4.0,4.0,4.0,4.0,4.0,4.0,3.0,2.0,2.0,4.0,4.0,4.0,3.0
E0615,G,Israel,1-3y,junior,hybrid,1,5.0,5.0,3.0,7.0,3.0,5.0,4.0,3.0,2.0,3.0,3.0,3.0,2.0,4.0,4.0,4.0,3.0,5.0,3.0,5.0,4.0,3.0,3.0,3.0,5.0,2.0,3.0,8.0,4.0,2.0,4.0,2.0,3.0,1.0,4.0,3.0,5.0,3.0,4.0,4.0,4.0,3.0,4.0,1.0,3.0,5.0,4.0,4.0,4.0
E0616,D,US,3-5y,mid,hybrid,1,2.0,4.0,3.0,9.0,5.0,4.0,2.0,4.0,4.0,4.0,3.0,4.0,3.0,4.0,4.0,4.0,3.0,2.0,4.0,4.0,3.0,5.0,4.0,4.0,4.0,4.0,5.0,5.0,3.0,4.0,4.0,4.0,2.0,5.0,5.0,4.0,4.0,5.0,5.0,5.0,4.0,3.0,3.0,4.0,4.0,4.0,5.0,4.0,5.0
E0617,I,UK,<1y,mid,onsite,1,4.0,5.0,5.0,9.0,5.0,5.0,5.0,4.0,3.0,4.0,4.0,4.0,2.0,5.0,4.0,3.0,4.0,5.0,5.0,5.0,3.0,5.0,5.0,5.0,5.0,4.0,4.0,8.0,2.0,4.0,5.0,4.0,3.0,3.0,4.0,4.0,4.0,4.0,5.0,4.0,4.0,4.0,4.0,5.0,4.0,5.0,5.0,5.0,4.0
E0618,M,US,3-5y,mid,hybrid,1,4.0,4.0,5.0,9.0,4.0,4.0,4.0,3.0,2.0,5.0,5.0,4.0,2.0,5.0,3.0,5.0,3.0,4.0,3.0,5.0,4.0,4.0,5.0,5.0,4.0,3.0,5.0,6.0,4.0,3.0,3.0,2.0,2.0,2.0,4.0,5.0,5.0,4.0,4.0,3.0,4.0,4.0,4.0,3.0,3.0,3.0,4.0,4.0,5.0
E0619,Other (24),UK,<1y,mid,hybrid,1,3.0,4.0,4.0,6.0,4.0,4.0,4.0,4.0,2.0,3.0,3.0,4.0,2.0,3.0,3.0,4.0,2.0,5.0,4.0,4.0,4.0,3.0,4.0,3.0,4.0,3.0,3.0,6.0,3.0,3.0,3.0,3.0,2.0,2.0,4.0,4.0,3.0,3.0,3.0,4.0,3.0,3.0,3.0,4.0,4.0,5.0,4.0,3.0,3.0
E0620,E,Europe,1-3y,junior,hybrid,1,5.0,5.0,5.0,10.0,5.0,4.0,4.0,5.0,3.0,5.0,3.0,5.0,3.0,4.0,4.0,3.0,3.0,4.0,4.0,5.0,5.0,4.0,4.0,3.0,4.0,4.0,4.0,10.0,3.0,3.0,5.0,2.0,3.0,3.0,4.0,5.0,4.0,4.0,3.0,3.0,4.0,3.0,4.0,4.0,4.0,4.0,3.0,4.0,5.0
E0621,N,Israel,1-3y,senior,hybrid,1,4.0,4.0,5.0,10.0,5.0,5.0,4.0,4.0,5.0,4.0,4.0,4.0,5.0,2.0,5.0,4.0,4.0,4.0,4.0,4.0,5.0,4.0,3.0,4.0,3.0,5.0,4.0,8.0,5.0,4.0,5.0,5.0,5.0,4.0,3.0,5.0,4.0,3.0,2.0,4.0,4.0,3.0,4.0,5.0,4.0,4.0,4.0,2.0,1.0
E0622,P,US,3-5y,mid,remote,1,5.0,4.0,5.0,8.0,3.0,4.0,4.0,4.0,5.0,4.0,5.0,5.0,4.0,3.0,5.0,5.0,1.0,3.0,3.0,3.0,4.0,5.0,5.0,5.0,4.0,4.0,4.0,10.0,4.0,2.0,5.0,3.0,3.0,4.0,4.0,4.0,4.0,5.0,5.0,4.0,4.0,3.0,3.0,3.0,4.0,4.0,3.0,3.0,2.0
E0623,Other (24),UK,<1y,mid,onsite,1,4.0,3.0,5.0,8.0,4.0,5.0,5.0,4.0,3.0,5.0,2.0,2.0,2.0,2.0,3.0,4.0,3.0,4.0,3.0,3.0,5.0,4.0,4.0,4.0,4.0,2.0,2.0,5.0,3.0,2.0,4.0,4.0,2.0,3.0,4.0,4.0,2.0,4.0,3.0,3.0,3.0,5.0,4.0,4.0,5.0,2.0,4.0,2.0,4.0
E0624,H,India,1-3y,junior,hybrid,1,5.0,5.0,5.0,10.0,5.0,4.0,5.0,5.0,5.0,5.0,5.0,5.0,5.0,5.0,4.0,5.0,5.0,5.0,5.0,5.0,3.0,5.0,5.0,5.0,5.0,5.0,5.0,10.0,4.0,5.0,5.0,5.0,4.0,5.0,5.0,5.0,5.0,5.0,4.0,5.0,5.0,5.0,5.0,5.0,4.0,4.0,4.0,5.0,5.0
E0625,K,US,<1y,junior,remote,1,3.0,3.0,3.0,6.0,2.0,4.0,2.0,3.0,4.0,3.0,2.0,3.0,3.0,2.0,3.0,2.0,1.0,3.0,2.0,4.0,2.0,3.0,3.0,3.0,3.0,3.0,3.0,5.0,4.0,2.0,3.0,2.0,2.0,4.0,3.0,2.0,3.0,3.0,3.0,2.0,5.0,4.0,4.0,4.0,2.0,2.0,3.0,2.0,4.0
E0626,H,Israel,<1y,mid,remote,1,4.0,5.0,5.0,10.0,5.0,4.0,4.0,4.0,4.0,5.0,4.0,5.0,3.0,4.0,3.0,4.0,3.0,3.0,5.0,4.0,4.0,3.0,4.0,5.0,4.0,3.0,4.0,10.0,4.0,4.0,5.0,3.0,3.0,3.0,3.0,3.0,3.0,2.0,2.0,4.0,5.0,4.0,4.0,4.0,4.0,3.0,4.0,3.0,5.0
E0627,R,Israel,3-5y,junior,hybrid,1,4.0,4.0,4.0,8.0,5.0,5.0,3.0,4.0,4.0,5.0,4.0,5.0,3.0,4.0,2.0,3.0,5.0,3.0,4.0,4.0,4.0,4.0,2.0,3.0,5.0,4.0,4.0,8.0,5.0,4.0,4.0,2.0,2.0,4.0,4.0,5.0,5.0,3.0,4.0,4.0,5.0,5.0,4.0,3.0,5.0,5.0,5.0,4.0,4.0
E0628,Other (24),US,1-3y,junior,hybrid,1,3.0,3.0,3.0,8.0,4.0,5.0,3.0,2.0,4.0,3.0,3.0,4.0,2.0,3.0,4.0,3.0,2.0,4.0,4.0,4.0,5.0,3.0,3.0,3.0,4.0,1.0,2.0,8.0,3.0,2.0,4.0,2.0,3.0,1.0,4.0,3.0,4.0,5.0,5.0,4.0,4.0,5.0,4.0,2.0,3.0,5.0,4.0,4.0,3.0
E0629,Other (24),UK,3-5y,mid,onsite,1,5.0,4.0,4.0,6.0,3.0,5.0,5.0,4.0,3.0,4.0,3.0,5.0,4.0,4.0,5.0,4.0,2.0,5.0,2.0,4.0,4.0,4.0,3.0,4.0,4.0,1.0,4.0,9.0,4.0,2.0,3.0,3.0,3.0,2.0,4.0,3.0,4.0,3.0,3.0,3.0,4.0,4.0,5.0,3.0,4.0,3.0,3.0,3.0,2.0
E0630,F,Israel,>5y,mid,hybrid,1,3.0,4.0,3.0,5.0,4.0,4.0,4.0,4.0,5.0,4.0,3.0,4.0,4.0,3.0,5.0,4.0,3.0,3.0,4.0,3.0,3.0,4.0,3.0,4.0,3.0,2.0,4.0,9.0,3.0,3.0,2.0,3.0,3.0,2.0,4.0,4.0,4.0,3.0,3.0,4.0,3.0,3.0,4.0,4.0,3.0,4.0,5.0,3.0,3.0
E0631,K,Israel,>5y,senior,onsite,1,4.0,4.0,3.0,8.0,4.0,4.0,2.0,5.0,3.0,4.0,2.0,3.0,3.0,2.0,4.0,2.0,3.0,3.0,4.0,3.0,3.0,2.0,3.0,2.0,3.0,4.0,2.0,5.0,1.0,2.0,5.0,4.0,4.0,3.0,2.0,2.0,3.0,4.0,2.0,2.0,2.0,4.0,3.0,4.0,4.0,3.0,5.0,4.0,5.0
E0632,B,Israel,<1y,senior,hybrid,1,4.0,3.0,4.0,7.0,3.0,4.0,4.0,3.0,4.0,3.0,3.0,3.0,3.0,4.0,4.0,2.0,3.0,3.0,3.0,5.0,5.0,5.0,4.0,4.0,5.0,4.0,3.0,9.0,4.0,3.0,4.0,3.0,3.0,4.0,5.0,4.0,4.0,4.0,4.0,5.0,4.0,4.0,4.0,5.0,4.0,3.0,2.0,4.0,4.0
E0633,O,US,1-3y,senior,hybrid,1,3.0,4.0,5.0,6.0,3.0,2.0,2.0,3.0,1.0,5.0,3.0,5.0,2.0,2.0,3.0,4.0,3.0,2.0,4.0,5.0,3.0,4.0,3.0,3.0,5.0,2.0,5.0,6.0,4.0,3.0,2.0,2.0,4.0,3.0,4.0,4.0,4.0,5.0,3.0,4.0,4.0,3.0,4.0,3.0,4.0,2.0,3.0,3.0,3.0
E0634,O,Israel,1-3y,mid,hybrid,1,3.0,4.0,4.0,6.0,4.0,4.0,2.0,4.0,4.0,3.0,3.0,3.0,2.0,3.0,3.0,3.0,2.0,4.0,4.0,4.0,4.0,3.0,4.0,3.0,4.0,4.0,3.0,9.0,2.0,4.0,4.0,3.0,4.0,5.0,4.0,4.0,4.0,4.0,3.0,5.0,5.0,5.0,4.0,5.0,4.0,3.0,4.0,3.0,2.0
E0635,R,US,1-3y,junior,hybrid,1,4.0,4.0,3.0,8.0,3.0,4.0,3.0,3.0,3.0,4.0,4.0,4.0,3.0,2.0,2.0,4.0,1.0,2.0,3.0,2.0,2.0,3.0,2.0,4.0,4.0,4.0,3.0,7.0,4.0,2.0,3.0,3.0,3.0,2.0,5.0,4.0,5.0,5.0,4.0,4.0,4.0,3.0,4.0,4.0,3.0,4.0,3.0,3.0,2.0
E0636,J,US,<1y,junior,hybrid,1,4.0,2.0,1.0,2.0,2.0,4.0,3.0,2.0,2.0,2.0,2.0,2.0,3.0,2.0,2.0,2.0,1.0,2.0,2.0,2.0,4.0,3.0,2.0,2.0,2.0,1.0,1.0,7.0,3.0,1.0,3.0,2.0,1.0,3.0,3.0,3.0,3.0,3.0,4.0,5.0,4.0,4.0,4.0,4.0,4.0,1.0,2.0,4.0,4.0
E0637,B,Israel,>5y,mid,hybrid,1,4.0,5.0,5.0,9.0,4.0,4.0,4.0,4.0,4.0,5.0,3.0,4.0,4.0,4.0,3.0,3.0,4.0,3.0,4.0,4.0,4.0,4.0,3.0,4.0,5.0,2.0,4.0,9.0,3.0,2.0,4.0,2.0,3.0,2.0,4.0,4.0,3.0,3.0,3.0,3.0,2.0,2.0,3.0,4.0,3.0,3.0,3.0,3.0,3.0
E0638,R,Israel,<1y,senior,hybrid,1,1.0,2.0,3.0,2.0,2.0,3.0,3.0,2.0,3.0,4.0,4.0,3.0,3.0,3.0,2.0,2.0,4.0,1.0,2.0,4.0,3.0,4.0,2.0,4.0,4.0,2.0,2.0,7.0,3.0,2.0,3.0,2.0,3.0,3.0,3.0,3.0,4.0,4.0,5.0,3.0,5.0,5.0,4.0,4.0,3.0,4.0,4.0,3.0,4.0
E0639,Other (24),Europe,1-3y,senior,remote,1,3.0,4.0,4.0,7.0,4.0,4.0,4.0,4.0,2.0,3.0,3.0,4.0,2.0,3.0,4.0,5.0,3.0,4.0,4.0,4.0,3.0,4.0,3.0,2.0,4.0,4.0,5.0,7.0,5.0,3.0,3.0,4.0,2.0,3.0,3.0,3.0,3.0,4.0,3.0,4.0,3.0,3.0,3.0,4.0,4.0,3.0,3.0,4.0,5.0
E0640,O,US,>5y,junior,remote,1,3.0,3.0,5.0,6.0,3.0,4.0,5.0,4.0,3.0,4.0,4.0,4.0,3.0,4.0,3.0,4.0,3.0,4.0,4.0,4.0,5.0,5.0,5.0,4.0,5.0,3.0,4.0,6.0,4.0,2.0,3.0,4.0,3.0,3.0,3.0,4.0,2.0,4.0,3.0,4.0,3.0,4.0,3.0,4.0,5.0,2.0,4.0,5.0,3.0
E0641,N,Europe,1-3y,mid,hybrid,1,3.0,3.0,4.0,6.0,3.0,3.0,2.0,3.0,3.0,4.0,3.0,5.0,2.0,3.0,3.0,4.0,3.0,3.0,3.0,5.0,3.0,4.0,4.0,4.0,4.0,4.0,5.0,4.0,4.0,4.0,4.0,4.0,2.0,5.0,2.0,3.0,2.0,4.0,5.0,4.0,5.0,5.0,4.0,3.0,4.0,5.0,3.0,2.0,3.0
E0642,Other (24),India,3-5y,junior,hybrid,1,3.0,4.0,3.0,7.0,4.0,5.0,4.0,4.0,4.0,2.0,3.0,3.0,4.0,2.0,4.0,3.0,3.0,4.0,3.0,3.0,3.0,2.0,2.0,3.0,4.0,3.0,3.0,9.0,2.0,3.0,3.0,3.0,3.0,2.0,5.0,5.0,5.0,5.0,5.0,5.0,3.0,4.0,5.0,3.0,3.0,4.0,3.0,4.0,4.0
E0643,E,UK,>5y,mid,hybrid,1,5.0,4.0,5.0,8.0,4.0,4.0,4.0,5.0,2.0,4.0,3.0,4.0,4.0,3.0,3.0,2.0,4.0,3.0,4.0,3.0,4.0,3.0,4.0,4.0,4.0,5.0,3.0,6.0,3.0,5.0,4.0,5.0,4.0,4.0,5.0,3.0,4.0,5.0,4.0,4.0,5.0,3.0,3.0,5.0,5.0,4.0,4.0,4.0,3.0
E0644,D,US,3-5y,lead,hybrid,1,3.0,4.0,4.0,7.0,5.0,5.0,4.0,5.0,5.0,4.0,3.0,4.0,4.0,3.0,5.0,5.0,4.0,3.0,3.0,5.0,4.0,5.0,4.0,4.0,5.0,5.0,5.0,8.0,3.0,4.0,5.0,4.0,3.0,5.0,5.0,4.0,4.0,2.0,3.0,3.0,3.0,4.0,3.0,5.0,4.0,4.0,4.0,3.0,4.0
E0645,G,Europe,<1y,junior,hybrid,1,3.0,3.0,4.0,7.0,3.0,4.0,3.0,4.0,3.0,3.0,2.0,4.0,3.0,3.0,4.0,3.0,2.0,3.0,2.0,3.0,3.0,3.0,4.0,3.0,4.0,2.0,3.0,8.0,4.0,1.0,2.0,3.0,3.0,1.0,3.0,4.0,4.0,3.0,5.0,4.0,3.0,3.0,3.0,4.0,4.0,3.0,3.0,4.0,3.0
E0646,F,Europe,<1y,senior,hybrid,1,2.0,3.0,2.0,4.0,3.0,4.0,3.0,3.0,3.0,3.0,3.0,3.0,2.0,3.0,3.0,4.0,3.0,2.0,3.0,2.0,4.0,4.0,4.0,3.0,3.0,3.0,3.0,7.0,3.0,3.0,3.0,3.0,4.0,4.0,4.0,3.0,3.0,3.0,4.0,5.0,4.0,3.0,4.0,4.0,4.0,3.0,2.0,3.0,3.0
E0647,Q,Israel,1-3y,mid,remote,1,5.0,3.0,3.0,7.0,4.0,5.0,4.0,3.0,3.0,3.0,2.0,4.0,4.0,3.0,5.0,3.0,3.0,3.0,2.0,4.0,3.0,3.0,3.0,2.0,3.0,2.0,4.0,5.0,3.0,2.0,4.0,2.0,2.0,3.0,4.0,4.0,2.0,1.0,3.0,3.0,4.0,3.0,4.0,4.0,4.0,5.0,4.0,4.0,4.0
E0648,Other (24),US,<1y,junior,remote,1,4.0,4.0,3.0,7.0,4.0,5.0,3.0,4.0,2.0,5.0,4.0,4.0,3.0,3.0,2.0,4.0,2.0,3.0,4.0,5.0,4.0,3.0,2.0,4.0,5.0,3.0,5.0,6.0,4.0,2.0,4.0,3.0,3.0,2.0,4.0,3.0,4.0,5.0,3.0,4.0,5.0,4.0,5.0,4.0,4.0,4.0,4.0,4.0,4.0
E0649,A,India,1-3y,mid,onsite,1,3.0,4.0,4.0,7.0,3.0,3.0,3.0,4.0,4.0,3.0,3.0,4.0,4.0,4.0,4.0,4.0,1.0,3.0,3.0,5.0,3.0,4.0,4.0,4.0,4.0,1.0,5.0,10.0,2.0,2.0,4.0,2.0,2.0,2.0,5.0,5.0,4.0,4.0,3.0,3.0,4.0,4.0,4.0,3.0,2.0,5.0,5.0,3.0,4.0
E0650,F,US,<1y,lead,remote,1,3.0,4.0,3.0,4.0,5.0,5.0,3.0,5.0,3.0,4.0,2.0,3.0,2.0,3.0,3.0,4.0,3.0,3.0,3.0,3.0,4.0,4.0,3.0,4.0,3.0,3.0,5.0,6.0,4.0,2.0,5.0,3.0,3.0,3.0,5.0,5.0,4.0,4.0,4.0,5.0,3.0,3.0,3.0,5.0,4.0,3.0,3.0,4.0,5.0
E0651,A,US,<1y,mid,onsite,1,4.0,4.0,3.0,8.0,4.0,3.0,3.0,5.0,2.0,3.0,2.0,3.0,4.0,5.0,3.0,4.0,2.0,3.0,4.0,3.0,3.0,4.0,4.0,2.0,3.0,2.0,3.0,8.0,2.0,2.0,5.0,2.0,3.0,2.0,5.0,4.0,4.0,4.0,3.0,3.0,3.0,3.0,3.0,2.0,3.0,5.0,4.0,3.0,3.0
E0652,L,UK,1-3y,mid,onsite,1,4.0,4.0,5.0,7.0,4.0,4.0,4.0,4.0,4.0,5.0,3.0,4.0,3.0,4.0,3.0,4.0,2.0,4.0,3.0,3.0,4.0,4.0,3.0,5.0,4.0,4.0,5.0,6.0,4.0,3.0,4.0,2.0,3.0,3.0,4.0,5.0,4.0,2.0,4.0,3.0,4.0,4.0,4.0,4.0,5.0,5.0,5.0,5.0,3.0
E0653,R,India,>5y,lead,hybrid,1,3.0,4.0,5.0,5.0,4.0,4.0,3.0,5.0,3.0,3.0,4.0,4.0,3.0,4.0,3.0,3.0,1.0,3.0,4.0,4.0,2.0,3.0,3.0,3.0,4.0,3.0,3.0,5.0,4.0,1.0,5.0,2.0,3.0,2.0,3.0,4.0,3.0,3.0,3.0,3.0,4.0,4.0,3.0,3.0,3.0,4.0,4.0,3.0,4.0
E0654,B,Israel,1-3y,mid,hybrid,1,5.0,4.0,5.0,9.0,4.0,3.0,3.0,4.0,5.0,4.0,4.0,5.0,5.0,5.0,4.0,5.0,2.0,2.0,5.0,5.0,4.0,5.0,4.0,4.0,5.0,3.0,5.0,9.0,5.0,2.0,4.0,2.0,3.0,3.0,4.0,4.0,4.0,4.0,5.0,4.0,3.0,4.0,4.0,3.0,3.0,4.0,3.0,4.0,5.0
E0655,Other (24),UK,3-5y,junior,hybrid,1,3.0,5.0,3.0,9.0,4.0,4.0,5.0,4.0,4.0,3.0,3.0,3.0,4.0,3.0,4.0,3.0,3.0,4.0,4.0,3.0,3.0,3.0,2.0,2.0,3.0,3.0,3.0,9.0,2.0,3.0,5.0,4.0,3.0,3.0,5.0,5.0,5.0,5.0,4.0,5.0,5.0,4.0,5.0,5.0,5.0,5.0,5.0,3.0,5.0
E0656,Other (24),UK,1-3y,junior,remote,1,3.0,3.0,3.0,4.0,3.0,2.0,2.0,2.0,5.0,3.0,2.0,3.0,3.0,3.0,1.0,3.0,3.0,3.0,2.0,3.0,3.0,2.0,3.0,5.0,3.0,3.0,2.0,7.0,3.0,1.0,4.0,3.0,3.0,2.0,3.0,3.0,3.0,3.0,3.0,3.0,5.0,3.0,2.0,4.0,4.0,3.0,3.0,4.0,2.0
E0657,I,UK,>5y,junior,hybrid,1,4.0,4.0,5.0,8.0,4.0,5.0,3.0,5.0,4.0,5.0,3.0,3.0,3.0,4.0,4.0,3.0,5.0,4.0,4.0,5.0,4.0,5.0,4.0,4.0,4.0,3.0,4.0,9.0,3.0,2.0,5.0,4.0,4.0,4.0,4.0,3.0,4.0,5.0,4.0,4.0,3.0,4.0,3.0,4.0,4.0,4.0,5.0,3.0,3.0
E0658,R,Europe,>5y,lead,hybrid,1,3.0,5.0,3.0,8.0,5.0,3.0,3.0,5.0,3.0,5.0,4.0,3.0,4.0,2.0,4.0,3.0,3.0,3.0,3.0,4.0,3.0,4.0,4.0,4.0,4.0,4.0,3.0,9.0,3.0,4.0,4.0,3.0,5.0,3.0,5.0,5.0,4.0,4.0,4.0,4.0,3.0,4.0,3.0,5.0,5.0,3.0,5.0,4.0,4.0
E0659,N,UK,>5y,mid,remote,1,3.0,5.0,4.0,10.0,4.0,4.0,4.0,5.0,3.0,4.0,5.0,4.0,5.0,3.0,5.0,3.0,4.0,4.0,4.0,4.0,4.0,4.0,4.0,5.0,3.0,4.0,4.0,7.0,4.0,4.0,4.0,4.0,3.0,4.0,5.0,5.0,4.0,5.0,3.0,3.0,5.0,4.0,5.0,4.0,4.0,5.0,5.0,2.0,4.0
E0660,C,UK,1-3y,mid,remote,1,3.0,4.0,4.0,6.0,5.0,5.0,3.0,3.0,5.0,4.0,5.0,4.0,4.0,4.0,5.0,5.0,4.0,4.0,2.0,4.0,3.0,4.0,4.0,5.0,5.0,5.0,4.0,10.0,4.0,3.0,4.0,3.0,4.0,5.0,4.0,3.0,4.0,3.0,4.0,3.0,3.0,3.0,3.0,4.0,4.0,4.0,4.0,1.0,3.0
E0661,J,UK,>5y,junior,hybrid,1,3.0,3.0,3.0,6.0,4.0,3.0,3.0,5.0,2.0,3.0,4.0,3.0,2.0,4.0,4.0,2.0,3.0,3.0,4.0,4.0,5.0,5.0,4.0,3.0,5.0,2.0,5.0,7.0,2.0,2.0,5.0,4.0,2.0,4.0,5.0,5.0,5.0,3.0,5.0,5.0,3.0,4.0,4.0,4.0,5.0,3.0,4.0,4.0,5.0
E0662,Other (24),UK,3-5y,mid,hybrid,1,4.0,3.0,3.0,6.0,3.0,4.0,3.0,2.0,2.0,3.0,3.0,4.0,1.0,2.0,4.0,3.0,3.0,3.0,1.0,2.0,4.0,4.0,3.0,3.0,3.0,1.0,3.0,4.0,2.0,2.0,3.0,2.0,2.0,2.0,4.0,3.0,4.0,3.0,2.0,2.0,4.0,3.0,4.0,3.0,3.0,4.0,3.0,3.0,3.0
E0663,E,UK,<1y,lead,remote,1,2.0,4.0,5.0,7.0,4.0,3.0,4.0,4.0,2.0,3.0,3.0,3.0,2.0,3.0,3.0,4.0,4.0,3.0,3.0,5.0,4.0,5.0,3.0,3.0,3.0,3.0,4.0,8.0,3.0,2.0,4.0,3.0,2.0,2.0,4.0,4.0,4.0,3.0,2.0,3.0,3.0,2.0,3.0,3.0,3.0,5.0,4.0,3.0,4.0
E0664,Other (24),US,1-3y,mid,hybrid,1,4.0,3.0,3.0,8.0,2.0,3.0,3.0,3.0,2.0,4.0,2.0,4.0,3.0,2.0,2.0,3.0,2.0,4.0,3.0,3.0,3.0,2.0,3.0,4.0,4.0,3.0,4.0,5.0,3.0,2.0,3.0,3.0,3.0,2.0,2.0,3.0,2.0,3.0,4.0,4.0,5.0,4.0,3.0,4.0,3.0,4.0,4.0,4.0,4.0
E0665,D,Israel,3-5y,senior,hybrid,1,4.0,3.0,3.0,6.0,4.0,4.0,2.0,3.0,4.0,4.0,3.0,4.0,3.0,5.0,5.0,4.0,4.0,3.0,2.0,4.0,2.0,5.0,3.0,3.0,4.0,4.0,5.0,7.0,3.0,5.0,3.0,3.0,3.0,5.0,3.0,2.0,4.0,1.0,3.0,2.0,4.0,5.0,3.0,4.0,4.0,4.0,4.0,2.0,2.0
E0666,C,US,1-3y,junior,remote,1,4.0,3.0,5.0,8.0,3.0,4.0,4.0,3.0,2.0,5.0,5.0,5.0,4.0,5.0,4.0,5.0,4.0,3.0,4.0,4.0,4.0,3.0,3.0,4.0,4.0,4.0,4.0,6.0,4.0,5.0,4.0,4.0,4.0,5.0,5.0,5.0,5.0,5.0,4.0,5.0,4.0,3.0,5.0,5.0,4.0,4.0,4.0,4.0,4.0
E0667,N,US,1-3y,senior,onsite,1,5.0,5.0,4.0,7.0,5.0,5.0,4.0,4.0,4.0,3.0,4.0,5.0,3.0,4.0,4.0,3.0,4.0,4.0,4.0,5.0,5.0,5.0,4.0,5.0,4.0,3.0,5.0,6.0,5.0,4.0,5.0,4.0,4.0,4.0,4.0,4.0,5.0,3.0,4.0,3.0,4.0,4.0,4.0,4.0,4.0,1.0,3.0,5.0,4.0
E0668,Other (24),Europe,3-5y,senior,hybrid,1,4.0,4.0,5.0,9.0,4.0,5.0,4.0,3.0,3.0,4.0,4.0,4.0,3.0,4.0,4.0,5.0,2.0,5.0,3.0,5.0,4.0,4.0,3.0,5.0,5.0,1.0,4.0,6.0,4.0,1.0,3.0,1.0,2.0,3.0,3.0,4.0,5.0,3.0,4.0,3.0,4.0,4.0,4.0,3.0,3.0,4.0,4.0,2.0,2.0
E0669,P,UK,3-5y,mid,hybrid,1,4.0,3.0,3.0,8.0,5.0,5.0,3.0,3.0,3.0,4.0,4.0,5.0,3.0,4.0,3.0,3.0,3.0,4.0,3.0,4.0,4.0,3.0,4.0,4.0,3.0,3.0,5.0,6.0,5.0,2.0,4.0,3.0,2.0,4.0,5.0,5.0,5.0,3.0,3.0,3.0,3.0,2.0,3.0,4.0,4.0,3.0,3.0,3.0,4.0
E0670,Other (24),Europe,3-5y,junior,remote,1,4.0,3.0,3.0,9.0,5.0,5.0,5.0,3.0,3.0,3.0,3.0,3.0,3.0,3.0,3.0,4.0,2.0,5.0,4.0,4.0,3.0,3.0,4.0,4.0,3.0,2.0,4.0,7.0,4.0,2.0,3.0,2.0,2.0,2.0,4.0,3.0,4.0,4.0,5.0,3.0,4.0,4.0,4.0,4.0,3.0,4.0,3.0,3.0,5.0
E0671,L,UK,1-3y,mid,remote,1,3.0,2.0,5.0,6.0,3.0,4.0,4.0,2.0,4.0,2.0,2.0,4.0,4.0,2.0,4.0,3.0,2.0,3.0,2.0,3.0,4.0,3.0,4.0,1.0,2.0,3.0,4.0,7.0,2.0,2.0,3.0,3.0,2.0,2.0,5.0,5.0,4.0,4.0,4.0,3.0,3.0,3.0,4.0,3.0,4.0,4.0,4.0,3.0,4.0
E0672,C,UK,3-5y,junior,hybrid,1,3.0,5.0,5.0,8.0,5.0,3.0,2.0,4.0,4.0,4.0,4.0,4.0,2.0,3.0,5.0,4.0,3.0,4.0,3.0,4.0,3.0,3.0,3.0,3.0,4.0,3.0,3.0,9.0,3.0,2.0,5.0,3.0,3.0,3.0,3.0,3.0,4.0,4.0,4.0,4.0,5.0,5.0,5.0,4.0,4.0,4.0,3.0,3.0,3.0
E0673,B,India,1-3y,mid,remote,1,3.0,4.0,5.0,6.0,4.0,3.0,2.0,3.0,4.0,4.0,4.0,4.0,4.0,4.0,4.0,4.0,4.0,2.0,3.0,4.0,3.0,4.0,4.0,5.0,5.0,3.0,3.0,10.0,4.0,3.0,4.0,2.0,3.0,4.0,4.0,5.0,4.0,3.0,3.0,4.0,5.0,5.0,5.0,3.0,3.0,5.0,5.0,4.0,4.0
E0674,N,UK,<1y,mid,hybrid,1,3.0,2.0,4.0,5.0,4.0,3.0,3.0,3.0,4.0,4.0,3.0,4.0,5.0,4.0,4.0,2.0,3.0,4.0,2.0,4.0,4.0,5.0,4.0,4.0,3.0,3.0,3.0,6.0,4.0,4.0,3.0,3.0,4.0,4.0,4.0,2.0,2.0,2.0,3.0,3.0,4.0,4.0,3.0,4.0,3.0,3.0,4.0,4.0,5.0
E0675,P,US,<1y,mid,onsite,1,4.0,4.0,5.0,9.0,5.0,3.0,3.0,5.0,3.0,5.0,5.0,5.0,3.0,5.0,3.0,5.0,3.0,4.0,4.0,4.0,4.0,5.0,4.0,5.0,5.0,3.0,5.0,9.0,4.0,2.0,5.0,2.0,2.0,4.0,4.0,4.0,4.0,4.0,3.0,3.0,4.0,4.0,4.0,4.0,4.0,3.0,5.0,4.0,4.0
E0676,H,Europe,3-5y,mid,onsite,1,5.0,5.0,5.0,10.0,4.0,5.0,5.0,5.0,5.0,5.0,4.0,5.0,3.0,4.0,4.0,5.0,3.0,5.0,4.0,5.0,5.0,5.0,5.0,5.0,5.0,3.0,5.0,10.0,4.0,5.0,5.0,4.0,3.0,4.0,4.0,4.0,4.0,4.0,4.0,4.0,4.0,4.0,5.0,3.0,4.0,3.0,4.0,4.0,4.0
E0677,Other (24),US,1-3y,mid,hybrid,1,4.0,3.0,3.0,7.0,4.0,4.0,2.0,4.0,3.0,4.0,4.0,3.0,3.0,2.0,3.0,5.0,2.0,4.0,4.0,5.0,2.0,3.0,3.0,4.0,4.0,3.0,3.0,8.0,2.0,3.0,5.0,4.0,4.0,3.0,3.0,3.0,5.0,4.0,4.0,3.0,5.0,4.0,5.0,4.0,4.0,3.0,4.0,4.0,4.0
E0678,I,Europe,1-3y,junior,hybrid,1,2.0,3.0,5.0,8.0,4.0,4.0,3.0,4.0,2.0,4.0,3.0,5.0,3.0,5.0,3.0,3.0,3.0,3.0,2.0,5.0,3.0,5.0,5.0,5.0,5.0,3.0,5.0,5.0,3.0,4.0,4.0,4.0,4.0,4.0,3.0,2.0,5.0,2.0,2.0,3.0,4.0,3.0,4.0,4.0,3.0,3.0,3.0,3.0,3.0
E0679,M,US,1-3y,lead,hybrid,1,5.0,3.0,4.0,8.0,3.0,5.0,4.0,3.0,2.0,4.0,4.0,5.0,2.0,3.0,5.0,5.0,3.0,5.0,2.0,5.0,4.0,3.0,4.0,3.0,4.0,4.0,4.0,6.0,3.0,3.0,4.0,2.0,2.0,3.0,5.0,5.0,4.0,3.0,3.0,3.0,4.0,4.0,4.0,4.0,4.0,4.0,4.0,3.0,4.0
E0680,P,India,>5y,mid,hybrid,1,4.0,5.0,5.0,8.0,5.0,3.0,4.0,4.0,3.0,5.0,4.0,5.0,4.0,5.0,4.0,5.0,2.0,3.0,5.0,3.0,5.0,5.0,4.0,5.0,5.0,2.0,5.0,5.0,4.0,2.0,5.0,2.0,1.0,1.0,4.0,5.0,4.0,4.0,5.0,4.0,3.0,4.0,3.0,3.0,4.0,4.0,4.0,3.0,3.0
E0681,Q,Israel,<1y,senior,hybrid,1,5.0,4.0,5.0,9.0,5.0,5.0,4.0,4.0,4.0,5.0,5.0,5.0,3.0,5.0,5.0,5.0,4.0,5.0,4.0,4.0,5.0,3.0,5.0,5.0,5.0,2.0,5.0,9.0,5.0,3.0,5.0,3.0,3.0,4.0,4.0,4.0,5.0,3.0,4.0,4.0,4.0,5.0,4.0,3.0,3.0,5.0,5.0,4.0,5.0
E0682,C,Europe,1-3y,senior,hybrid,1,3.0,3.0,4.0,8.0,3.0,3.0,3.0,4.0,4.0,3.0,3.0,3.0,3.0,3.0,3.0,3.0,4.0,5.0,2.0,3.0,3.0,3.0,3.0,4.0,3.0,4.0,3.0,10.0,3.0,5.0,4.0,3.0,3.0,3.0,5.0,4.0,4.0,5.0,5.0,5.0,3.0,5.0,4.0,3.0,4.0,5.0,4.0,4.0,4.0
E0683,Other (24),UK,<1y,senior,remote,1,4.0,4.0,4.0,10.0,4.0,4.0,3.0,5.0,5.0,5.0,4.0,5.0,5.0,2.0,3.0,4.0,3.0,4.0,3.0,5.0,5.0,4.0,4.0,4.0,5.0,2.0,3.0,9.0,3.0,2.0,4.0,4.0,3.0,2.0,4.0,5.0,5.0,4.0,5.0,4.0,4.0,3.0,4.0,4.0,4.0,4.0,3.0,3.0,3.0
E0684,L,Europe,1-3y,mid,hybrid,1,4.0,4.0,5.0,8.0,5.0,5.0,5.0,4.0,5.0,5.0,3.0,3.0,5.0,4.0,5.0,4.0,3.0,5.0,5.0,5.0,4.0,5.0,4.0,4.0,4.0,3.0,5.0,10.0,4.0,2.0,4.0,4.0,3.0,4.0,5.0,5.0,5.0,5.0,5.0,5.0,5.0,5.0,5.0,5.0,5.0,5.0,5.0,4.0,5.0
E0685,F,Europe,<1y,junior,remote,1,3.0,4.0,1.0,5.0,3.0,4.0,4.0,4.0,4.0,2.0,1.0,1.0,4.0,1.0,3.0,1.0,3.0,3.0,2.0,1.0,3.0,2.0,2.0,2.0,2.0,3.0,2.0,10.0,1.0,3.0,2.0,3.0,3.0,2.0,3.0,4.0,4.0,3.0,4.0,3.0,5.0,4.0,4.0,5.0,5.0,2.0,3.0,4.0,3.0
E0686,M,Israel,>5y,junior,hybrid,1,5.0,4.0,4.0,6.0,4.0,4.0,3.0,4.0,3.0,4.0,4.0,5.0,4.0,3.0,3.0,5.0,3.0,3.0,5.0,5.0,4.0,4.0,3.0,5.0,5.0,4.0,4.0,8.0,3.0,4.0,5.0,3.0,3.0,3.0,4.0,4.0,4.0,4.0,5.0,4.0,4.0,4.0,4.0,4.0,4.0,3.0,3.0,4.0,4.0
E0687,K,Israel,>5y,junior,hybrid,1,3.0,2.0,4.0,3.0,2.0,4.0,4.0,3.0,5.0,4.0,5.0,5.0,3.0,4.0,3.0,4.0,4.0,2.0,3.0,5.0,4.0,4.0,4.0,5.0,5.0,2.0,5.0,6.0,5.0,2.0,3.0,2.0,3.0,3.0,4.0,5.0,5.0,4.0,3.0,4.0,4.0,4.0,5.0,5.0,3.0,3.0,3.0,3.0,3.0
E0688,M,US,>5y,mid,onsite,1,4.0,3.0,3.0,4.0,2.0,3.0,4.0,2.0,5.0,4.0,3.0,3.0,4.0,1.0,2.0,4.0,4.0,3.0,3.0,5.0,4.0,3.0,2.0,4.0,5.0,4.0,5.0,8.0,2.0,3.0,2.0,4.0,3.0,4.0,3.0,3.0,4.0,3.0,3.0,4.0,4.0,4.0,4.0,4.0,5.0,4.0,3.0,3.0,3.0
E0689,N,UK,>5y,mid,remote,1,4.0,5.0,5.0,8.0,4.0,3.0,3.0,5.0,3.0,3.0,3.0,5.0,4.0,4.0,5.0,4.0,4.0,3.0,4.0,5.0,3.0,5.0,3.0,4.0,3.0,4.0,4.0,6.0,3.0,4.0,4.0,4.0,3.0,4.0,5.0,4.0,3.0,3.0,4.0,4.0,3.0,2.0,4.0,3.0,3.0,4.0,3.0,2.0,3.0
E0690,D,US,<1y,mid,hybrid,1,3.0,4.0,5.0,4.0,4.0,3.0,4.0,4.0,4.0,5.0,4.0,5.0,3.0,4.0,4.0,4.0,2.0,3.0,4.0,4.0,3.0,5.0,4.0,4.0,5.0,3.0,5.0,6.0,4.0,2.0,5.0,1.0,3.0,3.0,5.0,4.0,5.0,4.0,3.0,4.0,4.0,3.0,3.0,3.0,3.0,4.0,4.0,3.0,2.0
E0691,C,US,<1y,junior,remote,1,4.0,4.0,4.0,8.0,3.0,4.0,3.0,4.0,4.0,4.0,4.0,3.0,4.0,3.0,3.0,4.0,3.0,3.0,4.0,4.0,3.0,3.0,4.0,3.0,3.0,3.0,3.0,10.0,4.0,2.0,5.0,3.0,3.0,2.0,4.0,3.0,5.0,5.0,5.0,5.0,3.0,4.0,2.0,2.0,4.0,4.0,3.0,4.0,3.0
E0692,Other (24),Israel,1-3y,mid,onsite,1,2.0,4.0,4.0,6.0,3.0,4.0,3.0,3.0,4.0,2.0,3.0,3.0,2.0,3.0,3.0,3.0,2.0,4.0,2.0,3.0,4.0,3.0,3.0,4.0,5.0,1.0,3.0,7.0,4.0,2.0,3.0,3.0,2.0,2.0,3.0,4.0,2.0,3.0,3.0,3.0,4.0,4.0,4.0,2.0,4.0,3.0,4.0,4.0,5.0
E0693,Q,UK,<1y,mid,hybrid,1,4.0,5.0,5.0,9.0,5.0,4.0,3.0,5.0,5.0,4.0,4.0,5.0,4.0,4.0,5.0,5.0,3.0,3.0,5.0,4.0,4.0,4.0,5.0,4.0,3.0,2.0,3.0,6.0,5.0,3.0,4.0,3.0,3.0,3.0,4.0,5.0,4.0,3.0,3.0,4.0,4.0,4.0,4.0,5.0,4.0,4.0,4.0,5.0,5.0
E0694,D,Israel,>5y,mid,hybrid,1,3.0,4.0,4.0,7.0,5.0,4.0,4.0,4.0,4.0,5.0,4.0,5.0,4.0,4.0,5.0,4.0,3.0,3.0,5.0,5.0,4.0,5.0,4.0,3.0,4.0,4.0,4.0,7.0,4.0,3.0,5.0,3.0,3.0,3.0,4.0,5.0,5.0,5.0,4.0,5.0,5.0,5.0,5.0,3.0,3.0,3.0,3.0,4.0,4.0
E0695,P,UK,<1y,junior,onsite,1,4.0,5.0,5.0,9.0,5.0,4.0,5.0,4.0,3.0,5.0,5.0,5.0,4.0,5.0,4.0,5.0,4.0,4.0,4.0,4.0,4.0,5.0,5.0,5.0,5.0,4.0,5.0,7.0,5.0,4.0,5.0,4.0,4.0,4.0,5.0,5.0,5.0,5.0,5.0,3.0,5.0,5.0,4.0,4.0,4.0,5.0,5.0,4.0,5.0
E0696,A,US,<1y,mid,remote,1,4.0,4.0,4.0,8.0,4.0,5.0,4.0,4.0,4.0,3.0,3.0,3.0,4.0,4.0,5.0,3.0,3.0,5.0,4.0,3.0,4.0,2.0,4.0,4.0,4.0,4.0,4.0,10.0,4.0,3.0,5.0,4.0,3.0,4.0,4.0,4.0,4.0,4.0,4.0,4.0,4.0,5.0,4.0,4.0,4.0,4.0,3.0,3.0,3.0
E0697,C,US,1-3y,mid,remote,1,5.0,2.0,4.0,7.0,4.0,4.0,4.0,2.0,4.0,4.0,3.0,3.0,3.0,3.0,4.0,4.0,3.0,4.0,3.0,4.0,4.0,3.0,5.0,4.0,3.0,2.0,3.0,7.0,3.0,3.0,4.0,2.0,2.0,2.0,5.0,4.0,5.0,3.0,3.0,3.0,4.0,4.0,4.0,4.0,2.0,4.0,3.0,4.0,2.0
E0698,D,UK,<1y,lead,onsite,1,4.0,3.0,3.0,4.0,3.0,3.0,3.0,3.0,5.0,3.0,2.0,3.0,3.0,3.0,5.0,3.0,4.0,3.0,2.0,4.0,5.0,3.0,3.0,3.0,3.0,5.0,3.0,5.0,2.0,5.0,5.0,3.0,4.0,5.0,4.0,4.0,4.0,4.0,4.0,4.0,5.0,3.0,3.0,5.0,5.0,4.0,4.0,4.0,3.0
E0699,N,US,3-5y,mid,hybrid,1,3.0,3.0,4.0,8.0,4.0,4.0,4.0,3.0,3.0,4.0,3.0,3.0,4.0,4.0,5.0,2.0,3.0,4.0,3.0,4.0,5.0,4.0,3.0,3.0,3.0,3.0,3.0,8.0,4.0,3.0,4.0,2.0,3.0,5.0,2.0,4.0,4.0,4.0,3.0,3.0,2.0,3.0,3.0,4.0,2.0,5.0,3.0,1.0,2.0
E0700,Other (24),Israel,1-3y,junior,hybrid,1,4.0,5.0,4.0,10.0,4.0,4.0,4.0,3.0,4.0,3.0,1.0,3.0,4.0,1.0,4.0,4.0,3.0,3.0,5.0,2.0,3.0,3.0,3.0,3.0,3.0,2.0,3.0,8.0,3.0,3.0,4.0,3.0,3.0,3.0,3.0,3.0,5.0,3.0,4.0,4.0,2.0,4.0,4.0,4.0,4.0,3.0,3.0,4.0,4.0
E0701,Other (24),Europe,3-5y,senior,hybrid,1,4.0,3.0,4.0,7.0,4.0,4.0,3.0,3.0,2.0,4.0,3.0,4.0,2.0,2.0,3.0,4.0,3.0,4.0,3.0,4.0,4.0,3.0,3.0,5.0,4.0,2.0,4.0,4.0,3.0,2.0,3.0,3.0,2.0,2.0,4.0,4.0,4.0,3.0,2.0,2.0,3.0,4.0,4.0,3.0,4.0,5.0,5.0,4.0,4.0
E0702,Q,US,1-3y,mid,remote,1,3.0,3.0,3.0,7.0,4.0,3.0,3.0,3.0,3.0,2.0,2.0,3.0,3.0,2.0,3.0,3.0,4.0,3.0,3.0,4.0,3.0,2.0,4.0,2.0,2.0,3.0,3.0,6.0,2.0,3.0,3.0,3.0,2.0,4.0,1.0,2.0,2.0,1.0,1.0,2.0,5.0,3.0,4.0,3.0,3.0,4.0,4.0,2.0,3.0
E0703,K,US,1-3y,lead,onsite,1,2.0,4.0,4.0,7.0,4.0,3.0,3.0,3.0,4.0,3.0,4.0,5.0,3.0,4.0,2.0,4.0,2.0,2.0,5.0,4.0,4.0,4.0,5.0,5.0,5.0,3.0,4.0,5.0,5.0,2.0,3.0,3.0,4.0,3.0,3.0,4.0,4.0,5.0,4.0,4.0,4.0,3.0,4.0,4.0,3.0,3.0,4.0,3.0,3.0
E0704,B,US,<1y,junior,onsite,1,5.0,4.0,4.0,7.0,3.0,5.0,5.0,4.0,3.0,3.0,4.0,5.0,2.0,4.0,5.0,3.0,4.0,5.0,3.0,5.0,5.0,3.0,4.0,5.0,4.0,2.0,4.0,6.0,4.0,3.0,4.0,3.0,3.0,3.0,3.0,4.0,4.0,2.0,3.0,3.0,5.0,4.0,4.0,5.0,4.0,5.0,4.0,5.0,5.0
E0705,Other (24),UK,1-3y,mid,onsite,1,5.0,5.0,5.0,7.0,4.0,5.0,4.0,3.0,4.0,3.0,3.0,4.0,4.0,3.0,5.0,4.0,4.0,5.0,3.0,5.0,5.0,5.0,4.0,3.0,4.0,3.0,3.0,10.0,3.0,3.0,4.0,4.0,4.0,2.0,5.0,4.0,4.0,4.0,5.0,4.0,4.0,5.0,5.0,3.0,4.0,5.0,5.0,3.0,5.0
E0706,R,UK,3-5y,senior,hybrid,1,5.0,5.0,4.0,10.0,5.0,5.0,4.0,5.0,4.0,5.0,5.0,4.0,3.0,4.0,4.0,4.0,4.0,5.0,5.0,4.0,4.0,5.0,3.0,3.0,5.0,5.0,4.0,8.0,4.0,5.0,5.0,4.0,5.0,4.0,5.0,5.0,5.0,4.0,4.0,3.0,5.0,5.0,4.0,5.0,5.0,5.0,5.0,3.0,4.0
E0707,Other (24),UK,<1y,lead,remote,1,5.0,4.0,4.0,9.0,4.0,4.0,4.0,4.0,3.0,4.0,4.0,4.0,4.0,3.0,3.0,3.0,2.0,4.0,4.0,5.0,4.0,3.0,4.0,5.0,5.0,3.0,4.0,8.0,4.0,2.0,4.0,4.0,3.0,3.0,4.0,4.0,3.0,2.0,4.0,2.0,3.0,4.0,4.0,4.0,4.0,5.0,4.0,4.0,3.0
E0708,Other (24),US,1-3y,junior,hybrid,1,4.0,3.0,4.0,6.0,4.0,4.0,3.0,4.0,2.0,5.0,4.0,5.0,2.0,4.0,3.0,4.0,3.0,4.0,4.0,5.0,4.0,4.0,4.0,5.0,3.0,3.0,5.0,6.0,4.0,2.0,4.0,3.0,3.0,3.0,4.0,5.0,5.0,4.0,5.0,4.0,5.0,5.0,4.0,4.0,3.0,4.0,3.0,4.0,4.0
E0709,Other (24),US,>5y,mid,remote,1,3.0,4.0,4.0,9.0,5.0,3.0,3.0,5.0,3.0,4.0,3.0,4.0,2.0,3.0,5.0,4.0,2.0,4.0,5.0,4.0,2.0,4.0,3.0,3.0,5.0,2.0,4.0,6.0,3.0,2.0,5.0,3.0,3.0,1.0,5.0,4.0,5.0,3.0,3.0,4.0,4.0,5.0,5.0,3.0,3.0,4.0,4.0,4.0,2.0
E0710,G,India,<1y,junior,hybrid,1,3.0,5.0,1.0,7.0,3.0,3.0,3.0,4.0,3.0,2.0,2.0,3.0,4.0,2.0,3.0,3.0,1.0,4.0,4.0,3.0,4.0,3.0,3.0,2.0,4.0,3.0,3.0,7.0,1.0,2.0,4.0,3.0,4.0,3.0,5.0,4.0,5.0,4.0,4.0,3.0,4.0,4.0,4.0,4.0,4.0,5.0,4.0,3.0,3.0
E0711,Other (24),US,<1y,mid,hybrid,1,3.0,4.0,2.0,6.0,3.0,3.0,3.0,3.0,4.0,4.0,4.0,4.0,2.0,3.0,2.0,4.0,2.0,4.0,4.0,5.0,3.0,3.0,4.0,4.0,4.0,3.0,2.0,4.0,4.0,2.0,4.0,2.0,3.0,2.0,3.0,4.0,3.0,2.0,2.0,2.0,4.0,3.0,4.0,3.0,4.0,3.0,3.0,4.0,3.0
E0712,L,US,<1y,junior,hybrid,1,3.0,4.0,5.0,6.0,3.0,4.0,3.0,4.0,4.0,3.0,2.0,4.0,2.0,3.0,3.0,3.0,3.0,3.0,2.0,3.0,2.0,3.0,4.0,3.0,4.0,3.0,4.0,3.0,2.0,2.0,3.0,3.0,3.0,2.0,4.0,4.0,3.0,4.0,5.0,4.0,4.0,3.0,2.0,4.0,3.0,5.0,4.0,4.0,3.0
E0713,N,Israel,1-3y,mid,onsite,1,3.0,5.0,4.0,8.0,4.0,4.0,5.0,5.0,3.0,4.0,4.0,4.0,3.0,4.0,5.0,4.0,4.0,3.0,4.0,5.0,4.0,5.0,4.0,5.0,4.0,3.0,4.0,7.0,4.0,5.0,5.0,3.0,4.0,5.0,5.0,4.0,4.0,4.0,4.0,3.0,3.0,5.0,4.0,3.0,4.0,3.0,3.0,4.0,4.0
E0714,M,US,1-3y,lead,remote,1,4.0,3.0,3.0,7.0,3.0,3.0,4.0,2.0,3.0,4.0,1.0,3.0,2.0,2.0,4.0,2.0,3.0,4.0,3.0,5.0,4.0,2.0,3.0,3.0,3.0,5.0,3.0,6.0,2.0,3.0,4.0,3.0,2.0,5.0,4.0,5.0,5.0,2.0,4.0,3.0,4.0,4.0,3.0,4.0,4.0,5.0,4.0,2.0,3.0
E0715,R,UK,1-3y,mid,hybrid,1,4.0,4.0,5.0,9.0,4.0,3.0,2.0,4.0,5.0,5.0,3.0,3.0,5.0,3.0,2.0,5.0,4.0,3.0,4.0,4.0,2.0,4.0,4.0,2.0,5.0,3.0,3.0,10.0,4.0,3.0,4.0,2.0,3.0,3.0,4.0,3.0,4.0,5.0,5.0,4.0,5.0,5.0,5.0,5.0,5.0,5.0,4.0,5.0,5.0
E0716,I,Europe,1-3y,senior,remote,1,5.0,4.0,5.0,9.0,5.0,5.0,4.0,5.0,3.0,4.0,3.0,3.0,3.0,4.0,5.0,3.0,4.0,5.0,5.0,5.0,5.0,5.0,3.0,4.0,5.0,3.0,3.0,8.0,3.0,5.0,5.0,4.0,3.0,3.0,5.0,4.0,5.0,3.0,3.0,2.0,5.0,5.0,4.0,4.0,5.0,3.0,3.0,5.0,4.0
E0717,Other (24),Israel,>5y,mid,hybrid,1,3.0,3.0,5.0,6.0,3.0,3.0,4.0,2.0,4.0,4.0,3.0,4.0,5.0,1.0,2.0,4.0,2.0,4.0,2.0,4.0,4.0,3.0,2.0,2.0,4.0,2.0,3.0,9.0,3.0,3.0,3.0,2.0,1.0,1.0,3.0,4.0,3.0,3.0,3.0,3.0,3.0,4.0,3.0,4.0,3.0,4.0,3.0,2.0,3.0
E0718,E,Europe,<1y,junior,onsite,1,2.0,4.0,4.0,8.0,5.0,3.0,2.0,5.0,4.0,3.0,2.0,3.0,5.0,2.0,3.0,2.0,2.0,4.0,4.0,4.0,3.0,3.0,1.0,2.0,4.0,1.0,4.0,10.0,3.0,3.0,4.0,1.0,1.0,2.0,4.0,3.0,4.0,4.0,3.0,4.0,4.0,3.0,3.0,3.0,3.0,3.0,4.0,3.0,3.0
E0719,Other (24),US,1-3y,lead,hybrid,1,4.0,4.0,3.0,7.0,3.0,3.0,2.0,3.0,4.0,3.0,2.0,3.0,2.0,2.0,1.0,4.0,2.0,2.0,2.0,4.0,3.0,2.0,3.0,3.0,4.0,2.0,3.0,6.0,4.0,2.0,3.0,2.0,3.0,3.0,3.0,3.0,3.0,3.0,3.0,4.0,4.0,4.0,3.0,4.0,4.0,3.0,3.0,3.0,4.0
E0720,N,India,<1y,lead,onsite,1,4.0,5.0,4.0,9.0,5.0,3.0,4.0,5.0,3.0,3.0,3.0,3.0,3.0,3.0,4.0,3.0,4.0,4.0,4.0,5.0,4.0,4.0,4.0,4.0,3.0,2.0,4.0,4.0,3.0,3.0,5.0,3.0,2.0,3.0,4.0,5.0,4.0,5.0,3.0,4.0,2.0,3.0,3.0,2.0,4.0,4.0,5.0,2.0,3.0
E0721,Other (24),UK,3-5y,senior,hybrid,1,3.0,4.0,4.0,9.0,4.0,3.0,2.0,5.0,4.0,4.0,3.0,4.0,3.0,2.0,3.0,4.0,4.0,3.0,4.0,4.0,3.0,4.0,3.0,4.0,3.0,3.0,3.0,6.0,3.0,4.0,4.0,3.0,3.0,3.0,4.0,4.0,5.0,4.0,3.0,3.0,3.0,5.0,3.0,5.0,5.0,3.0,4.0,4.0,3.0
E0722,I,UK,<1y,mid,hybrid,1,4.0,4.0,4.0,3.0,4.0,5.0,4.0,3.0,5.0,2.0,2.0,2.0,4.0,3.0,4.0,1.0,3.0,3.0,3.0,3.0,5.0,3.0,3.0,3.0,4.0,2.0,4.0,10.0,2.0,2.0,3.0,2.0,3.0,3.0,5.0,3.0,3.0,2.0,4.0,2.0,3.0,3.0,2.0,4.0,4.0,3.0,4.0,3.0,2.0
E0723,I,US,1-3y,junior,hybrid,1,2.0,4.0,5.0,9.0,5.0,4.0,3.0,5.0,4.0,4.0,4.0,5.0,2.0,5.0,2.0,4.0,1.0,3.0,5.0,5.0,4.0,5.0,5.0,5.0,5.0,1.0,4.0,8.0,4.0,1.0,4.0,3.0,1.0,1.0,3.0,4.0,4.0,5.0,3.0,3.0,3.0,5.0,5.0,1.0,2.0,4.0,3.0,3.0,3.0
E0724,Other (24),Israel,1-3y,mid,hybrid,1,4.0,4.0,4.0,9.0,5.0,5.0,5.0,3.0,3.0,5.0,3.0,3.0,2.0,3.0,4.0,3.0,3.0,4.0,3.0,2.0,3.0,4.0,2.0,3.0,3.0,2.0,3.0,7.0,4.0,2.0,4.0,3.0,2.0,2.0,3.0,4.0,4.0,3.0,3.0,4.0,3.0,4.0,3.0,3.0,5.0,3.0,4.0,3.0,3.0
E0725,Q,Europe,1-3y,mid,hybrid,1,2.0,3.0,4.0,6.0,3.0,3.0,3.0,3.0,4.0,3.0,4.0,3.0,3.0,4.0,3.0,4.0,2.0,1.0,3.0,3.0,2.0,2.0,3.0,4.0,3.0,1.0,4.0,7.0,3.0,1.0,5.0,3.0,1.0,1.0,2.0,2.0,2.0,3.0,4.0,4.0,3.0,2.0,3.0,2.0,3.0,3.0,3.0,3.0,2.0
E0726,C,Europe,1-3y,mid,onsite,1,2.0,5.0,5.0,7.0,5.0,2.0,2.0,3.0,3.0,5.0,4.0,5.0,2.0,4.0,2.0,4.0,2.0,2.0,3.0,3.0,3.0,3.0,2.0,3.0,3.0,2.0,4.0,7.0,3.0,2.0,4.0,2.0,1.0,1.0,5.0,4.0,5.0,3.0,4.0,4.0,4.0,4.0,3.0,3.0,3.0,4.0,4.0,4.0,5.0
E0727,G,UK,3-5y,senior,remote,1,4.0,3.0,4.0,7.0,4.0,5.0,4.0,4.0,2.0,4.0,3.0,3.0,3.0,3.0,4.0,3.0,3.0,4.0,3.0,5.0,4.0,4.0,4.0,3.0,5.0,4.0,4.0,6.0,3.0,3.0,4.0,3.0,4.0,3.0,4.0,4.0,4.0,5.0,3.0,3.0,4.0,3.0,4.0,4.0,4.0,4.0,4.0,4.0,4.0
E0728,R,Europe,3-5y,lead,hybrid,1,4.0,5.0,4.0,9.0,4.0,4.0,2.0,4.0,3.0,4.0,3.0,4.0,3.0,3.0,3.0,3.0,3.0,3.0,4.0,3.0,2.0,3.0,3.0,3.0,3.0,4.0,2.0,6.0,4.0,4.0,5.0,3.0,3.0,3.0,4.0,4.0,4.0,4.0,4.0,5.0,4.0,2.0,3.0,5.0,3.0,5.0,5.0,4.0,5.0
E0729,Other (24),UK,1-3y,senior,onsite,1,5.0,4.0,3.0,9.0,4.0,3.0,3.0,5.0,4.0,4.0,4.0,5.0,3.0,3.0,3.0,4.0,3.0,3.0,4.0,5.0,2.0,4.0,4.0,4.0,4.0,1.0,3.0,9.0,4.0,2.0,4.0,3.0,3.0,3.0,5.0,4.0,5.0,5.0,5.0,3.0,4.0,4.0,4.0,5.0,4.0,4.0,4.0,3.0,3.0
E0730,E,Israel,<1y,senior,hybrid,1,3.0,5.0,4.0,6.0,4.0,4.0,3.0,4.0,3.0,3.0,4.0,3.0,3.0,2.0,4.0,2.0,3.0,3.0,4.0,4.0,3.0,3.0,3.0,3.0,3.0,4.0,3.0,6.0,4.0,3.0,5.0,3.0,3.0,4.0,4.0,4.0,3.0,3.0,4.0,4.0,4.0,3.0,4.0,3.0,4.0,3.0,3.0,5.0,5.0
E0731,E,US,>5y,junior,hybrid,1,3.0,4.0,4.0,6.0,4.0,5.0,4.0,4.0,3.0,2.0,2.0,2.0,4.0,2.0,4.0,2.0,3.0,3.0,3.0,3.0,3.0,2.0,3.0,2.0,3.0,4.0,4.0,7.0,3.0,4.0,2.0,4.0,4.0,4.0,4.0,2.0,2.0,3.0,3.0,4.0,3.0,3.0,2.0,4.0,5.0,5.0,4.0,3.0,4.0
E0732,B,India,<1y,junior,onsite,1,3.0,5.0,4.0,10.0,4.0,4.0,4.0,4.0,3.0,4.0,2.0,4.0,4.0,4.0,4.0,4.0,3.0,4.0,3.0,4.0,3.0,3.0,3.0,4.0,5.0,4.0,4.0,9.0,4.0,3.0,4.0,3.0,3.0,4.0,5.0,4.0,5.0,3.0,4.0,4.0,5.0,5.0,4.0,4.0,5.0,4.0,4.0,5.0,5.0
E0733,O,US,1-3y,mid,remote,1,3.0,5.0,5.0,4.0,3.0,4.0,3.0,3.0,3.0,3.0,3.0,4.0,3.0,4.0,3.0,4.0,3.0,3.0,4.0,4.0,4.0,4.0,4.0,4.0,5.0,3.0,5.0,3.0,4.0,4.0,4.0,3.0,3.0,4.0,2.0,2.0,3.0,4.0,4.0,5.0,5.0,5.0,5.0,4.0,4.0,4.0,4.0,3.0,4.0
E0734,F,UK,1-3y,lead,remote,1,2.0,3.0,3.0,3.0,2.0,4.0,2.0,3.0,3.0,5.0,3.0,4.0,4.0,3.0,3.0,2.0,3.0,2.0,3.0,3.0,2.0,4.0,4.0,4.0,4.0,3.0,4.0,7.0,4.0,2.0,5.0,3.0,2.0,3.0,2.0,4.0,3.0,3.0,4.0,4.0,2.0,2.0,2.0,3.0,3.0,4.0,4.0,2.0,3.0
E0735,M,Europe,>5y,junior,hybrid,1,4.0,4.0,4.0,7.0,4.0,5.0,4.0,3.0,3.0,4.0,3.0,4.0,3.0,4.0,5.0,4.0,2.0,5.0,3.0,5.0,3.0,3.0,4.0,3.0,5.0,4.0,4.0,5.0,5.0,3.0,4.0,2.0,3.0,3.0,4.0,4.0,3.0,4.0,3.0,4.0,5.0,5.0,4.0,4.0,4.0,4.0,5.0,4.0,3.0
E0736,Q,US,1-3y,mid,remote,1,5.0,5.0,3.0,10.0,4.0,5.0,5.0,5.0,4.0,3.0,3.0,4.0,2.0,4.0,5.0,3.0,4.0,5.0,3.0,3.0,5.0,3.0,2.0,2.0,3.0,3.0,3.0,5.0,2.0,3.0,4.0,3.0,3.0,4.0,3.0,4.0,4.0,5.0,4.0,3.0,4.0,4.0,3.0,4.0,3.0,4.0,2.0,5.0,4.0
E0737,F,UK,<1y,mid,onsite,1,4.0,3.0,3.0,3.0,4.0,5.0,4.0,4.0,2.0,3.0,3.0,3.0,3.0,2.0,5.0,4.0,2.0,4.0,3.0,3.0,4.0,4.0,3.0,3.0,3.0,2.0,4.0,6.0,4.0,2.0,2.0,2.0,3.0,3.0,5.0,3.0,5.0,3.0,3.0,2.0,5.0,4.0,4.0,4.0,3.0,4.0,3.0,5.0,4.0
E0738,G,India,<1y,mid,hybrid,1,3.0,3.0,5.0,9.0,4.0,3.0,2.0,3.0,3.0,3.0,4.0,4.0,3.0,4.0,3.0,5.0,2.0,3.0,3.0,5.0,3.0,5.0,5.0,4.0,5.0,2.0,4.0,8.0,4.0,3.0,5.0,3.0,3.0,3.0,5.0,3.0,5.0,4.0,4.0,3.0,4.0,3.0,4.0,5.0,3.0,4.0,5.0,4.0,4.0
E0739,Q,US,<1y,mid,remote,1,4.0,3.0,3.0,5.0,4.0,4.0,4.0,5.0,3.0,3.0,3.0,3.0,4.0,3.0,5.0,3.0,4.0,4.0,3.0,3.0,5.0,4.0,3.0,4.0,2.0,2.0,3.0,7.0,4.0,3.0,4.0,4.0,3.0,4.0,4.0,3.0,4.0,2.0,3.0,3.0,4.0,2.0,3.0,3.0,4.0,4.0,3.0,4.0,3.0
E0740,Other (24),UK,<1y,senior,remote,1,4.0,4.0,5.0,8.0,5.0,5.0,4.0,4.0,2.0,4.0,4.0,4.0,2.0,4.0,4.0,4.0,3.0,4.0,4.0,4.0,4.0,3.0,3.0,5.0,5.0,2.0,5.0,6.0,4.0,3.0,5.0,4.0,4.0,3.0,5.0,5.0,4.0,3.0,3.0,3.0,4.0,5.0,4.0,4.0,5.0,4.0,5.0,4.0,3.0
E0741,E,UK,>5y,junior,onsite,1,4.0,4.0,5.0,8.0,5.0,5.0,4.0,5.0,2.0,4.0,4.0,5.0,3.0,4.0,5.0,3.0,2.0,4.0,4.0,4.0,5.0,4.0,3.0,3.0,5.0,4.0,5.0,8.0,4.0,4.0,5.0,3.0,2.0,3.0,4.0,5.0,5.0,4.0,4.0,3.0,4.0,4.0,4.0,3.0,3.0,4.0,4.0,4.0,3.0
E0742,Other (24),Europe,1-3y,junior,remote,1,3.0,4.0,3.0,8.0,4.0,5.0,3.0,4.0,1.0,3.0,3.0,3.0,2.0,1.0,2.0,3.0,3.0,4.0,3.0,3.0,4.0,3.0,1.0,4.0,3.0,1.0,3.0,4.0,2.0,1.0,3.0,3.0,2.0,1.0,3.0,3.0,4.0,5.0,5.0,4.0,4.0,4.0,3.0,3.0,3.0,2.0,3.0,4.0,4.0
E0743,Q,US,1-3y,lead,hybrid,1,4.0,4.0,4.0,5.0,4.0,4.0,4.0,3.0,3.0,5.0,4.0,4.0,4.0,4.0,4.0,5.0,4.0,4.0,2.0,5.0,4.0,3.0,4.0,4.0,4.0,2.0,4.0,8.0,5.0,3.0,3.0,3.0,2.0,3.0,4.0,4.0,3.0,3.0,3.0,3.0,4.0,4.0,5.0,3.0,4.0,4.0,5.0,3.0,2.0
E0744,P,UK,3-5y,lead,remote,1,5.0,5.0,4.0,9.0,5.0,4.0,4.0,5.0,3.0,5.0,4.0,5.0,4.0,5.0,5.0,4.0,3.0,3.0,5.0,4.0,4.0,4.0,4.0,3.0,5.0,4.0,5.0,9.0,4.0,3.0,5.0,2.0,4.0,4.0,5.0,4.0,5.0,5.0,4.0,3.0,5.0,3.0,3.0,4.0,4.0,4.0,4.0,3.0,4.0
E0745,D,US,3-5y,mid,onsite,1,3.0,3.0,5.0,10.0,3.0,4.0,3.0,4.0,3.0,5.0,4.0,4.0,3.0,3.0,5.0,5.0,2.0,4.0,3.0,3.0,3.0,5.0,4.0,4.0,5.0,4.0,4.0,8.0,2.0,3.0,4.0,1.0,3.0,4.0,3.0,3.0,3.0,3.0,3.0,3.0,4.0,4.0,4.0,3.0,4.0,2.0,3.0,3.0,3.0
E0746,B,US,1-3y,lead,remote,1,2.0,5.0,5.0,7.0,4.0,3.0,3.0,3.0,3.0,5.0,4.0,5.0,3.0,5.0,4.0,4.0,2.0,2.0,3.0,5.0,3.0,5.0,4.0,4.0,5.0,2.0,4.0,8.0,5.0,2.0,5.0,2.0,3.0,2.0,4.0,4.0,4.0,2.0,4.0,3.0,3.0,4.0,3.0,3.0,2.0,3.0,3.0,4.0,3.0
E0747,Other (24),Israel,>5y,mid,onsite,1,3.0,3.0,3.0,8.0,2.0,5.0,4.0,3.0,3.0,3.0,3.0,4.0,2.0,2.0,3.0,4.0,2.0,4.0,3.0,2.0,3.0,4.0,2.0,2.0,3.0,2.0,2.0,4.0,4.0,1.0,4.0,3.0,3.0,2.0,3.0,4.0,3.0,2.0,5.0,3.0,4.0,3.0,4.0,3.0,3.0,3.0,3.0,4.0,4.0
E0748,B,Europe,1-3y,mid,hybrid,1,3.0,3.0,4.0,8.0,4.0,4.0,4.0,5.0,5.0,4.0,3.0,2.0,5.0,3.0,5.0,3.0,3.0,3.0,3.0,5.0,4.0,3.0,3.0,4.0,5.0,2.0,4.0,10.0,3.0,2.0,4.0,3.0,3.0,4.0,3.0,5.0,4.0,3.0,3.0,3.0,3.0,3.0,5.0,3.0,4.0,4.0,4.0,5.0,4.0
E0749,Other (24),India,1-3y,senior,hybrid,1,4.0,2.0,3.0,8.0,4.0,5.0,4.0,3.0,4.0,3.0,3.0,3.0,3.0,3.0,4.0,4.0,2.0,5.0,3.0,4.0,4.0,3.0,3.0,4.0,3.0,3.0,2.0,6.0,2.0,3.0,4.0,3.0,5.0,3.0,4.0,4.0,4.0,3.0,3.0,5.0,3.0,3.0,3.0,4.0,4.0,4.0,4.0,3.0,3.0
E0750,F,Israel,<1y,mid,hybrid,1,2.0,3.0,3.0,4.0,2.0,3.0,3.0,2.0,2.0,3.0,3.0,4.0,1.0,3.0,5.0,2.0,2.0,3.0,2.0,3.0,3.0,4.0,3.0,4.0,3.0,2.0,3.0,6.0,2.0,2.0,3.0,2.0,2.0,3.0,3.0,3.0,3.0,4.0,3.0,3.0,4.0,4.0,4.0,3.0,2.0,3.0,3.0,3.0,3.0
E0751,F,UK,<1y,mid,hybrid,1,4.0,4.0,5.0,6.0,3.0,5.0,4.0,4.0,3.0,5.0,4.0,5.0,4.0,5.0,4.0,5.0,3.0,3.0,4.0,5.0,4.0,5.0,5.0,5.0,4.0,3.0,5.0,7.0,5.0,2.0,4.0,3.0,3.0,3.0,4.0,5.0,5.0,5.0,3.0,4.0,4.0,3.0,4.0,3.0,4.0,4.0,5.0,4.0,3.0
E0752,Other (24),US,<1y,mid,hybrid,1,4.0,2.0,4.0,8.0,3.0,3.0,4.0,3.0,3.0,5.0,4.0,3.0,3.0,3.0,3.0,3.0,3.0,3.0,2.0,4.0,2.0,4.0,2.0,3.0,3.0,2.0,4.0,7.0,4.0,2.0,3.0,4.0,4.0,3.0,4.0,3.0,3.0,3.0,3.0,4.0,4.0,4.0,5.0,5.0,3.0,4.0,4.0,4.0,5.0
E0753,G,Israel,>5y,mid,remote,1,4.0,5.0,5.0,10.0,4.0,4.0,4.0,4.0,2.0,5.0,3.0,5.0,1.0,4.0,4.0,4.0,3.0,5.0,4.0,4.0,5.0,4.0,2.0,4.0,5.0,4.0,4.0,8.0,4.0,3.0,5.0,4.0,3.0,3.0,5.0,5.0,5.0,5.0,4.0,5.0,5.0,5.0,5.0,4.0,4.0,5.0,5.0,4.0,4.0
E0754,J,Europe,1-3y,junior,hybrid,1,3.0,3.0,3.0,3.0,3.0,2.0,1.0,2.0,2.0,2.0,2.0,2.0,2.0,3.0,2.0,3.0,1.0,2.0,2.0,3.0,1.0,3.0,4.0,3.0,3.0,1.0,3.0,5.0,2.0,2.0,3.0,2.0,2.0,1.0,4.0,4.0,3.0,3.0,3.0,3.0,3.0,4.0,2.0,2.0,3.0,1.0,2.0,2.0,1.0
E0755,Other (24),Israel,<1y,mid,remote,1,4.0,3.0,3.0,9.0,4.0,4.0,5.0,4.0,3.0,3.0,3.0,5.0,3.0,3.0,3.0,3.0,2.0,4.0,4.0,3.0,4.0,3.0,2.0,3.0,4.0,1.0,2.0,7.0,2.0,1.0,4.0,3.0,3.0,3.0,4.0,4.0,4.0,4.0,3.0,3.0,3.0,3.0,2.0,3.0,3.0,5.0,4.0,3.0,3.0
E0756,Other (24),Israel,<1y,junior,hybrid,1,3.0,4.0,4.0,6.0,3.0,4.0,4.0,3.0,2.0,3.0,3.0,3.0,3.0,1.0,2.0,4.0,2.0,3.0,3.0,3.0,2.0,4.0,1.0,2.0,3.0,2.0,4.0,6.0,2.0,4.0,4.0,4.0,4.0,4.0,3.0,4.0,4.0,3.0,3.0,3.0,3.0,4.0,3.0,4.0,5.0,3.0,4.0,2.0,2.0
E0757,G,Israel,1-3y,lead,hybrid,1,5.0,3.0,3.0,4.0,3.0,4.0,4.0,2.0,2.0,4.0,3.0,3.0,2.0,4.0,3.0,3.0,3.0,4.0,3.0,4.0,5.0,4.0,5.0,4.0,5.0,3.0,4.0,5.0,3.0,2.0,2.0,3.0,3.0,3.0,2.0,2.0,3.0,3.0,3.0,4.0,4.0,4.0,3.0,3.0,4.0,3.0,3.0,4.0,5.0
E0758,F,US,1-3y,mid,hybrid,1,5.0,3.0,3.0,5.0,4.0,5.0,5.0,3.0,2.0,2.0,3.0,4.0,2.0,4.0,5.0,3.0,4.0,5.0,3.0,3.0,5.0,4.0,4.0,4.0,4.0,3.0,3.0,8.0,5.0,3.0,3.0,3.0,4.0,4.0,4.0,3.0,5.0,4.0,3.0,4.0,5.0,4.0,4.0,5.0,4.0,3.0,4.0,4.0,4.0
E0759,H,UK,1-3y,junior,remote,1,5.0,4.0,5.0,10.0,4.0,5.0,4.0,4.0,4.0,5.0,5.0,5.0,4.0,5.0,4.0,5.0,2.0,5.0,4.0,5.0,4.0,5.0,5.0,5.0,5.0,3.0,5.0,8.0,4.0,4.0,5.0,4.0,4.0,4.0,4.0,4.0,4.0,4.0,4.0,5.0,5.0,3.0,3.0,3.0,4.0,5.0,4.0,3.0,3.0
E0760,Q,Europe,<1y,mid,hybrid,1,5.0,4.0,3.0,10.0,4.0,4.0,4.0,5.0,4.0,4.0,4.0,5.0,3.0,5.0,4.0,4.0,4.0,4.0,4.0,4.0,3.0,4.0,5.0,4.0,5.0,4.0,5.0,6.0,5.0,3.0,5.0,3.0,4.0,4.0,4.0,4.0,5.0,4.0,4.0,5.0,4.0,4.0,4.0,5.0,4.0,4.0,4.0,4.0,4.0
E0761,O,Israel,1-3y,mid,onsite,1,3.0,4.0,4.0,7.0,3.0,5.0,2.0,3.0,4.0,3.0,2.0,3.0,4.0,3.0,3.0,2.0,2.0,3.0,4.0,4.0,4.0,4.0,4.0,4.0,3.0,2.0,4.0,6.0,4.0,3.0,3.0,3.0,1.0,3.0,2.0,2.0,3.0,2.0,2.0,2.0,3.0,4.0,4.0,4.0,3.0,3.0,3.0,3.0,3.0
E0762,E,India,<1y,mid,hybrid,1,3.0,5.0,5.0,7.0,4.0,4.0,5.0,5.0,3.0,3.0,4.0,4.0,4.0,3.0,4.0,3.0,3.0,4.0,4.0,4.0,5.0,4.0,2.0,4.0,4.0,4.0,3.0,8.0,4.0,4.0,4.0,3.0,4.0,3.0,3.0,4.0,4.0,4.0,4.0,3.0,5.0,3.0,3.0,5.0,4.0,5.0,4.0,4.0,5.0
E0763,D,US,1-3y,senior,hybrid,1,3.0,4.0,5.0,4.0,2.0,5.0,4.0,2.0,2.0,5.0,3.0,5.0,3.0,5.0,5.0,5.0,3.0,2.0,2.0,5.0,2.0,5.0,4.0,4.0,5.0,4.0,4.0,6.0,5.0,4.0,3.0,3.0,2.0,3.0,4.0,4.0,3.0,2.0,3.0,3.0,3.0,3.0,3.0,3.0,4.0,3.0,5.0,3.0,3.0
E0764,M,Israel,>5y,junior,onsite,1,5.0,5.0,4.0,9.0,5.0,4.0,4.0,4.0,3.0,4.0,3.0,3.0,2.0,2.0,5.0,2.0,2.0,4.0,5.0,4.0,3.0,2.0,3.0,3.0,4.0,4.0,3.0,3.0,3.0,2.0,4.0,3.0,2.0,5.0,4.0,4.0,5.0,4.0,5.0,4.0,4.0,3.0,4.0,4.0,3.0,4.0,5.0,4.0,3.0
E0765,Q,Israel,1-3y,junior,onsite,1,5.0,4.0,4.0,4.0,5.0,5.0,5.0,4.0,3.0,4.0,4.0,4.0,2.0,4.0,4.0,5.0,4.0,4.0,3.0,4.0,4.0,4.0,4.0,5.0,4.0,4.0,4.0,6.0,4.0,3.0,3.0,4.0,3.0,4.0,3.0,3.0,3.0,4.0,4.0,3.0,4.0,4.0,5.0,4.0,5.0,5.0,5.0,4.0,3.0
E0766,K,Israel,<1y,mid,hybrid,1,1.0,2.0,5.0,4.0,2.0,1.0,1.0,3.0,5.0,3.0,5.0,4.0,4.0,3.0,3.0,3.0,2.0,3.0,1.0,4.0,3.0,5.0,4.0,4.0,5.0,3.0,4.0,6.0,4.0,2.0,3.0,2.0,2.0,3.0,3.0,3.0,4.0,4.0,4.0,4.0,4.0,4.0,4.0,4.0,3.0,2.0,3.0,3.0,4.0
E0767,E,US,3-5y,senior,hybrid,1,3.0,5.0,5.0,7.0,5.0,4.0,4.0,5.0,3.0,4.0,3.0,5.0,3.0,4.0,5.0,4.0,3.0,5.0,4.0,3.0,4.0,4.0,3.0,4.0,3.0,5.0,3.0,7.0,5.0,5.0,4.0,4.0,4.0,5.0,4.0,4.0,3.0,5.0,4.0,5.0,3.0,2.0,3.0,5.0,5.0,3.0,3.0,4.0,5.0
E0768,Other (24),India,3-5y,senior,hybrid,1,4.0,4.0,4.0,5.0,4.0,5.0,4.0,3.0,4.0,5.0,3.0,5.0,3.0,3.0,3.0,4.0,2.0,4.0,3.0,5.0,3.0,4.0,4.0,4.0,4.0,3.0,4.0,4.0,3.0,1.0,4.0,4.0,4.0,2.0,5.0,4.0,5.0,3.0,5.0,3.0,4.0,4.0,4.0,3.0,4.0,4.0,5.0,4.0,5.0
E0769,B,UK,3-5y,senior,onsite,1,4.0,3.0,4.0,9.0,4.0,4.0,4.0,3.0,4.0,4.0,4.0,4.0,4.0,3.0,5.0,3.0,3.0,3.0,3.0,5.0,5.0,4.0,3.0,4.0,4.0,4.0,4.0,8.0,3.0,3.0,2.0,3.0,3.0,3.0,3.0,3.0,3.0,4.0,4.0,3.0,4.0,3.0,3.0,3.0,4.0,4.0,4.0,4.0,2.0
E0770,C,US,<1y,lead,hybrid,1,4.0,5.0,5.0,10.0,5.0,3.0,4.0,4.0,3.0,5.0,5.0,5.0,4.0,5.0,4.0,5.0,4.0,4.0,5.0,5.0,5.0,4.0,4.0,5.0,5.0,4.0,4.0,7.0,5.0,3.0,5.0,3.0,2.0,3.0,5.0,5.0,4.0,4.0,4.0,4.0,4.0,3.0,3.0,4.0,4.0,3.0,5.0,4.0,2.0
E0771,Other (24),UK,1-3y,mid,hybrid,1,3.0,2.0,4.0,4.0,2.0,4.0,3.0,2.0,5.0,4.0,3.0,4.0,3.0,3.0,2.0,4.0,1.0,2.0,2.0,4.0,3.0,4.0,3.0,5.0,4.0,2.0,4.0,8.0,4.0,1.0,3.0,3.0,2.0,1.0,2.0,3.0,2.0,4.0,4.0,3.0,3.0,2.0,2.0,2.0,3.0,2.0,2.0,2.0,2.0
E0772,Other (24),UK,>5y,mid,hybrid,1,3.0,4.0,2.0,9.0,5.0,2.0,4.0,4.0,4.0,4.0,4.0,4.0,3.0,2.0,2.0,3.0,1.0,2.0,3.0,5.0,3.0,4.0,3.0,2.0,4.0,1.0,3.0,7.0,4.0,1.0,4.0,1.0,2.0,1.0,4.0,4.0,4.0,4.0,3.0,5.0,4.0,3.0,3.0,3.0,2.0,4.0,4.0,3.0,3.0
E0773,H,US,3-5y,junior,onsite,1,5.0,5.0,5.0,10.0,5.0,5.0,4.0,4.0,3.0,4.0,4.0,5.0,4.0,3.0,4.0,4.0,4.0,3.0,3.0,4.0,3.0,5.0,4.0,5.0,5.0,4.0,5.0,7.0,3.0,5.0,4.0,3.0,2.0,4.0,3.0,3.0,4.0,3.0,3.0,4.0,5.0,3.0,5.0,4.0,4.0,5.0,3.0,4.0,4.0
E0774,G,India,1-3y,mid,hybrid,1,5.0,3.0,4.0,9.0,5.0,5.0,4.0,3.0,3.0,3.0,3.0,4.0,3.0,4.0,5.0,4.0,3.0,5.0,3.0,5.0,5.0,3.0,3.0,3.0,4.0,3.0,4.0,7.0,4.0,2.0,4.0,2.0,3.0,2.0,5.0,4.0,5.0,5.0,4.0,5.0,4.0,3.0,3.0,2.0,4.0,4.0,3.0,4.0,4.0
E0775,O,Europe,<1y,junior,remote,1,3.0,3.0,5.0,5.0,1.0,5.0,2.0,2.0,2.0,2.0,2.0,3.0,3.0,3.0,4.0,3.0,5.0,4.0,3.0,2.0,3.0,3.0,4.0,3.0,4.0,3.0,5.0,6.0,4.0,3.0,3.0,3.0,4.0,4.0,4.0,4.0,5.0,3.0,3.0,3.0,4.0,5.0,3.0,5.0,3.0,2.0,2.0,2.0,4.0
E0776,O,Israel,<1y,senior,remote,1,3.0,4.0,4.0,6.0,3.0,3.0,4.0,3.0,3.0,4.0,2.0,2.0,3.0,4.0,4.0,3.0,3.0,3.0,3.0,3.0,4.0,3.0,3.0,3.0,4.0,2.0,5.0,4.0,2.0,3.0,3.0,3.0,2.0,3.0,3.0,3.0,2.0,1.0,1.0,1.0,4.0,4.0,3.0,3.0,4.0,4.0,2.0,3.0,3.0
E0777,F,Europe,>5y,junior,onsite,1,4.0,4.0,3.0,6.0,3.0,4.0,3.0,4.0,2.0,4.0,2.0,5.0,3.0,3.0,4.0,3.0,4.0,2.0,3.0,2.0,4.0,4.0,4.0,4.0,3.0,2.0,4.0,7.0,4.0,4.0,4.0,3.0,2.0,4.0,3.0,3.0,3.0,5.0,3.0,4.0,4.0,5.0,5.0,4.0,4.0,3.0,2.0,4.0,4.0
E0778,B,US,1-3y,mid,hybrid,1,2.0,3.0,4.0,7.0,2.0,3.0,2.0,4.0,5.0,3.0,3.0,5.0,4.0,3.0,3.0,3.0,3.0,2.0,3.0,4.0,3.0,3.0,4.0,4.0,4.0,3.0,4.0,10.0,4.0,3.0,4.0,2.0,3.0,3.0,4.0,3.0,4.0,3.0,4.0,3.0,4.0,4.0,3.0,4.0,3.0,2.0,4.0,3.0,3.0
E0779,Other (24),Israel,1-3y,junior,hybrid,1,5.0,5.0,3.0,10.0,4.0,5.0,4.0,5.0,5.0,4.0,3.0,4.0,3.0,2.0,3.0,4.0,3.0,5.0,4.0,4.0,3.0,3.0,3.0,3.0,5.0,3.0,4.0,5.0,4.0,4.0,4.0,4.0,4.0,2.0,4.0,4.0,4.0,4.0,3.0,3.0,3.0,3.0,3.0,3.0,4.0,3.0,2.0,4.0,4.0
E0780,D,Israel,<1y,mid,onsite,1,4.0,5.0,4.0,10.0,4.0,4.0,2.0,5.0,3.0,4.0,4.0,4.0,3.0,5.0,5.0,4.0,3.0,3.0,4.0,5.0,4.0,5.0,5.0,4.0,4.0,5.0,5.0,7.0,3.0,4.0,5.0,3.0,2.0,4.0,4.0,5.0,3.0,3.0,3.0,3.0,4.0,4.0,4.0,4.0,4.0,3.0,3.0,4.0,3.0
E0781,G,US,1-3y,junior,hybrid,1,3.0,4.0,3.0,7.0,4.0,4.0,4.0,4.0,1.0,3.0,3.0,3.0,2.0,3.0,2.0,4.0,1.0,4.0,3.0,4.0,4.0,5.0,2.0,3.0,5.0,1.0,4.0,5.0,4.0,1.0,3.0,2.0,3.0,1.0,3.0,4.0,5.0,5.0,3.0,4.0,3.0,3.0,3.0,3.0,3.0,3.0,3.0,4.0,4.0
E0782,Other (24),Europe,1-3y,mid,onsite,1,3.0,3.0,4.0,6.0,4.0,4.0,3.0,2.0,3.0,4.0,2.0,3.0,3.0,2.0,2.0,4.0,1.0,3.0,4.0,3.0,3.0,4.0,3.0,2.0,3.0,1.0,2.0,5.0,2.0,1.0,4.0,2.0,1.0,2.0,4.0,5.0,3.0,5.0,4.0,4.0,4.0,4.0,3.0,2.0,3.0,4.0,5.0,4.0,4.0
E0783,Other (24),India,<1y,mid,hybrid,1,3.0,3.0,4.0,7.0,4.0,3.0,4.0,3.0,4.0,4.0,2.0,4.0,4.0,4.0,2.0,5.0,2.0,4.0,3.0,3.0,3.0,4.0,4.0,5.0,4.0,3.0,3.0,8.0,4.0,2.0,4.0,3.0,3.0,2.0,4.0,4.0,4.0,3.0,4.0,3.0,4.0,4.0,4.0,2.0,4.0,4.0,5.0,3.0,4.0
E0784,J,UK,1-3y,junior,remote,1,3.0,4.0,3.0,8.0,3.0,3.0,3.0,3.0,1.0,4.0,5.0,5.0,2.0,4.0,3.0,4.0,4.0,3.0,3.0,5.0,2.0,4.0,5.0,4.0,5.0,3.0,4.0,6.0,5.0,4.0,5.0,4.0,3.0,4.0,5.0,5.0,5.0,3.0,4.0,5.0,3.0,4.0,4.0,5.0,4.0,3.0,4.0,4.0,3.0
E0785,Q,UK,3-5y,mid,remote,1,5.0,2.0,4.0,3.0,3.0,5.0,3.0,3.0,3.0,2.0,3.0,3.0,2.0,3.0,3.0,5.0,3.0,3.0,2.0,4.0,3.0,2.0,2.0,3.0,3.0,2.0,4.0,6.0,3.0,2.0,3.0,1.0,2.0,2.0,3.0,3.0,3.0,5.0,3.0,3.0,4.0,3.0,2.0,3.0,2.0,3.0,3.0,3.0,2.0
E0786,B,India,<1y,mid,remote,1,4.0,5.0,3.0,10.0,5.0,5.0,5.0,5.0,5.0,4.0,3.0,5.0,5.0,3.0,4.0,2.0,4.0,3.0,5.0,3.0,4.0,3.0,4.0,4.0,4.0,3.0,3.0,10.0,4.0,2.0,5.0,2.0,2.0,4.0,5.0,5.0,5.0,4.0,4.0,5.0,3.0,4.0,4.0,4.0,4.0,5.0,5.0,4.0,3.0
E0787,C,UK,1-3y,junior,hybrid,1,2.0,4.0,5.0,9.0,4.0,3.0,2.0,3.0,4.0,5.0,4.0,4.0,3.0,4.0,3.0,5.0,3.0,3.0,3.0,5.0,2.0,4.0,4.0,5.0,5.0,3.0,3.0,9.0,5.0,4.0,5.0,2.0,3.0,2.0,4.0,3.0,4.0,4.0,4.0,4.0,3.0,4.0,3.0,3.0,3.0,5.0,5.0,3.0,2.0
E0788,N,UK,3-5y,senior,onsite,1,4.0,2.0,4.0,7.0,5.0,4.0,2.0,3.0,3.0,3.0,4.0,3.0,2.0,3.0,4.0,3.0,5.0,5.0,4.0,3.0,3.0,5.0,4.0,5.0,4.0,5.0,5.0,5.0,4.0,5.0,4.0,4.0,5.0,5.0,4.0,4.0,3.0,4.0,4.0,3.0,4.0,5.0,4.0,4.0,5.0,5.0,5.0,5.0,3.0
E0789,R,UK,>5y,junior,onsite,1,5.0,5.0,4.0,8.0,5.0,5.0,5.0,5.0,4.0,5.0,5.0,4.0,3.0,3.0,5.0,3.0,3.0,3.0,5.0,4.0,5.0,4.0,4.0,4.0,5.0,3.0,4.0,9.0,3.0,3.0,5.0,4.0,3.0,5.0,4.0,4.0,4.0,4.0,4.0,5.0,4.0,5.0,5.0,5.0,5.0,5.0,5.0,5.0,3.0
E0790,K,India,>5y,senior,remote,1,2.0,4.0,4.0,8.0,4.0,4.0,3.0,3.0,3.0,3.0,4.0,4.0,4.0,3.0,2.0,4.0,2.0,2.0,4.0,5.0,3.0,2.0,4.0,4.0,5.0,3.0,5.0,9.0,4.0,3.0,5.0,2.0,3.0,3.0,5.0,5.0,5.0,4.0,5.0,4.0,4.0,4.0,4.0,3.0,4.0,4.0,4.0,5.0,5.0
E0791,N,UK,1-3y,junior,hybrid,1,5.0,5.0,5.0,8.0,4.0,5.0,4.0,5.0,4.0,4.0,3.0,4.0,4.0,4.0,5.0,2.0,4.0,4.0,5.0,5.0,5.0,4.0,4.0,5.0,4.0,3.0,4.0,5.0,5.0,4.0,4.0,5.0,4.0,5.0,5.0,5.0,4.0,4.0,4.0,4.0,5.0,5.0,4.0,4.0,5.0,4.0,4.0,3.0,3.0
E0792,F,India,<1y,lead,onsite,1,3.0,2.0,2.0,2.0,1.0,4.0,3.0,2.0,2.0,3.0,2.0,3.0,2.0,3.0,3.0,2.0,4.0,2.0,1.0,2.0,4.0,3.0,3.0,4.0,2.0,3.0,4.0,5.0,3.0,4.0,2.0,4.0,2.0,3.0,1.0,2.0,3.0,4.0,2.0,3.0,3.0,4.0,3.0,5.0,4.0,4.0,4.0,3.0,3.0
E0793,J,UK,>5y,junior,onsite,1,4.0,4.0,3.0,2.0,4.0,4.0,3.0,2.0,1.0,1.0,1.0,2.0,3.0,3.0,3.0,3.0,2.0,3.0,2.0,3.0,3.0,1.0,3.0,3.0,2.0,2.0,2.0,4.0,1.0,2.0,3.0,2.0,2.0,2.0,4.0,4.0,3.0,3.0,3.0,3.0,3.0,3.0,4.0,3.0,3.0,5.0,3.0,3.0,2.0
E0794,Other (24),Europe,3-5y,senior,hybrid,1,3.0,4.0,4.0,8.0,5.0,5.0,4.0,4.0,2.0,5.0,3.0,5.0,2.0,2.0,3.0,4.0,3.0,3.0,4.0,4.0,4.0,4.0,3.0,5.0,3.0,2.0,4.0,3.0,3.0,1.0,5.0,3.0,4.0,3.0,2.0,4.0,4.0,4.0,4.0,4.0,4.0,4.0,4.0,4.0,4.0,5.0,4.0,4.0,4.0
E0795,L,US,<1y,mid,remote,1,4.0,4.0,4.0,5.0,2.0,4.0,4.0,3.0,4.0,3.0,2.0,3.0,5.0,3.0,3.0,4.0,2.0,3.0,2.0,4.0,3.0,3.0,4.0,3.0,4.0,2.0,4.0,8.0,3.0,1.0,5.0,2.0,1.0,2.0,3.0,3.0,4.0,5.0,4.0,4.0,4.0,3.0,4.0,2.0,3.0,3.0,4.0,4.0,4.0
E0796,J,UK,>5y,junior,hybrid,1,2.0,4.0,3.0,5.0,4.0,2.0,3.0,4.0,1.0,3.0,3.0,2.0,2.0,2.0,2.0,3.0,4.0,2.0,2.0,3.0,4.0,2.0,3.0,3.0,3.0,3.0,3.0,7.0,2.0,3.0,5.0,3.0,3.0,3.0,4.0,3.0,3.0,5.0,3.0,5.0,5.0,5.0,5.0,4.0,4.0,4.0,3.0,4.0,4.0
E0797,Q,India,1-3y,mid,hybrid,1,4.0,3.0,3.0,6.0,2.0,4.0,4.0,3.0,4.0,2.0,2.0,3.0,4.0,3.0,5.0,4.0,4.0,4.0,3.0,3.0,4.0,2.0,2.0,3.0,4.0,2.0,2.0,3.0,3.0,3.0,3.0,2.0,2.0,1.0,4.0,3.0,3.0,3.0,4.0,3.0,4.0,3.0,3.0,5.0,3.0,4.0,3.0,3.0,2.0
E0798,L,India,<1y,lead,hybrid,1,2.0,2.0,3.0,6.0,3.0,4.0,2.0,2.0,4.0,3.0,1.0,1.0,3.0,4.0,3.0,2.0,1.0,3.0,3.0,3.0,2.0,2.0,3.0,2.0,2.0,1.0,3.0,7.0,3.0,1.0,3.0,1.0,1.0,1.0,4.0,4.0,4.0,4.0,4.0,4.0,5.0,3.0,4.0,3.0,2.0,3.0,4.0,2.0,3.0
E0799,G,US,1-3y,junior,hybrid,1,1.0,2.0,2.0,5.0,2.0,3.0,3.0,2.0,2.0,2.0,1.0,3.0,1.0,1.0,3.0,3.0,2.0,3.0,2.0,1.0,3.0,2.0,1.0,1.0,3.0,3.0,1.0,5.0,1.0,2.0,2.0,2.0,2.0,1.0,3.0,3.0,3.0,3.0,4.0,3.0,2.0,4.0,4.0,2.0,2.0,4.0,3.0,5.0,3.0
E0800,P,Europe,<1y,junior,hybrid,1,4.0,5.0,4.0,6.0,5.0,4.0,5.0,5.0,2.0,4.0,2.0,5.0,2.0,5.0,3.0,4.0,4.0,4.0,4.0,3.0,5.0,4.0,4.0,4.0,4.0,3.0,3.0,6.0,5.0,4.0,5.0,4.0,3.0,2.0,5.0,5.0,5.0,3.0,3.0,2.0,4.0,5.0,5.0,4.0,3.0,4.0,4.0,3.0,4.0
E0801,E,Europe,1-3y,mid,hybrid,1,4.0,2.0,5.0,6.0,4.0,4.0,3.0,5.0,2.0,3.0,3.0,4.0,2.0,3.0,3.0,3.0,3.0,4.0,3.0,4.0,5.0,3.0,3.0,3.0,4.0,5.0,4.0,6.0,3.0,4.0,4.0,4.0,2.0,4.0,4.0,3.0,3.0,3.0,4.0,3.0,4.0,3.0,4.0,4.0,3.0,4.0,3.0,3.0,4.0
E0802,J,India,<1y,junior,hybrid,1,2.0,3.0,3.0,2.0,2.0,3.0,2.0,3.0,2.0,3.0,1.0,1.0,1.0,3.0,2.0,3.0,2.0,1.0,3.0,3.0,2.0,2.0,2.0,3.0,3.0,2.0,3.0,7.0,4.0,3.0,2.0,3.0,2.0,4.0,4.0,5.0,3.0,4.0,3.0,5.0,2.0,3.0,4.0,4.0,4.0,4.0,5.0,4.0,3.0
E0803,Other (24),US,1-3y,mid,onsite,1,4.0,2.0,3.0,6.0,2.0,4.0,4.0,2.0,2.0,3.0,2.0,4.0,1.0,2.0,3.0,3.0,3.0,5.0,3.0,4.0,4.0,1.0,3.0,3.0,4.0,2.0,4.0,6.0,3.0,3.0,3.0,2.0,4.0,2.0,4.0,3.0,2.0,4.0,4.0,4.0,4.0,4.0,4.0,5.0,4.0,2.0,3.0,4.0,3.0
E0804,F,Europe,1-3y,mid,remote,1,3.0,3.0,4.0,8.0,4.0,4.0,4.0,4.0,4.0,5.0,3.0,4.0,3.0,4.0,5.0,5.0,5.0,4.0,3.0,3.0,3.0,5.0,5.0,4.0,5.0,4.0,4.0,8.0,4.0,5.0,4.0,3.0,4.0,4.0,3.0,4.0,4.0,4.0,4.0,4.0,4.0,5.0,4.0,5.0,5.0,4.0,4.0,5.0,3.0
E0805,Other (24),US,>5y,junior,hybrid,1,5.0,5.0,2.0,10.0,4.0,5.0,4.0,2.0,4.0,2.0,2.0,3.0,4.0,2.0,5.0,3.0,2.0,5.0,2.0,3.0,4.0,3.0,4.0,2.0,3.0,3.0,2.0,9.0,2.0,2.0,4.0,4.0,4.0,3.0,5.0,5.0,4.0,4.0,4.0,3.0,5.0,5.0,4.0,4.0,3.0,3.0,4.0,3.0,4.0
E0806,A,Israel,<1y,lead,hybrid,1,4.0,5.0,3.0,10.0,5.0,4.0,3.0,5.0,2.0,3.0,3.0,3.0,3.0,3.0,4.0,4.0,2.0,4.0,5.0,3.0,3.0,4.0,3.0,4.0,3.0,1.0,4.0,7.0,3.0,1.0,5.0,2.0,3.0,2.0,5.0,5.0,5.0,5.0,5.0,4.0,4.0,4.0,5.0,2.0,3.0,4.0,3.0,3.0,4.0
E0807,J,US,1-3y,junior,onsite,1,3.0,4.0,2.0,5.0,5.0,3.0,3.0,4.0,2.0,3.0,3.0,4.0,3.0,3.0,3.0,3.0,4.0,3.0,4.0,4.0,3.0,3.0,3.0,3.0,2.0,3.0,2.0,7.0,3.0,3.0,5.0,3.0,3.0,3.0,3.0,4.0,4.0,4.0,5.0,3.0,5.0,5.0,4.0,4.0,5.0,4.0,5.0,5.0,5.0
E0808,O,India,1-3y,senior,hybrid,1,3.0,3.0,4.0,4.0,3.0,3.0,2.0,3.0,3.0,4.0,3.0,3.0,4.0,3.0,3.0,3.0,2.0,3.0,3.0,4.0,3.0,4.0,3.0,4.0,5.0,4.0,5.0,7.0,3.0,3.0,4.0,4.0,3.0,2.0,4.0,4.0,3.0,3.0,4.0,3.0,4.0,5.0,4.0,4.0,3.0,3.0,4.0,3.0,5.0
E0809,Other (24),US,3-5y,junior,onsite,1,4.0,3.0,2.0,7.0,4.0,4.0,4.0,4.0,3.0,3.0,3.0,3.0,3.0,2.0,3.0,4.0,2.0,3.0,3.0,4.0,4.0,3.0,3.0,3.0,4.0,2.0,3.0,7.0,3.0,3.0,5.0,3.0,5.0,3.0,4.0,4.0,4.0,3.0,5.0,5.0,5.0,5.0,4.0,5.0,5.0,4.0,5.0,4.0,4.0
E0810,D,UK,<1y,lead,hybrid,1,3.0,4.0,2.0,4.0,3.0,4.0,2.0,4.0,5.0,4.0,4.0,4.0,4.0,4.0,4.0,3.0,2.0,3.0,3.0,3.0,3.0,5.0,4.0,4.0,5.0,3.0,3.0,7.0,4.0,3.0,5.0,2.0,2.0,3.0,3.0,4.0,2.0,4.0,5.0,4.0,3.0,3.0,4.0,3.0,3.0,5.0,3.0,2.0,3.0
E0811,C,India,1-3y,mid,hybrid,1,4.0,3.0,3.0,5.0,3.0,3.0,3.0,3.0,4.0,3.0,3.0,3.0,5.0,2.0,3.0,3.0,4.0,4.0,3.0,3.0,3.0,2.0,2.0,3.0,3.0,5.0,3.0,8.0,3.0,3.0,4.0,3.0,2.0,3.0,2.0,2.0,3.0,3.0,2.0,3.0,5.0,5.0,5.0,4.0,4.0,2.0,2.0,3.0,4.0
E0812,M,UK,<1y,senior,hybrid,1,3.0,4.0,3.0,6.0,3.0,4.0,3.0,4.0,4.0,3.0,3.0,3.0,4.0,2.0,3.0,4.0,2.0,3.0,4.0,3.0,4.0,1.0,2.0,3.0,3.0,3.0,3.0,6.0,3.0,2.0,4.0,2.0,3.0,3.0,3.0,3.0,4.0,4.0,3.0,4.0,4.0,4.0,4.0,3.0,4.0,2.0,3.0,4.0,4.0
E0813,L,US,<1y,senior,hybrid,1,3.0,3.0,5.0,7.0,4.0,4.0,3.0,2.0,5.0,5.0,3.0,3.0,4.0,5.0,3.0,4.0,3.0,4.0,3.0,4.0,3.0,5.0,3.0,4.0,5.0,3.0,3.0,10.0,4.0,2.0,5.0,3.0,3.0,2.0,4.0,4.0,4.0,5.0,5.0,5.0,5.0,5.0,5.0,3.0,4.0,4.0,4.0,4.0,2.0
E0814,Q,India,1-3y,senior,remote,1,4.0,5.0,3.0,6.0,5.0,5.0,5.0,4.0,5.0,4.0,4.0,4.0,3.0,4.0,5.0,4.0,5.0,4.0,5.0,5.0,5.0,3.0,4.0,5.0,4.0,4.0,4.0,7.0,4.0,2.0,5.0,4.0,3.0,3.0,4.0,5.0,4.0,4.0,3.0,4.0,3.0,4.0,5.0,3.0,3.0,3.0,4.0,4.0,4.0
E0815,R,US,1-3y,mid,hybrid,1,4.0,4.0,3.0,8.0,5.0,5.0,3.0,4.0,3.0,4.0,4.0,4.0,3.0,3.0,2.0,4.0,3.0,4.0,4.0,4.0,2.0,5.0,2.0,3.0,5.0,1.0,4.0,9.0,3.0,2.0,3.0,2.0,3.0,2.0,4.0,5.0,4.0,4.0,5.0,4.0,4.0,4.0,5.0,3.0,3.0,4.0,4.0,5.0,5.0
E0816,K,India,1-3y,mid,remote,1,4.0,3.0,4.0,7.0,3.0,5.0,4.0,3.0,3.0,5.0,4.0,3.0,3.0,3.0,3.0,3.0,2.0,4.0,4.0,3.0,4.0,4.0,3.0,5.0,4.0,2.0,3.0,4.0,4.0,1.0,4.0,2.0,1.0,2.0,5.0,5.0,5.0,4.0,5.0,4.0,3.0,3.0,3.0,3.0,3.0,4.0,4.0,3.0,4.0
E0817,D,India,>5y,senior,remote,1,4.0,4.0,4.0,7.0,4.0,5.0,3.0,4.0,2.0,5.0,5.0,5.0,3.0,4.0,4.0,5.0,3.0,3.0,4.0,5.0,2.0,5.0,5.0,5.0,5.0,3.0,4.0,4.0,5.0,4.0,4.0,2.0,2.0,5.0,4.0,5.0,3.0,3.0,4.0,3.0,3.0,4.0,3.0,3.0,3.0,4.0,4.0,4.0,4.0
E0818,Other (24),Israel,>5y,senior,onsite,1,4.0,4.0,4.0,8.0,3.0,5.0,5.0,4.0,2.0,3.0,3.0,4.0,2.0,3.0,4.0,4.0,2.0,4.0,3.0,5.0,4.0,4.0,4.0,4.0,3.0,1.0,4.0,5.0,4.0,1.0,3.0,3.0,3.0,2.0,3.0,2.0,3.0,5.0,4.0,5.0,4.0,5.0,3.0,2.0,3.0,3.0,3.0,3.0,4.0
E0819,P,India,3-5y,junior,hybrid,1,1.0,4.0,4.0,6.0,3.0,4.0,3.0,3.0,1.0,5.0,4.0,4.0,3.0,4.0,3.0,4.0,2.0,2.0,4.0,3.0,3.0,3.0,3.0,4.0,3.0,3.0,5.0,5.0,5.0,2.0,4.0,2.0,3.0,2.0,2.0,2.0,2.0,2.0,3.0,3.0,3.0,3.0,1.0,2.0,3.0,3.0,3.0,2.0,4.0
E0820,N,UK,1-3y,mid,onsite,1,3.0,4.0,4.0,8.0,5.0,3.0,3.0,4.0,3.0,2.0,1.0,3.0,4.0,3.0,4.0,2.0,3.0,2.0,4.0,3.0,3.0,4.0,3.0,2.0,2.0,2.0,4.0,6.0,2.0,4.0,5.0,2.0,3.0,3.0,4.0,4.0,4.0,2.0,4.0,3.0,4.0,4.0,3.0,3.0,3.0,2.0,1.0,2.0,1.0
E0821,Q,UK,1-3y,junior,onsite,1,3.0,3.0,2.0,4.0,2.0,3.0,3.0,3.0,2.0,3.0,4.0,3.0,2.0,4.0,4.0,5.0,2.0,3.0,3.0,3.0,4.0,2.0,2.0,4.0,3.0,2.0,4.0,5.0,3.0,2.0,3.0,3.0,2.0,2.0,3.0,4.0,3.0,2.0,2.0,3.0,4.0,3.0,3.0,3.0,3.0,3.0,3.0,3.0,1.0
E0822,Other (24),US,1-3y,lead,hybrid,1,5.0,4.0,5.0,8.0,3.0,5.0,5.0,4.0,4.0,5.0,5.0,4.0,4.0,4.0,3.0,5.0,3.0,5.0,3.0,5.0,3.0,4.0,5.0,5.0,5.0,2.0,5.0,5.0,5.0,3.0,4.0,3.0,4.0,3.0,4.0,5.0,4.0,3.0,3.0,5.0,4.0,5.0,5.0,4.0,3.0,5.0,4.0,4.0,4.0
E0823,Other (24),India,<1y,senior,hybrid,1,3.0,4.0,2.0,8.0,4.0,4.0,3.0,3.0,4.0,4.0,2.0,3.0,2.0,1.0,2.0,3.0,2.0,3.0,3.0,3.0,3.0,3.0,2.0,4.0,3.0,2.0,2.0,7.0,2.0,2.0,3.0,3.0,3.0,2.0,4.0,3.0,3.0,3.0,3.0,3.0,3.0,4.0,5.0,4.0,4.0,3.0,3.0,3.0,4.0
E0824,E,US,<1y,mid,hybrid,1,4.0,4.0,4.0,9.0,5.0,5.0,4.0,4.0,2.0,3.0,3.0,4.0,3.0,4.0,5.0,3.0,4.0,4.0,5.0,4.0,5.0,4.0,4.0,2.0,5.0,3.0,5.0,7.0,4.0,4.0,4.0,5.0,4.0,3.0,4.0,3.0,4.0,4.0,4.0,4.0,5.0,4.0,4.0,4.0,4.0,4.0,5.0,3.0,3.0
E0825,R,UK,3-5y,senior,onsite,1,3.0,3.0,5.0,7.0,3.0,3.0,3.0,4.0,3.0,4.0,5.0,4.0,3.0,4.0,2.0,4.0,1.0,2.0,4.0,4.0,4.0,3.0,3.0,3.0,5.0,3.0,4.0,5.0,4.0,3.0,4.0,2.0,3.0,2.0,5.0,5.0,5.0,4.0,5.0,5.0,5.0,3.0,4.0,4.0,4.0,5.0,4.0,3.0,2.0
E0826,I,UK,<1y,mid,hybrid,1,5.0,4.0,5.0,6.0,4.0,5.0,4.0,5.0,4.0,4.0,3.0,4.0,3.0,5.0,4.0,3.0,2.0,4.0,3.0,5.0,4.0,5.0,5.0,4.0,5.0,2.0,5.0,5.0,4.0,3.0,4.0,3.0,3.0,3.0,4.0,3.0,3.0,3.0,3.0,4.0,4.0,5.0,4.0,4.0,5.0,4.0,4.0,3.0,4.0
E0827,J,Israel,1-3y,junior,onsite,1,2.0,4.0,2.0,2.0,4.0,2.0,1.0,4.0,2.0,2.0,1.0,3.0,3.0,1.0,2.0,3.0,3.0,3.0,3.0,3.0,3.0,2.0,2.0,3.0,3.0,3.0,4.0,5.0,2.0,2.0,2.0,2.0,1.0,3.0,4.0,4.0,5.0,3.0,4.0,3.0,3.0,5.0,4.0,3.0,4.0,4.0,3.0,4.0,4.0
E0828,Other (24),Israel,>5y,mid,remote,1,4.0,5.0,4.0,9.0,4.0,5.0,4.0,4.0,4.0,4.0,3.0,4.0,3.0,3.0,4.0,4.0,4.0,5.0,3.0,4.0,5.0,3.0,4.0,2.0,4.0,3.0,4.0,7.0,5.0,2.0,5.0,4.0,3.0,2.0,5.0,5.0,5.0,4.0,3.0,4.0,3.0,4.0,5.0,4.0,5.0,3.0,3.0,3.0,3.0
E0829,P,Israel,3-5y,mid,hybrid,1,3.0,4.0,4.0,9.0,5.0,4.0,4.0,4.0,2.0,4.0,3.0,5.0,3.0,5.0,4.0,4.0,4.0,3.0,5.0,4.0,3.0,4.0,5.0,4.0,5.0,3.0,5.0,9.0,4.0,3.0,5.0,3.0,2.0,3.0,4.0,3.0,4.0,5.0,4.0,4.0,4.0,2.0,3.0,4.0,3.0,3.0,4.0,3.0,4.0
E0830,B,US,1-3y,junior,remote,1,4.0,5.0,4.0,9.0,4.0,2.0,4.0,5.0,5.0,4.0,3.0,5.0,4.0,3.0,3.0,3.0,3.0,3.0,4.0,5.0,4.0,2.0,4.0,2.0,5.0,3.0,4.0,10.0,4.0,3.0,5.0,3.0,3.0,4.0,5.0,5.0,5.0,4.0,3.0,5.0,4.0,4.0,4.0,5.0,3.0,3.0,3.0,4.0,5.0
E0831,N,India,1-3y,senior,hybrid,1,4.0,3.0,4.0,6.0,3.0,3.0,3.0,4.0,4.0,3.0,2.0,2.0,3.0,4.0,4.0,2.0,3.0,3.0,3.0,5.0,3.0,5.0,3.0,5.0,3.0,4.0,3.0,5.0,4.0,4.0,2.0,4.0,5.0,5.0,1.0,1.0,2.0,3.0,3.0,3.0,3.0,5.0,4.0,4.0,4.0,4.0,5.0,4.0,4.0
E0832,A,Europe,<1y,senior,hybrid,1,5.0,3.0,4.0,7.0,4.0,4.0,4.0,3.0,2.0,3.0,4.0,5.0,3.0,5.0,4.0,5.0,2.0,4.0,4.0,5.0,4.0,4.0,4.0,4.0,4.0,3.0,4.0,10.0,3.0,3.0,4.0,3.0,5.0,4.0,4.0,4.0,4.0,4.0,3.0,2.0,5.0,5.0,4.0,4.0,4.0,3.0,4.0,3.0,3.0
E0833,N,UK,<1y,mid,remote,1,5.0,5.0,5.0,9.0,5.0,5.0,4.0,5.0,2.0,5.0,4.0,5.0,3.0,4.0,5.0,5.0,4.0,4.0,5.0,4.0,5.0,5.0,4.0,3.0,4.0,3.0,4.0,4.0,4.0,4.0,5.0,3.0,3.0,5.0,4.0,4.0,4.0,3.0,4.0,3.0,3.0,1.0,3.0,4.0,4.0,4.0,5.0,2.0,3.0
E0834,I,Europe,3-5y,junior,remote,1,4.0,5.0,5.0,10.0,5.0,5.0,4.0,5.0,4.0,5.0,4.0,4.0,3.0,4.0,4.0,5.0,4.0,5.0,5.0,5.0,3.0,5.0,5.0,5.0,5.0,4.0,5.0,7.0,4.0,5.0,4.0,4.0,5.0,4.0,5.0,5.0,5.0,4.0,2.0,4.0,4.0,5.0,4.0,5.0,5.0,5.0,5.0,4.0,5.0
E0835,P,US,1-3y,senior,hybrid,1,4.0,4.0,3.0,6.0,5.0,4.0,4.0,3.0,2.0,5.0,3.0,4.0,5.0,4.0,5.0,3.0,3.0,3.0,4.0,2.0,5.0,3.0,5.0,3.0,4.0,3.0,3.0,7.0,3.0,3.0,5.0,3.0,2.0,3.0,5.0,5.0,5.0,4.0,3.0,4.0,5.0,5.0,4.0,3.0,5.0,4.0,3.0,4.0,4.0
E0836,L,US,3-5y,junior,hybrid,1,3.0,4.0,4.0,6.0,4.0,4.0,4.0,4.0,3.0,3.0,1.0,4.0,3.0,3.0,3.0,4.0,4.0,3.0,3.0,4.0,3.0,4.0,4.0,4.0,4.0,3.0,3.0,7.0,3.0,4.0,5.0,3.0,2.0,2.0,4.0,5.0,4.0,4.0,4.0,3.0,3.0,5.0,4.0,4.0,5.0,4.0,5.0,4.0,3.0
E0837,Other (24),India,>5y,mid,hybrid,1,3.0,4.0,4.0,9.0,3.0,4.0,3.0,3.0,3.0,4.0,3.0,3.0,3.0,3.0,2.0,3.0,2.0,4.0,3.0,3.0,3.0,4.0,3.0,4.0,2.0,1.0,2.0,6.0,3.0,1.0,3.0,2.0,3.0,1.0,4.0,4.0,5.0,4.0,4.0,5.0,3.0,4.0,5.0,4.0,3.0,3.0,4.0,2.0,3.0
E0838,D,UK,<1y,senior,hybrid,1,4.0,5.0,5.0,7.0,4.0,3.0,2.0,3.0,2.0,5.0,5.0,5.0,4.0,5.0,4.0,5.0,4.0,2.0,3.0,5.0,3.0,5.0,5.0,3.0,5.0,4.0,5.0,3.0,4.0,4.0,5.0,4.0,3.0,4.0,3.0,3.0,3.0,3.0,3.0,2.0,3.0,5.0,5.0,4.0,4.0,5.0,5.0,2.0,3.0
E0839,C,UK,1-3y,senior,onsite,1,1.0,5.0,5.0,7.0,3.0,3.0,2.0,3.0,4.0,5.0,4.0,5.0,3.0,3.0,3.0,3.0,2.0,2.0,2.0,4.0,4.0,4.0,3.0,3.0,3.0,2.0,3.0,10.0,2.0,2.0,5.0,3.0,2.0,2.0,4.0,4.0,4.0,3.0,4.0,3.0,4.0,3.0,3.0,3.0,3.0,3.0,5.0,4.0,3.0
E0840,Other (24),India,<1y,mid,onsite,1,3.0,3.0,4.0,9.0,3.0,3.0,3.0,3.0,2.0,3.0,3.0,4.0,3.0,3.0,2.0,5.0,1.0,3.0,4.0,5.0,4.0,4.0,5.0,4.0,4.0,2.0,4.0,5.0,4.0,1.0,4.0,2.0,3.0,2.0,4.0,3.0,4.0,3.0,3.0,3.0,3.0,3.0,3.0,4.0,3.0,5.0,4.0,4.0,3.0
E0841,R,Europe,>5y,senior,hybrid,1,4.0,5.0,4.0,10.0,5.0,4.0,5.0,4.0,4.0,4.0,4.0,4.0,4.0,4.0,5.0,4.0,4.0,4.0,4.0,3.0,4.0,3.0,3.0,3.0,5.0,4.0,4.0,7.0,4.0,5.0,5.0,3.0,5.0,5.0,4.0,5.0,5.0,5.0,5.0,4.0,5.0,5.0,5.0,5.0,5.0,5.0,5.0,4.0,4.0
E0842,K,Israel,<1y,mid,remote,1,4.0,3.0,5.0,5.0,3.0,3.0,4.0,2.0,2.0,4.0,4.0,5.0,1.0,4.0,2.0,5.0,3.0,2.0,4.0,4.0,4.0,3.0,3.0,3.0,4.0,2.0,4.0,1.0,4.0,3.0,3.0,3.0,4.0,2.0,3.0,3.0,2.0,3.0,3.0,3.0,5.0,4.0,4.0,4.0,3.0,5.0,4.0,3.0,3.0
E0843,D,US,1-3y,mid,remote,1,5.0,3.0,5.0,8.0,4.0,4.0,4.0,4.0,4.0,5.0,3.0,5.0,3.0,5.0,5.0,4.0,2.0,3.0,5.0,5.0,4.0,5.0,5.0,5.0,4.0,3.0,5.0,7.0,5.0,4.0,5.0,2.0,2.0,3.0,5.0,5.0,4.0,3.0,4.0,5.0,4.0,4.0,4.0,4.0,3.0,3.0,3.0,5.0,5.0
E0844,B,US,1-3y,senior,hybrid,1,3.0,3.0,5.0,7.0,3.0,4.0,5.0,4.0,4.0,4.0,4.0,4.0,4.0,2.0,5.0,4.0,4.0,5.0,3.0,4.0,5.0,3.0,4.0,3.0,5.0,4.0,3.0,10.0,4.0,2.0,4.0,3.0,2.0,3.0,3.0,3.0,3.0,4.0,5.0,5.0,3.0,3.0,3.0,2.0,5.0,5.0,4.0,5.0,4.0
E0845,P,UK,1-3y,mid,onsite,1,3.0,4.0,4.0,6.0,4.0,3.0,3.0,3.0,2.0,5.0,5.0,5.0,2.0,4.0,4.0,5.0,4.0,4.0,5.0,4.0,3.0,5.0,5.0,5.0,5.0,3.0,5.0,5.0,5.0,3.0,5.0,3.0,3.0,3.0,4.0,3.0,3.0,4.0,3.0,3.0,4.0,5.0,4.0,3.0,4.0,5.0,2.0,4.0,5.0
E0846,J,Europe,1-3y,senior,hybrid,1,4.0,4.0,3.0,4.0,2.0,3.0,3.0,2.0,3.0,3.0,3.0,3.0,4.0,4.0,3.0,3.0,4.0,2.0,2.0,4.0,2.0,4.0,3.0,4.0,4.0,2.0,3.0,9.0,3.0,3.0,3.0,3.0,2.0,3.0,2.0,3.0,3.0,3.0,3.0,4.0,5.0,5.0,5.0,4.0,4.0,3.0,4.0,2.0,2.0
E0847,Other (24),UK,>5y,lead,hybrid,1,3.0,3.0,5.0,9.0,3.0,4.0,4.0,4.0,3.0,5.0,4.0,5.0,2.0,4.0,3.0,5.0,1.0,3.0,3.0,5.0,4.0,4.0,5.0,5.0,5.0,1.0,5.0,7.0,4.0,3.0,4.0,2.0,2.0,1.0,4.0,5.0,4.0,3.0,2.0,2.0,4.0,5.0,3.0,4.0,3.0,4.0,4.0,3.0,3.0
E0848,Other (24),US,<1y,senior,remote,1,4.0,2.0,4.0,6.0,2.0,4.0,3.0,3.0,2.0,4.0,2.0,5.0,2.0,1.0,3.0,4.0,3.0,4.0,2.0,4.0,4.0,3.0,2.0,3.0,2.0,3.0,3.0,4.0,2.0,2.0,3.0,2.0,4.0,2.0,3.0,3.0,3.0,2.0,1.0,1.0,4.0,5.0,4.0,4.0,3.0,5.0,4.0,4.0,3.0
E0849,A,India,<1y,mid,onsite,1,4.0,2.0,3.0,8.0,3.0,5.0,5.0,3.0,5.0,5.0,4.0,3.0,5.0,4.0,3.0,4.0,3.0,3.0,3.0,5.0,4.0,4.0,4.0,5.0,4.0,3.0,5.0,8.0,3.0,4.0,4.0,4.0,4.0,3.0,3.0,4.0,3.0,4.0,5.0,4.0,3.0,4.0,4.0,4.0,4.0,4.0,5.0,5.0,5.0
E0850,K,India,>5y,mid,onsite,1,3.0,3.0,5.0,8.0,4.0,2.0,4.0,3.0,4.0,5.0,4.0,4.0,3.0,4.0,4.0,4.0,2.0,3.0,4.0,5.0,4.0,4.0,4.0,5.0,5.0,3.0,5.0,7.0,5.0,3.0,5.0,2.0,2.0,3.0,4.0,4.0,4.0,5.0,4.0,5.0,4.0,4.0,5.0,4.0,4.0,4.0,5.0,4.0,5.0
E0851,E,UK,>5y,senior,remote,1,3.0,5.0,5.0,10.0,5.0,4.0,4.0,5.0,2.0,4.0,3.0,3.0,3.0,3.0,3.0,3.0,3.0,4.0,5.0,4.0,5.0,4.0,3.0,2.0,3.0,3.0,3.0,8.0,3.0,2.0,5.0,3.0,3.0,3.0,4.0,4.0,4.0,3.0,3.0,3.0,2.0,3.0,2.0,4.0,4.0,4.0,3.0,3.0,3.0
E0852,K,US,3-5y,junior,hybrid,1,4.0,3.0,4.0,5.0,3.0,3.0,4.0,3.0,4.0,3.0,3.0,3.0,4.0,2.0,3.0,3.0,2.0,2.0,3.0,4.0,2.0,3.0,3.0,4.0,4.0,2.0,4.0,6.0,4.0,2.0,2.0,1.0,1.0,2.0,4.0,4.0,3.0,3.0,4.0,4.0,5.0,5.0,5.0,2.0,4.0,3.0,4.0,4.0,3.0
E0853,G,UK,3-5y,mid,remote,1,3.0,4.0,3.0,10.0,4.0,2.0,2.0,4.0,3.0,3.0,3.0,3.0,3.0,3.0,2.0,4.0,3.0,3.0,3.0,3.0,4.0,4.0,2.0,2.0,4.0,2.0,2.0,7.0,3.0,2.0,4.0,3.0,3.0,1.0,4.0,5.0,4.0,3.0,3.0,2.0,5.0,4.0,4.0,4.0,3.0,4.0,3.0,3.0,2.0
E0854,E,UK,3-5y,lead,hybrid,1,4.0,4.0,3.0,5.0,4.0,3.0,3.0,4.0,4.0,3.0,1.0,3.0,3.0,2.0,2.0,3.0,2.0,3.0,2.0,3.0,3.0,4.0,2.0,2.0,3.0,3.0,3.0,7.0,3.0,3.0,3.0,2.0,3.0,3.0,3.0,4.0,3.0,3.0,3.0,4.0,2.0,2.0,2.0,3.0,3.0,4.0,2.0,4.0,3.0
E0855,Q,US,3-5y,junior,remote,1,5.0,5.0,5.0,9.0,5.0,5.0,3.0,5.0,4.0,5.0,4.0,5.0,3.0,5.0,4.0,4.0,5.0,4.0,4.0,5.0,5.0,2.0,5.0,5.0,5.0,2.0,5.0,7.0,4.0,4.0,5.0,5.0,5.0,4.0,4.0,5.0,5.0,5.0,5.0,5.0,4.0,4.0,4.0,4.0,5.0,5.0,5.0,3.0,4.0
E0856,Other (24),UK,1-3y,mid,hybrid,1,3.0,5.0,4.0,10.0,4.0,5.0,5.0,5.0,4.0,3.0,2.0,5.0,4.0,2.0,3.0,4.0,2.0,4.0,4.0,4.0,4.0,4.0,3.0,5.0,4.0,2.0,3.0,8.0,4.0,1.0,5.0,4.0,2.0,1.0,5.0,4.0,4.0,3.0,4.0,3.0,5.0,4.0,4.0,4.0,5.0,3.0,5.0,4.0,3.0
E0857,M,Europe,<1y,mid,hybrid,1,3.0,4.0,4.0,7.0,4.0,4.0,2.0,3.0,1.0,4.0,3.0,3.0,2.0,2.0,4.0,4.0,3.0,3.0,3.0,5.0,3.0,2.0,5.0,4.0,4.0,5.0,4.0,4.0,4.0,4.0,4.0,4.0,2.0,4.0,5.0,4.0,5.0,4.0,4.0,4.0,3.0,3.0,2.0,5.0,3.0,4.0,4.0,2.0,3.0
E0858,J,US,3-5y,mid,onsite,1,4.0,1.0,1.0,4.0,3.0,4.0,3.0,1.0,2.0,2.0,3.0,4.0,2.0,3.0,3.0,3.0,3.0,4.0,2.0,5.0,5.0,3.0,4.0,3.0,4.0,3.0,4.0,7.0,4.0,2.0,3.0,4.0,2.0,4.0,3.0,3.0,3.0,5.0,3.0,4.0,3.0,3.0,3.0,4.0,4.0,4.0,4.0,4.0,3.0
E0859,N,India,3-5y,mid,hybrid,1,4.0,3.0,3.0,7.0,3.0,3.0,3.0,3.0,3.0,3.0,3.0,5.0,4.0,3.0,5.0,4.0,2.0,4.0,3.0,4.0,3.0,4.0,2.0,4.0,3.0,2.0,4.0,3.0,3.0,2.0,5.0,2.0,3.0,3.0,3.0,3.0,2.0,4.0,3.0,3.0,3.0,4.0,3.0,3.0,2.0,3.0,3.0,4.0,3.0
E0860,R,Europe,<1y,mid,hybrid,1,3.0,4.0,4.0,10.0,4.0,4.0,4.0,5.0,3.0,5.0,5.0,4.0,4.0,3.0,4.0,3.0,2.0,3.0,3.0,4.0,2.0,3.0,3.0,3.0,5.0,3.0,3.0,7.0,3.0,4.0,4.0,4.0,4.0,4.0,4.0,4.0,3.0,3.0,3.0,4.0,4.0,5.0,4.0,5.0,5.0,4.0,5.0,4.0,3.0
E0861,L,Europe,>5y,senior,onsite,1,3.0,3.0,4.0,8.0,5.0,3.0,3.0,4.0,3.0,3.0,2.0,4.0,2.0,3.0,3.0,3.0,3.0,3.0,4.0,4.0,3.0,2.0,4.0,3.0,3.0,3.0,4.0,7.0,3.0,3.0,5.0,3.0,3.0,2.0,4.0,5.0,4.0,3.0,5.0,4.0,5.0,5.0,5.0,5.0,4.0,4.0,5.0,3.0,3.0
E0862,P,UK,3-5y,junior,hybrid,1,4.0,4.0,5.0,7.0,3.0,5.0,3.0,3.0,3.0,4.0,5.0,3.0,4.0,5.0,5.0,4.0,3.0,5.0,3.0,4.0,5.0,4.0,3.0,4.0,4.0,4.0,5.0,7.0,2.0,3.0,4.0,2.0,3.0,4.0,4.0,4.0,4.0,5.0,4.0,4.0,5.0,3.0,5.0,5.0,4.0,4.0,5.0,3.0,4.0
E0863,O,UK,<1y,mid,hybrid,1,3.0,4.0,5.0,5.0,4.0,4.0,4.0,4.0,3.0,3.0,4.0,2.0,3.0,4.0,4.0,3.0,2.0,3.0,3.0,4.0,3.0,3.0,4.0,5.0,4.0,3.0,3.0,4.0,3.0,3.0,3.0,3.0,3.0,2.0,3.0,4.0,3.0,2.0,3.0,3.0,3.0,5.0,3.0,3.0,3.0,5.0,4.0,4.0,3.0
E0864,B,US,>5y,junior,hybrid,1,4.0,5.0,5.0,9.0,5.0,4.0,5.0,4.0,5.0,5.0,5.0,5.0,5.0,5.0,4.0,5.0,3.0,5.0,4.0,5.0,4.0,5.0,4.0,5.0,5.0,2.0,5.0,10.0,5.0,2.0,5.0,2.0,4.0,3.0,5.0,5.0,5.0,4.0,3.0,3.0,5.0,4.0,5.0,4.0,3.0,5.0,5.0,5.0,5.0
E0865,E,UK,1-3y,junior,onsite,1,3.0,4.0,4.0,9.0,5.0,2.0,3.0,5.0,2.0,3.0,2.0,3.0,3.0,4.0,2.0,4.0,2.0,3.0,4.0,4.0,3.0,4.0,3.0,3.0,3.0,3.0,4.0,8.0,2.0,2.0,5.0,2.0,2.0,3.0,3.0,4.0,5.0,5.0,5.0,4.0,4.0,3.0,3.0,3.0,3.0,4.0,4.0,4.0,5.0
E0866,H,Israel,1-3y,lead,remote,1,5.0,5.0,5.0,10.0,5.0,5.0,5.0,5.0,3.0,5.0,5.0,5.0,4.0,5.0,4.0,5.0,4.0,4.0,5.0,5.0,4.0,5.0,5.0,5.0,5.0,5.0,5.0,8.0,4.0,4.0,5.0,4.0,4.0,5.0,5.0,5.0,5.0,5.0,4.0,4.0,3.0,5.0,4.0,5.0,3.0,5.0,5.0,4.0,3.0
E0867,Other (24),US,3-5y,lead,hybrid,1,5.0,5.0,4.0,10.0,5.0,5.0,4.0,5.0,2.0,4.0,5.0,5.0,3.0,3.0,4.0,4.0,4.0,5.0,5.0,4.0,5.0,4.0,4.0,5.0,5.0,2.0,4.0,6.0,5.0,2.0,4.0,3.0,3.0,3.0,5.0,5.0,5.0,5.0,5.0,5.0,4.0,4.0,5.0,4.0,4.0,5.0,4.0,5.0,5.0
E0868,R,India,1-3y,mid,hybrid,1,3.0,4.0,4.0,8.0,4.0,3.0,3.0,4.0,2.0,4.0,3.0,5.0,4.0,2.0,3.0,3.0,2.0,2.0,3.0,3.0,2.0,3.0,2.0,4.0,3.0,3.0,3.0,3.0,3.0,2.0,3.0,3.0,2.0,4.0,3.0,3.0,4.0,3.0,3.0,4.0,3.0,2.0,3.0,4.0,4.0,3.0,4.0,2.0,3.0
E0869,K,US,<1y,junior,remote,1,3.0,3.0,3.0,5.0,3.0,4.0,2.0,5.0,3.0,3.0,3.0,3.0,2.0,3.0,2.0,3.0,2.0,2.0,4.0,4.0,3.0,2.0,4.0,2.0,4.0,2.0,3.0,6.0,3.0,1.0,4.0,1.0,1.0,1.0,4.0,4.0,3.0,4.0,4.0,4.0,4.0,3.0,2.0,2.0,3.0,3.0,5.0,2.0,3.0
E0870,Other (24),US,>5y,mid,hybrid,1,4.0,3.0,2.0,4.0,2.0,5.0,3.0,4.0,3.0,4.0,3.0,3.0,3.0,2.0,3.0,2.0,1.0,3.0,2.0,5.0,3.0,3.0,3.0,4.0,3.0,1.0,4.0,7.0,4.0,1.0,3.0,1.0,3.0,1.0,4.0,3.0,3.0,3.0,3.0,4.0,4.0,4.0,4.0,3.0,3.0,5.0,5.0,3.0,3.0
E0871,L,India,1-3y,senior,hybrid,1,4.0,2.0,4.0,4.0,3.0,3.0,4.0,3.0,3.0,2.0,3.0,2.0,2.0,4.0,3.0,4.0,1.0,5.0,2.0,3.0,4.0,4.0,3.0,3.0,3.0,1.0,4.0,9.0,3.0,2.0,3.0,2.0,1.0,1.0,3.0,3.0,3.0,3.0,4.0,3.0,3.0,3.0,4.0,2.0,3.0,2.0,3.0,2.0,3.0
E0872,D,India,1-3y,mid,remote,1,4.0,4.0,3.0,7.0,4.0,5.0,4.0,3.0,5.0,4.0,5.0,4.0,3.0,3.0,5.0,5.0,2.0,4.0,3.0,4.0,4.0,5.0,4.0,3.0,3.0,4.0,5.0,8.0,3.0,3.0,3.0,2.0,2.0,4.0,4.0,4.0,4.0,3.0,5.0,4.0,5.0,5.0,5.0,4.0,3.0,5.0,4.0,4.0,4.0
E0873,F,US,<1y,mid,remote,1,3.0,3.0,4.0,5.0,4.0,3.0,3.0,3.0,3.0,4.0,4.0,4.0,2.0,5.0,3.0,3.0,3.0,3.0,3.0,5.0,3.0,4.0,3.0,5.0,4.0,2.0,5.0,8.0,3.0,4.0,4.0,5.0,3.0,5.0,3.0,4.0,3.0,3.0,2.0,4.0,3.0,4.0,3.0,4.0,5.0,3.0,4.0,3.0,3.0
E0874,E,UK,>5y,junior,hybrid,1,4.0,3.0,4.0,8.0,4.0,4.0,2.0,4.0,2.0,2.0,2.0,3.0,3.0,2.0,3.0,3.0,3.0,3.0,4.0,4.0,3.0,3.0,3.0,3.0,5.0,2.0,4.0,10.0,3.0,2.0,5.0,2.0,2.0,3.0,4.0,4.0,4.0,2.0,3.0,2.0,3.0,5.0,5.0,3.0,4.0,5.0,5.0,4.0,3.0
E0875,Other (24),Europe,1-3y,mid,hybrid,1,2.0,4.0,4.0,9.0,4.0,4.0,2.0,3.0,4.0,3.0,4.0,3.0,4.0,3.0,2.0,4.0,3.0,3.0,3.0,5.0,3.0,3.0,3.0,3.0,4.0,4.0,3.0,7.0,4.0,4.0,3.0,3.0,3.0,2.0,4.0,4.0,5.0,4.0,3.0,3.0,4.0,4.0,4.0,4.0,5.0,3.0,3.0,3.0,4.0
E0876,D,UK,3-5y,senior,hybrid,1,4.0,3.0,5.0,6.0,3.0,3.0,4.0,4.0,3.0,4.0,4.0,5.0,2.0,4.0,5.0,5.0,3.0,3.0,3.0,5.0,3.0,5.0,5.0,4.0,4.0,4.0,5.0,6.0,4.0,3.0,5.0,3.0,4.0,4.0,3.0,5.0,5.0,4.0,4.0,3.0,3.0,3.0,3.0,4.0,3.0,4.0,5.0,3.0,4.0
E0877,F,Europe,<1y,senior,hybrid,1,3.0,2.0,2.0,6.0,5.0,4.0,4.0,4.0,2.0,4.0,2.0,3.0,3.0,5.0,4.0,3.0,3.0,3.0,3.0,4.0,3.0,4.0,4.0,4.0,3.0,3.0,4.0,5.0,3.0,3.0,4.0,3.0,3.0,3.0,5.0,4.0,4.0,3.0,3.0,2.0,4.0,4.0,4.0,3.0,5.0,5.0,3.0,3.0,5.0
E0878,I,US,<1y,junior,onsite,1,4.0,5.0,5.0,10.0,4.0,4.0,5.0,5.0,3.0,4.0,4.0,3.0,3.0,5.0,4.0,4.0,3.0,4.0,5.0,4.0,4.0,5.0,5.0,5.0,5.0,3.0,4.0,6.0,4.0,2.0,4.0,3.0,3.0,3.0,4.0,5.0,5.0,4.0,4.0,5.0,5.0,5.0,5.0,4.0,2.0,3.0,3.0,3.0,3.0
E0879,H,Israel,1-3y,junior,hybrid,1,5.0,5.0,5.0,10.0,5.0,5.0,4.0,5.0,5.0,5.0,4.0,5.0,4.0,4.0,3.0,5.0,4.0,5.0,5.0,4.0,3.0,5.0,4.0,5.0,5.0,3.0,5.0,7.0,3.0,4.0,5.0,3.0,3.0,5.0,5.0,4.0,4.0,5.0,5.0,5.0,5.0,5.0,5.0,4.0,4.0,5.0,5.0,5.0,4.0
E0880,E,US,1-3y,mid,hybrid,1,3.0,4.0,5.0,7.0,4.0,3.0,3.0,4.0,3.0,5.0,2.0,4.0,2.0,2.0,3.0,4.0,3.0,4.0,2.0,5.0,3.0,4.0,3.0,3.0,4.0,4.0,4.0,7.0,4.0,3.0,2.0,2.0,2.0,2.0,4.0,3.0,4.0,3.0,3.0,4.0,3.0,3.0,4.0,3.0,2.0,5.0,4.0,4.0,4.0
E0881,M,Europe,3-5y,senior,hybrid,1,4.0,3.0,4.0,7.0,4.0,4.0,3.0,4.0,2.0,3.0,4.0,3.0,3.0,3.0,4.0,4.0,3.0,3.0,3.0,5.0,3.0,3.0,4.0,2.0,4.0,4.0,4.0,6.0,3.0,4.0,4.0,2.0,1.0,2.0,4.0,4.0,4.0,2.0,3.0,3.0,4.0,5.0,3.0,2.0,2.0,3.0,4.0,3.0,2.0
E0882,G,US,>5y,senior,hybrid,1,3.0,3.0,4.0,8.0,3.0,3.0,2.0,4.0,1.0,4.0,3.0,3.0,2.0,3.0,3.0,4.0,3.0,3.0,4.0,4.0,2.0,3.0,4.0,3.0,5.0,2.0,4.0,5.0,3.0,2.0,4.0,4.0,4.0,2.0,4.0,4.0,4.0,4.0,4.0,3.0,4.0,2.0,5.0,3.0,3.0,4.0,3.0,3.0,4.0
E0883,R,Israel,1-3y,mid,hybrid,1,3.0,3.0,3.0,5.0,4.0,3.0,3.0,3.0,3.0,3.0,3.0,3.0,3.0,2.0,2.0,3.0,4.0,3.0,3.0,3.0,3.0,3.0,4.0,2.0,4.0,4.0,3.0,5.0,3.0,3.0,4.0,3.0,4.0,4.0,3.0,3.0,4.0,5.0,5.0,5.0,4.0,4.0,5.0,4.0,5.0,5.0,4.0,4.0,4.0
E0884,M,US,1-3y,senior,remote,1,5.0,4.0,5.0,3.0,3.0,5.0,4.0,4.0,4.0,4.0,4.0,5.0,4.0,4.0,4.0,5.0,3.0,5.0,2.0,5.0,4.0,4.0,5.0,5.0,5.0,4.0,5.0,7.0,4.0,4.0,3.0,4.0,3.0,5.0,5.0,4.0,3.0,5.0,5.0,5.0,5.0,4.0,5.0,5.0,5.0,4.0,5.0,4.0,4.0
E0885,C,US,1-3y,mid,hybrid,1,3.0,4.0,5.0,7.0,3.0,4.0,2.0,3.0,3.0,4.0,4.0,4.0,4.0,3.0,3.0,5.0,3.0,2.0,5.0,5.0,3.0,4.0,3.0,4.0,4.0,3.0,4.0,9.0,4.0,3.0,5.0,2.0,2.0,3.0,5.0,4.0,4.0,4.0,5.0,4.0,3.0,4.0,4.0,4.0,5.0,4.0,3.0,2.0,2.0
E0886,R,US,1-3y,mid,remote,1,4.0,4.0,5.0,8.0,4.0,4.0,4.0,3.0,3.0,4.0,4.0,4.0,3.0,4.0,4.0,4.0,5.0,3.0,4.0,5.0,3.0,4.0,3.0,3.0,4.0,4.0,3.0,6.0,4.0,3.0,4.0,4.0,4.0,4.0,4.0,4.0,4.0,4.0,4.0,5.0,4.0,4.0,3.0,5.0,5.0,4.0,5.0,5.0,3.0
E0887,O,US,1-3y,mid,hybrid,1,4.0,5.0,5.0,6.0,4.0,3.0,4.0,4.0,3.0,3.0,3.0,4.0,1.0,3.0,3.0,3.0,2.0,3.0,5.0,4.0,4.0,4.0,5.0,5.0,5.0,3.0,3.0,3.0,4.0,3.0,4.0,4.0,2.0,4.0,3.0,4.0,4.0,4.0,5.0,5.0,4.0,4.0,3.0,4.0,3.0,3.0,4.0,5.0,5.0
E0888,O,Israel,>5y,senior,remote,1,4.0,4.0,5.0,8.0,3.0,3.0,4.0,4.0,4.0,4.0,4.0,4.0,4.0,4.0,4.0,3.0,3.0,3.0,3.0,4.0,4.0,3.0,4.0,5.0,4.0,2.0,4.0,9.0,4.0,3.0,3.0,2.0,3.0,2.0,5.0,5.0,5.0,2.0,3.0,2.0,4.0,5.0,3.0,3.0,4.0,3.0,4.0,4.0,4.0
E0889,R,Europe,3-5y,junior,hybrid,1,2.0,4.0,2.0,3.0,2.0,4.0,2.0,3.0,4.0,3.0,4.0,3.0,3.0,3.0,2.0,3.0,2.0,3.0,3.0,3.0,2.0,2.0,2.0,3.0,4.0,3.0,3.0,6.0,3.0,1.0,2.0,2.0,1.0,1.0,2.0,2.0,3.0,4.0,3.0,3.0,2.0,2.0,2.0,3.0,3.0,4.0,3.0,4.0,3.0
E0890,D,US,1-3y,junior,remote,1,4.0,4.0,4.0,8.0,5.0,4.0,3.0,5.0,4.0,5.0,5.0,4.0,4.0,4.0,5.0,4.0,3.0,3.0,4.0,5.0,4.0,5.0,3.0,4.0,4.0,4.0,5.0,6.0,5.0,4.0,4.0,1.0,3.0,4.0,4.0,4.0,5.0,5.0,5.0,5.0,3.0,3.0,2.0,4.0,4.0,3.0,4.0,4.0,3.0
E0891,H,Europe,1-3y,mid,hybrid,1,5.0,5.0,5.0,10.0,5.0,5.0,5.0,5.0,5.0,5.0,3.0,5.0,5.0,4.0,3.0,4.0,5.0,4.0,5.0,4.0,3.0,5.0,4.0,4.0,4.0,5.0,5.0,10.0,3.0,4.0,5.0,5.0,4.0,5.0,5.0,4.0,4.0,3.0,3.0,5.0,2.0,3.0,5.0,4.0,4.0,4.0,5.0,3.0,5.0
E0892,M,India,>5y,mid,hybrid,1,5.0,4.0,5.0,9.0,4.0,5.0,3.0,3.0,4.0,3.0,3.0,4.0,4.0,3.0,4.0,2.0,3.0,3.0,3.0,4.0,4.0,3.0,4.0,4.0,4.0,3.0,4.0,5.0,3.0,2.0,4.0,3.0,3.0,2.0,3.0,4.0,4.0,3.0,3.0,3.0,4.0,4.0,4.0,3.0,3.0,4.0,4.0,4.0,4.0
E0893,R,US,1-3y,mid,remote,1,5.0,5.0,5.0,9.0,4.0,4.0,4.0,4.0,2.0,4.0,4.0,5.0,3.0,3.0,4.0,4.0,2.0,4.0,5.0,4.0,4.0,5.0,4.0,3.0,4.0,3.0,4.0,8.0,4.0,2.0,5.0,3.0,4.0,3.0,4.0,3.0,4.0,4.0,4.0,4.0,5.0,4.0,4.0,3.0,4.0,2.0,4.0,4.0,3.0
E0894,J,India,1-3y,mid,remote,1,4.0,4.0,3.0,4.0,5.0,4.0,3.0,4.0,1.0,4.0,3.0,3.0,1.0,3.0,4.0,4.0,3.0,3.0,3.0,5.0,4.0,4.0,3.0,3.0,4.0,3.0,4.0,6.0,3.0,3.0,5.0,3.0,2.0,3.0,4.0,4.0,3.0,3.0,3.0,3.0,4.0,4.0,4.0,3.0,2.0,4.0,5.0,4.0,4.0
E0895,Other (24),US,<1y,junior,remote,1,3.0,5.0,4.0,10.0,5.0,4.0,4.0,4.0,3.0,5.0,4.0,4.0,2.0,3.0,2.0,5.0,5.0,3.0,5.0,5.0,2.0,4.0,3.0,4.0,4.0,4.0,4.0,5.0,4.0,4.0,5.0,5.0,4.0,3.0,4.0,4.0,5.0,3.0,4.0,5.0,2.0,2.0,3.0,5.0,3.0,5.0,5.0,3.0,4.0
E0896,A,US,3-5y,senior,hybrid,1,5.0,4.0,4.0,7.0,4.0,5.0,5.0,3.0,3.0,4.0,3.0,5.0,5.0,4.0,4.0,3.0,3.0,4.0,4.0,5.0,5.0,3.0,4.0,3.0,4.0,4.0,5.0,8.0,4.0,4.0,3.0,4.0,4.0,4.0,3.0,4.0,4.0,5.0,4.0,4.0,5.0,4.0,5.0,4.0,5.0,5.0,5.0,4.0,3.0
E0897,Other (24),Israel,1-3y,junior,remote,1,5.0,2.0,4.0,8.0,4.0,4.0,4.0,4.0,4.0,5.0,2.0,3.0,4.0,3.0,3.0,4.0,4.0,4.0,2.0,4.0,3.0,3.0,2.0,3.0,3.0,3.0,3.0,10.0,3.0,3.0,3.0,4.0,4.0,3.0,5.0,4.0,4.0,5.0,5.0,5.0,3.0,4.0,3.0,4.0,4.0,4.0,5.0,4.0,4.0
E0898,Other (24),Europe,3-5y,junior,hybrid,1,3.0,4.0,4.0,7.0,4.0,3.0,3.0,5.0,3.0,4.0,4.0,5.0,4.0,4.0,2.0,4.0,1.0,5.0,3.0,5.0,3.0,4.0,5.0,3.0,4.0,2.0,5.0,8.0,5.0,1.0,3.0,2.0,2.0,2.0,4.0,4.0,5.0,4.0,4.0,3.0,3.0,4.0,3.0,3.0,3.0,2.0,3.0,4.0,3.0
E0899,Other (24),UK,1-3y,mid,hybrid,1,3.0,4.0,3.0,7.0,4.0,4.0,3.0,4.0,3.0,4.0,3.0,4.0,3.0,4.0,3.0,4.0,3.0,3.0,4.0,5.0,3.0,4.0,4.0,4.0,4.0,4.0,4.0,4.0,4.0,3.0,5.0,4.0,4.0,4.0,4.0,4.0,5.0,3.0,4.0,4.0,2.0,2.0,3.0,4.0,5.0,3.0,2.0,4.0,3.0
E0900,N,UK,>5y,lead,remote,1,4.0,5.0,3.0,9.0,5.0,4.0,4.0,5.0,3.0,3.0,4.0,4.0,2.0,3.0,4.0,3.0,5.0,5.0,4.0,3.0,4.0,4.0,3.0,5.0,3.0,4.0,3.0,4.0,5.0,4.0,5.0,4.0,3.0,5.0,4.0,4.0,4.0,4.0,3.0,4.0,4.0,4.0,4.0,3.0,5.0,4.0,4.0,3.0,4.0
E0901,Other (24),Europe,1-3y,lead,hybrid,1,3.0,4.0,4.0,8.0,4.0,4.0,4.0,4.0,3.0,4.0,4.0,5.0,3.0,3.0,3.0,4.0,3.0,5.0,4.0,3.0,4.0,4.0,3.0,3.0,3.0,1.0,4.0,7.0,3.0,2.0,4.0,3.0,3.0,3.0,5.0,5.0,5.0,4.0,4.0,3.0,2.0,3.0,3.0,3.0,3.0,4.0,4.0,4.0,4.0
E0902,Other (24),Europe,<1y,senior,hybrid,1,5.0,4.0,3.0,7.0,4.0,5.0,5.0,4.0,2.0,5.0,3.0,4.0,2.0,4.0,5.0,4.0,3.0,4.0,3.0,5.0,5.0,3.0,5.0,4.0,4.0,3.0,3.0,8.0,4.0,3.0,4.0,3.0,3.0,4.0,4.0,5.0,5.0,5.0,4.0,4.0,4.0,3.0,4.0,5.0,4.0,4.0,5.0,4.0,4.0
E0903,Other (24),Europe,<1y,mid,hybrid,1,5.0,5.0,3.0,4.0,3.0,5.0,4.0,3.0,3.0,3.0,3.0,4.0,3.0,4.0,4.0,5.0,2.0,5.0,3.0,4.0,4.0,4.0,3.0,4.0,4.0,2.0,3.0,5.0,5.0,1.0,3.0,2.0,2.0,3.0,3.0,4.0,4.0,3.0,4.0,4.0,4.0,3.0,3.0,3.0,4.0,4.0,4.0,4.0,2.0
E0904,E,Israel,<1y,mid,hybrid,1,3.0,4.0,3.0,7.0,4.0,2.0,2.0,3.0,3.0,2.0,1.0,3.0,3.0,2.0,3.0,1.0,2.0,3.0,3.0,2.0,1.0,1.0,2.0,2.0,4.0,3.0,3.0,6.0,2.0,4.0,4.0,3.0,2.0,3.0,3.0,3.0,4.0,4.0,3.0,4.0,3.0,2.0,2.0,4.0,3.0,3.0,3.0,3.0,4.0
E0905,A,India,<1y,junior,remote,1,3.0,2.0,4.0,5.0,3.0,4.0,3.0,3.0,3.0,5.0,4.0,4.0,2.0,4.0,3.0,3.0,2.0,3.0,3.0,5.0,4.0,4.0,4.0,4.0,5.0,2.0,5.0,5.0,4.0,4.0,3.0,4.0,4.0,3.0,3.0,3.0,4.0,4.0,4.0,4.0,4.0,3.0,4.0,3.0,2.0,4.0,5.0,5.0,3.0
E0906,M,Israel,<1y,lead,hybrid,1,2.0,4.0,5.0,9.0,3.0,2.0,3.0,4.0,4.0,4.0,4.0,4.0,3.0,3.0,3.0,5.0,3.0,3.0,4.0,5.0,1.0,5.0,3.0,4.0,4.0,4.0,4.0,4.0,3.0,4.0,4.0,3.0,2.0,4.0,5.0,3.0,4.0,4.0,5.0,5.0,5.0,4.0,5.0,5.0,5.0,4.0,5.0,4.0,5.0
E0907,N,US,1-3y,junior,hybrid,1,4.0,4.0,4.0,8.0,5.0,3.0,5.0,2.0,3.0,3.0,3.0,5.0,3.0,3.0,4.0,3.0,3.0,3.0,4.0,4.0,4.0,4.0,4.0,3.0,4.0,4.0,3.0,7.0,3.0,2.0,4.0,3.0,4.0,5.0,3.0,3.0,3.0,3.0,3.0,3.0,5.0,5.0,5.0,3.0,4.0,4.0,5.0,2.0,4.0
E0908,R,Israel,1-3y,mid,hybrid,1,3.0,4.0,4.0,7.0,4.0,4.0,3.0,4.0,4.0,4.0,4.0,4.0,5.0,3.0,4.0,5.0,2.0,4.0,4.0,4.0,4.0,5.0,3.0,2.0,3.0,3.0,3.0,7.0,3.0,4.0,4.0,2.0,3.0,3.0,4.0,5.0,4.0,4.0,5.0,5.0,4.0,4.0,5.0,3.0,4.0,4.0,4.0,4.0,4.0
E0909,R,Israel,1-3y,mid,hybrid,1,3.0,4.0,4.0,6.0,4.0,4.0,2.0,5.0,4.0,3.0,4.0,3.0,3.0,2.0,3.0,4.0,1.0,2.0,3.0,2.0,2.0,3.0,2.0,2.0,4.0,2.0,4.0,6.0,3.0,2.0,4.0,1.0,2.0,3.0,4.0,3.0,4.0,3.0,3.0,2.0,4.0,3.0,4.0,4.0,3.0,2.0,3.0,3.0,4.0
E0910,A,US,1-3y,junior,hybrid,1,3.0,2.0,3.0,6.0,3.0,4.0,3.0,3.0,4.0,5.0,3.0,3.0,3.0,5.0,3.0,3.0,4.0,4.0,3.0,5.0,3.0,4.0,4.0,4.0,5.0,3.0,4.0,10.0,4.0,3.0,4.0,4.0,4.0,3.0,5.0,5.0,5.0,3.0,4.0,4.0,5.0,5.0,4.0,4.0,5.0,4.0,5.0,3.0,5.0
E0911,K,Europe,1-3y,junior,hybrid,1,3.0,2.0,5.0,4.0,3.0,4.0,2.0,2.0,3.0,4.0,3.0,3.0,3.0,3.0,3.0,4.0,2.0,4.0,3.0,4.0,4.0,3.0,3.0,3.0,4.0,2.0,4.0,6.0,5.0,3.0,3.0,2.0,1.0,4.0,3.0,3.0,2.0,3.0,3.0,3.0,5.0,4.0,5.0,3.0,3.0,5.0,4.0,3.0,4.0
E0912,C,US,1-3y,junior,onsite,1,3.0,4.0,1.0,6.0,5.0,4.0,3.0,3.0,2.0,2.0,4.0,2.0,2.0,3.0,3.0,3.0,4.0,3.0,4.0,3.0,1.0,3.0,1.0,1.0,5.0,3.0,2.0,7.0,3.0,2.0,5.0,3.0,3.0,2.0,3.0,4.0,3.0,2.0,4.0,4.0,3.0,3.0,3.0,4.0,4.0,3.0,4.0,3.0,3.0
E0913,L,Europe,<1y,mid,remote,1,4.0,4.0,5.0,5.0,4.0,3.0,3.0,4.0,3.0,3.0,1.0,2.0,3.0,2.0,2.0,3.0,4.0,4.0,3.0,4.0,4.0,3.0,3.0,4.0,4.0,3.0,3.0,7.0,2.0,4.0,3.0,4.0,3.0,4.0,3.0,4.0,4.0,5.0,3.0,4.0,4.0,4.0,3.0,4.0,4.0,3.0,5.0,3.0,2.0
E0914,Other (24),US,3-5y,mid,onsite,1,3.0,4.0,3.0,8.0,5.0,4.0,3.0,5.0,4.0,3.0,2.0,5.0,4.0,2.0,3.0,4.0,3.0,3.0,4.0,4.0,4.0,3.0,3.0,4.0,4.0,3.0,4.0,7.0,2.0,1.0,4.0,4.0,4.0,4.0,4.0,5.0,5.0,4.0,5.0,3.0,4.0,4.0,3.0,4.0,3.0,4.0,3.0,3.0,5.0
E0915,F,US,3-5y,senior,remote,1,3.0,3.0,2.0,4.0,3.0,5.0,4.0,2.0,3.0,4.0,3.0,2.0,2.0,3.0,4.0,3.0,3.0,3.0,3.0,2.0,2.0,3.0,3.0,3.0,4.0,2.0,3.0,8.0,2.0,4.0,3.0,2.0,2.0,4.0,4.0,3.0,3.0,4.0,4.0,4.0,3.0,3.0,2.0,4.0,3.0,4.0,3.0,4.0,4.0
E0916,L,UK,1-3y,mid,remote,1,2.0,4.0,3.0,4.0,4.0,3.0,3.0,3.0,4.0,2.0,3.0,2.0,4.0,3.0,3.0,2.0,2.0,3.0,3.0,3.0,3.0,2.0,3.0,4.0,5.0,3.0,4.0,7.0,3.0,2.0,4.0,4.0,3.0,2.0,3.0,2.0,3.0,3.0,4.0,3.0,2.0,3.0,4.0,4.0,3.0,4.0,3.0,4.0,3.0
E0917,A,Israel,3-5y,mid,hybrid,1,3.0,4.0,4.0,6.0,4.0,3.0,4.0,5.0,2.0,3.0,3.0,4.0,2.0,3.0,3.0,3.0,2.0,4.0,2.0,3.0,4.0,4.0,4.0,3.0,4.0,3.0,3.0,5.0,3.0,4.0,5.0,2.0,3.0,3.0,3.0,4.0,3.0,3.0,4.0,4.0,4.0,3.0,4.0,3.0,3.0,4.0,4.0,2.0,3.0
E0918,O,UK,<1y,mid,remote,1,3.0,3.0,5.0,6.0,4.0,4.0,3.0,2.0,3.0,5.0,3.0,4.0,2.0,3.0,4.0,4.0,2.0,3.0,4.0,4.0,4.0,4.0,4.0,5.0,5.0,2.0,4.0,4.0,3.0,3.0,3.0,4.0,3.0,3.0,4.0,3.0,3.0,5.0,5.0,4.0,4.0,4.0,5.0,3.0,4.0,4.0,2.0,3.0,5.0
E0919,Other (24),Israel,1-3y,mid,onsite,1,4.0,4.0,4.0,7.0,4.0,5.0,4.0,4.0,4.0,4.0,3.0,4.0,4.0,4.0,3.0,3.0,3.0,4.0,3.0,4.0,4.0,4.0,4.0,3.0,3.0,3.0,5.0,9.0,4.0,3.0,4.0,3.0,4.0,3.0,4.0,3.0,4.0,4.0,2.0,4.0,4.0,4.0,3.0,4.0,3.0,4.0,3.0,5.0,3.0
E0920,L,Israel,3-5y,mid,hybrid,1,3.0,4.0,5.0,7.0,4.0,5.0,4.0,4.0,3.0,4.0,3.0,2.0,2.0,3.0,4.0,2.0,1.0,3.0,2.0,4.0,3.0,4.0,2.0,3.0,3.0,2.0,3.0,6.0,4.0,1.0,4.0,2.0,2.0,1.0,5.0,3.0,3.0,4.0,5.0,3.0,4.0,4.0,3.0,3.0,3.0,4.0,4.0,3.0,3.0
E0921,H,Israel,1-3y,senior,hybrid,1,5.0,5.0,5.0,10.0,5.0,5.0,5.0,5.0,5.0,3.0,4.0,5.0,5.0,5.0,5.0,4.0,4.0,5.0,5.0,3.0,5.0,3.0,5.0,4.0,5.0,4.0,3.0,10.0,3.0,5.0,5.0,3.0,4.0,4.0,5.0,5.0,4.0,4.0,5.0,5.0,5.0,5.0,5.0,4.0,4.0,5.0,3.0,4.0,4.0
E0922,Other (24),US,3-5y,mid,hybrid,1,2.0,4.0,3.0,9.0,3.0,3.0,3.0,5.0,3.0,3.0,2.0,4.0,3.0,3.0,2.0,4.0,2.0,3.0,3.0,3.0,3.0,3.0,3.0,3.0,3.0,3.0,2.0,5.0,3.0,3.0,4.0,3.0,4.0,2.0,4.0,4.0,5.0,3.0,4.0,5.0,4.0,3.0,4.0,4.0,4.0,4.0,4.0,4.0,4.0
E0923,G,UK,1-3y,mid,hybrid,1,4.0,3.0,3.0,8.0,4.0,4.0,4.0,3.0,2.0,4.0,3.0,4.0,3.0,3.0,4.0,5.0,3.0,5.0,3.0,4.0,5.0,5.0,3.0,4.0,5.0,2.0,5.0,9.0,4.0,2.0,3.0,3.0,2.0,2.0,4.0,3.0,4.0,4.0,4.0,5.0,4.0,5.0,4.0,4.0,3.0,2.0,2.0,3.0,4.0
E0924,N,Europe,3-5y,junior,onsite,1,3.0,3.0,4.0,6.0,5.0,3.0,3.0,4.0,3.0,5.0,5.0,5.0,4.0,5.0,4.0,3.0,4.0,2.0,3.0,5.0,3.0,5.0,5.0,5.0,3.0,4.0,5.0,5.0,4.0,4.0,4.0,4.0,4.0,5.0,3.0,3.0,3.0,3.0,4.0,3.0,3.0,4.0,5.0,4.0,5.0,5.0,3.0,2.0,2.0
E0925,N,Europe,>5y,lead,remote,1,3.0,4.0,4.0,5.0,5.0,3.0,4.0,4.0,2.0,2.0,3.0,3.0,4.0,3.0,5.0,2.0,4.0,4.0,4.0,4.0,4.0,4.0,3.0,4.0,2.0,3.0,3.0,6.0,3.0,3.0,4.0,4.0,4.0,4.0,4.0,5.0,4.0,3.0,3.0,4.0,5.0,4.0,4.0,4.0,4.0,3.0,4.0,5.0,5.0
E0926,D,Europe,>5y,junior,hybrid,1,4.0,3.0,5.0,7.0,5.0,4.0,4.0,3.0,5.0,5.0,4.0,3.0,4.0,5.0,5.0,5.0,4.0,3.0,4.0,5.0,4.0,5.0,5.0,4.0,5.0,4.0,4.0,9.0,4.0,5.0,5.0,4.0,3.0,5.0,4.0,4.0,4.0,4.0,5.0,4.0,5.0,4.0,4.0,4.0,5.0,5.0,4.0,5.0,4.0
E0927,P,UK,1-3y,lead,hybrid,1,2.0,5.0,4.0,7.0,5.0,3.0,2.0,4.0,3.0,3.0,3.0,3.0,2.0,3.0,3.0,3.0,1.0,2.0,4.0,3.0,3.0,5.0,4.0,4.0,3.0,1.0,3.0,5.0,4.0,2.0,5.0,2.0,2.0,2.0,4.0,3.0,3.0,3.0,4.0,3.0,4.0,4.0,3.0,4.0,3.0,4.0,3.0,4.0,3.0
E0928,O,Europe,>5y,junior,hybrid,1,3.0,3.0,5.0,5.0,4.0,4.0,3.0,4.0,2.0,5.0,5.0,4.0,3.0,5.0,5.0,4.0,2.0,3.0,3.0,5.0,4.0,5.0,5.0,4.0,5.0,3.0,4.0,5.0,5.0,2.0,3.0,3.0,3.0,3.0,4.0,4.0,4.0,3.0,4.0,4.0,5.0,5.0,3.0,3.0,3.0,4.0,4.0,4.0,4.0
E0929,N,India,1-3y,mid,hybrid,1,2.0,5.0,3.0,7.0,5.0,3.0,1.0,5.0,3.0,4.0,4.0,3.0,2.0,3.0,3.0,2.0,3.0,2.0,4.0,3.0,2.0,4.0,3.0,4.0,2.0,4.0,4.0,5.0,3.0,2.0,5.0,4.0,4.0,3.0,3.0,4.0,4.0,3.0,1.0,2.0,3.0,3.0,3.0,4.0,3.0,3.0,2.0,4.0,3.0
E0930,F,Israel,1-3y,mid,remote,1,4.0,4.0,3.0,3.0,3.0,3.0,3.0,4.0,3.0,4.0,4.0,4.0,3.0,4.0,4.0,3.0,1.0,3.0,3.0,3.0,4.0,5.0,4.0,3.0,4.0,1.0,4.0,9.0,4.0,2.0,4.0,2.0,2.0,3.0,3.0,4.0,4.0,5.0,4.0,3.0,4.0,3.0,4.0,3.0,4.0,4.0,4.0,4.0,3.0
E0931,Other (24),UK,<1y,senior,hybrid,1,3.0,3.0,3.0,7.0,4.0,5.0,3.0,3.0,3.0,4.0,2.0,3.0,3.0,2.0,4.0,3.0,1.0,4.0,2.0,4.0,3.0,2.0,3.0,3.0,4.0,1.0,2.0,7.0,3.0,1.0,3.0,3.0,2.0,1.0,4.0,5.0,3.0,4.0,2.0,3.0,5.0,4.0,4.0,1.0,3.0,3.0,3.0,2.0,2.0
E0932,P,Europe,1-3y,mid,hybrid,1,3.0,2.0,5.0,5.0,4.0,4.0,5.0,3.0,1.0,5.0,4.0,4.0,3.0,3.0,5.0,4.0,3.0,5.0,2.0,4.0,5.0,5.0,5.0,4.0,5.0,4.0,4.0,6.0,3.0,4.0,4.0,3.0,3.0,4.0,4.0,4.0,4.0,4.0,3.0,4.0,5.0,4.0,5.0,3.0,4.0,3.0,3.0,4.0,3.0
E0933,P,UK,1-3y,junior,hybrid,1,2.0,4.0,4.0,6.0,4.0,3.0,3.0,3.0,3.0,4.0,4.0,2.0,3.0,4.0,3.0,4.0,1.0,3.0,3.0,5.0,5.0,4.0,3.0,3.0,3.0,1.0,4.0,7.0,2.0,2.0,5.0,1.0,3.0,4.0,4.0,3.0,5.0,4.0,3.0,4.0,4.0,4.0,3.0,2.0,3.0,2.0,3.0,5.0,5.0
E0934,A,US,<1y,mid,hybrid,1,4.0,3.0,3.0,5.0,3.0,4.0,5.0,3.0,2.0,4.0,3.0,3.0,2.0,4.0,2.0,3.0,2.0,4.0,2.0,3.0,3.0,4.0,3.0,3.0,4.0,2.0,4.0,2.0,3.0,3.0,3.0,3.0,5.0,3.0,2.0,1.0,2.0,4.0,3.0,4.0,3.0,4.0,4.0,4.0,4.0,4.0,3.0,4.0,3.0
E0935,R,US,<1y,senior,onsite,1,2.0,4.0,4.0,8.0,4.0,3.0,1.0,5.0,2.0,5.0,5.0,4.0,2.0,5.0,1.0,5.0,2.0,2.0,3.0,5.0,1.0,4.0,4.0,3.0,5.0,2.0,3.0,6.0,4.0,2.0,5.0,2.0,2.0,3.0,4.0,4.0,2.0,2.0,3.0,2.0,3.0,3.0,3.0,4.0,2.0,3.0,4.0,3.0,3.0
E0936,Other (24),US,1-3y,lead,hybrid,1,4.0,4.0,3.0,8.0,3.0,4.0,4.0,4.0,2.0,3.0,2.0,2.0,2.0,3.0,4.0,2.0,2.0,3.0,2.0,2.0,4.0,2.0,3.0,3.0,3.0,2.0,3.0,8.0,2.0,2.0,4.0,3.0,3.0,1.0,5.0,4.0,5.0,4.0,3.0,4.0,5.0,4.0,4.0,4.0,4.0,4.0,2.0,4.0,4.0
E0937,H,Israel,1-3y,junior,onsite,1,5.0,4.0,5.0,10.0,3.0,5.0,5.0,5.0,4.0,4.0,4.0,4.0,4.0,5.0,4.0,3.0,3.0,5.0,4.0,5.0,3.0,5.0,5.0,5.0,5.0,4.0,5.0,8.0,3.0,4.0,5.0,4.0,3.0,5.0,3.0,4.0,2.0,4.0,3.0,4.0,4.0,4.0,3.0,4.0,3.0,4.0,3.0,3.0,5.0
E0938,R,Israel,1-3y,senior,hybrid,1,3.0,4.0,4.0,7.0,4.0,5.0,3.0,5.0,1.0,5.0,4.0,5.0,1.0,4.0,4.0,5.0,3.0,3.0,4.0,4.0,3.0,5.0,4.0,4.0,5.0,2.0,4.0,6.0,5.0,3.0,4.0,2.0,2.0,2.0,3.0,4.0,3.0,4.0,3.0,5.0,4.0,4.0,5.0,4.0,4.0,4.0,3.0,3.0,2.0
E0939,N,UK,<1y,senior,hybrid,1,4.0,4.0,4.0,8.0,5.0,4.0,4.0,3.0,4.0,4.0,2.0,3.0,4.0,5.0,5.0,3.0,2.0,4.0,3.0,5.0,2.0,4.0,5.0,4.0,3.0,4.0,5.0,7.0,4.0,3.0,4.0,4.0,2.0,3.0,4.0,4.0,3.0,3.0,4.0,3.0,5.0,4.0,4.0,3.0,3.0,4.0,4.0,3.0,2.0
E0940,K,UK,1-3y,senior,remote,1,3.0,2.0,4.0,6.0,3.0,3.0,3.0,2.0,3.0,4.0,2.0,5.0,3.0,5.0,4.0,4.0,2.0,3.0,2.0,4.0,4.0,2.0,3.0,4.0,4.0,2.0,3.0,4.0,4.0,2.0,3.0,3.0,3.0,2.0,4.0,3.0,3.0,3.0,3.0,3.0,2.0,4.0,4.0,2.0,3.0,5.0,3.0,4.0,4.0
E0941,Other (24),India,<1y,junior,hybrid,1,3.0,4.0,5.0,7.0,3.0,3.0,3.0,4.0,3.0,4.0,3.0,4.0,1.0,3.0,2.0,4.0,2.0,4.0,3.0,4.0,4.0,4.0,4.0,5.0,5.0,2.0,5.0,7.0,4.0,3.0,4.0,3.0,4.0,3.0,3.0,2.0,4.0,4.0,4.0,3.0,2.0,3.0,3.0,4.0,4.0,4.0,4.0,3.0,5.0
E0942,C,US,>5y,mid,onsite,1,4.0,4.0,5.0,8.0,5.0,4.0,5.0,3.0,3.0,5.0,5.0,4.0,2.0,5.0,5.0,5.0,3.0,4.0,4.0,5.0,4.0,4.0,5.0,5.0,5.0,4.0,5.0,5.0,5.0,2.0,5.0,2.0,2.0,2.0,5.0,5.0,5.0,4.0,4.0,5.0,5.0,4.0,5.0,5.0,3.0,5.0,3.0,4.0,4.0
E0943,B,Europe,1-3y,mid,hybrid,1,3.0,3.0,4.0,9.0,3.0,4.0,4.0,4.0,3.0,5.0,4.0,5.0,3.0,3.0,4.0,3.0,4.0,3.0,3.0,5.0,5.0,5.0,4.0,4.0,5.0,2.0,4.0,9.0,4.0,2.0,4.0,2.0,4.0,4.0,4.0,3.0,3.0,5.0,5.0,5.0,3.0,3.0,3.0,4.0,4.0,4.0,4.0,4.0,3.0
E0944,Other (24),UK,>5y,lead,remote,1,2.0,4.0,4.0,6.0,2.0,4.0,3.0,2.0,2.0,3.0,2.0,4.0,3.0,3.0,2.0,4.0,3.0,4.0,3.0,3.0,3.0,4.0,2.0,4.0,4.0,3.0,3.0,5.0,4.0,3.0,3.0,3.0,3.0,2.0,2.0,3.0,3.0,4.0,3.0,3.0,3.0,3.0,4.0,4.0,2.0,3.0,4.0,3.0,3.0
E0945,R,Europe,3-5y,mid,onsite,1,3.0,5.0,4.0,7.0,3.0,4.0,4.0,4.0,5.0,4.0,4.0,5.0,4.0,3.0,3.0,4.0,2.0,3.0,2.0,4.0,3.0,4.0,3.0,4.0,5.0,3.0,3.0,7.0,4.0,3.0,4.0,2.0,2.0,3.0,3.0,3.0,4.0,4.0,4.0,4.0,5.0,4.0,3.0,4.0,5.0,4.0,4.0,4.0,5.0
E0946,E,Israel,1-3y,lead,hybrid,1,4.0,5.0,4.0,10.0,4.0,2.0,3.0,5.0,4.0,4.0,3.0,4.0,4.0,3.0,3.0,3.0,3.0,3.0,4.0,4.0,4.0,2.0,3.0,3.0,4.0,3.0,3.0,10.0,3.0,3.0,4.0,3.0,3.0,4.0,4.0,4.0,4.0,5.0,5.0,4.0,3.0,2.0,3.0,4.0,3.0,3.0,2.0,3.0,3.0
E0947,F,UK,>5y,mid,hybrid,1,3.0,3.0,3.0,4.0,4.0,3.0,3.0,3.0,2.0,4.0,3.0,3.0,1.0,3.0,2.0,3.0,4.0,3.0,2.0,2.0,2.0,3.0,4.0,4.0,3.0,3.0,4.0,8.0,3.0,4.0,3.0,4.0,3.0,3.0,4.0,4.0,3.0,4.0,4.0,4.0,5.0,4.0,4.0,5.0,3.0,4.0,4.0,3.0,3.0
E0948,F,UK,1-3y,senior,hybrid,1,4.0,3.0,2.0,2.0,3.0,4.0,4.0,3.0,3.0,3.0,3.0,4.0,3.0,3.0,5.0,4.0,3.0,4.0,2.0,3.0,5.0,4.0,4.0,3.0,4.0,3.0,5.0,9.0,3.0,2.0,3.0,4.0,2.0,3.0,3.0,5.0,5.0,4.0,4.0,5.0,3.0,3.0,4.0,4.0,4.0,4.0,3.0,4.0,3.0
E0949,R,Europe,<1y,mid,remote,1,3.0,4.0,3.0,8.0,3.0,4.0,3.0,4.0,3.0,4.0,4.0,5.0,2.0,2.0,2.0,4.0,2.0,3.0,3.0,4.0,2.0,3.0,3.0,3.0,5.0,2.0,3.0,6.0,2.0,4.0,5.0,2.0,4.0,3.0,4.0,4.0,5.0,5.0,4.0,3.0,5.0,3.0,4.0,4.0,5.0,4.0,3.0,5.0,4.0
E0950,Other (24),Europe,1-3y,senior,hybrid,1,5.0,4.0,3.0,8.0,5.0,4.0,4.0,4.0,3.0,4.0,4.0,4.0,3.0,3.0,4.0,5.0,2.0,4.0,3.0,4.0,4.0,5.0,5.0,5.0,4.0,3.0,4.0,8.0,5.0,2.0,4.0,2.0,4.0,2.0,4.0,4.0,4.0,4.0,4.0,4.0,5.0,5.0,4.0,4.0,4.0,5.0,4.0,5.0,5.0
E0951,C,UK,1-3y,junior,remote,1,3.0,2.0,4.0,6.0,3.0,4.0,3.0,4.0,5.0,4.0,3.0,3.0,4.0,3.0,3.0,3.0,2.0,3.0,3.0,4.0,4.0,2.0,3.0,4.0,4.0,3.0,4.0,8.0,4.0,3.0,3.0,2.0,2.0,2.0,3.0,3.0,3.0,4.0,3.0,5.0,3.0,5.0,5.0,4.0,3.0,3.0,4.0,4.0,4.0
E0952,C,US,<1y,mid,hybrid,1,2.0,3.0,3.0,6.0,3.0,3.0,2.0,3.0,3.0,2.0,4.0,3.0,3.0,3.0,3.0,4.0,2.0,3.0,1.0,4.0,2.0,2.0,3.0,3.0,3.0,2.0,4.0,8.0,2.0,2.0,4.0,2.0,2.0,1.0,4.0,3.0,3.0,3.0,4.0,3.0,4.0,4.0,4.0,2.0,3.0,2.0,2.0,3.0,3.0
E0953,M,US,3-5y,lead,remote,1,2.0,4.0,4.0,8.0,4.0,4.0,3.0,3.0,5.0,4.0,2.0,3.0,5.0,3.0,3.0,3.0,3.0,3.0,4.0,4.0,2.0,2.0,2.0,3.0,3.0,3.0,4.0,9.0,2.0,2.0,4.0,2.0,2.0,4.0,5.0,4.0,3.0,4.0,4.0,3.0,1.0,2.0,4.0,4.0,4.0,3.0,4.0,2.0,2.0
E0954,J,US,>5y,mid,remote,1,3.0,3.0,4.0,4.0,2.0,4.0,2.0,2.0,1.0,3.0,2.0,3.0,2.0,3.0,3.0,3.0,2.0,3.0,2.0,3.0,2.0,3.0,2.0,3.0,2.0,2.0,4.0,2.0,2.0,2.0,3.0,1.0,1.0,3.0,2.0,4.0,3.0,2.0,3.0,3.0,5.0,5.0,5.0,3.0,2.0,2.0,3.0,4.0,3.0
E0955,G,Israel,<1y,mid,onsite,1,3.0,4.0,4.0,8.0,3.0,4.0,4.0,3.0,5.0,3.0,2.0,4.0,3.0,3.0,3.0,4.0,2.0,3.0,4.0,3.0,4.0,4.0,3.0,2.0,5.0,3.0,3.0,10.0,4.0,2.0,4.0,2.0,3.0,3.0,4.0,4.0,4.0,3.0,5.0,4.0,5.0,3.0,4.0,4.0,4.0,4.0,4.0,3.0,2.0
E0956,N,Europe,1-3y,junior,hybrid,1,3.0,2.0,3.0,4.0,3.0,4.0,4.0,3.0,2.0,2.0,3.0,3.0,4.0,3.0,5.0,3.0,2.0,3.0,3.0,4.0,4.0,5.0,3.0,4.0,2.0,2.0,3.0,7.0,5.0,2.0,3.0,3.0,3.0,5.0,3.0,3.0,3.0,3.0,4.0,3.0,2.0,2.0,3.0,3.0,3.0,3.0,3.0,3.0,2.0
E0957,B,Europe,3-5y,mid,hybrid,1,2.0,3.0,4.0,3.0,2.0,3.0,3.0,2.0,4.0,3.0,3.0,4.0,4.0,3.0,2.0,2.0,3.0,1.0,2.0,4.0,2.0,4.0,4.0,2.0,4.0,3.0,3.0,9.0,4.0,3.0,3.0,2.0,4.0,4.0,3.0,2.0,2.0,3.0,2.0,4.0,4.0,3.0,2.0,4.0,4.0,2.0,3.0,3.0,3.0
E0958,O,Europe,1-3y,senior,hybrid,1,3.0,5.0,5.0,6.0,3.0,4.0,4.0,4.0,3.0,3.0,3.0,3.0,5.0,3.0,5.0,4.0,4.0,3.0,4.0,2.0,4.0,4.0,4.0,4.0,4.0,3.0,4.0,8.0,4.0,3.0,3.0,4.0,4.0,3.0,5.0,4.0,3.0,4.0,5.0,5.0,5.0,5.0,5.0,5.0,4.0,4.0,4.0,5.0,5.0
E0959,Other (24),US,1-3y,senior,hybrid,1,3.0,4.0,4.0,9.0,3.0,2.0,2.0,3.0,5.0,3.0,3.0,3.0,4.0,2.0,2.0,3.0,2.0,1.0,3.0,4.0,3.0,1.0,2.0,2.0,2.0,2.0,2.0,7.0,2.0,1.0,4.0,1.0,2.0,1.0,3.0,4.0,2.0,4.0,4.0,4.0,3.0,4.0,3.0,3.0,3.0,4.0,5.0,4.0,3.0
E0960,Other (24),US,<1y,junior,hybrid,1,3.0,5.0,5.0,10.0,5.0,5.0,4.0,5.0,3.0,4.0,3.0,4.0,3.0,2.0,3.0,4.0,2.0,5.0,5.0,4.0,4.0,3.0,4.0,5.0,4.0,3.0,4.0,6.0,4.0,4.0,5.0,4.0,4.0,3.0,5.0,5.0,4.0,3.0,3.0,2.0,4.0,4.0,4.0,5.0,4.0,5.0,4.0,4.0,4.0
E0961,I,US,3-5y,mid,hybrid,1,4.0,2.0,4.0,5.0,4.0,5.0,3.0,4.0,3.0,3.0,2.0,2.0,3.0,2.0,5.0,3.0,3.0,5.0,4.0,4.0,5.0,4.0,3.0,4.0,5.0,2.0,3.0,9.0,3.0,1.0,4.0,1.0,3.0,2.0,3.0,3.0,3.0,4.0,3.0,3.0,3.0,2.0,3.0,3.0,2.0,5.0,4.0,3.0,4.0
E0962,R,US,3-5y,mid,onsite,1,4.0,5.0,5.0,6.0,4.0,5.0,4.0,4.0,4.0,5.0,5.0,5.0,4.0,5.0,3.0,5.0,2.0,4.0,4.0,5.0,4.0,5.0,5.0,4.0,5.0,3.0,5.0,8.0,4.0,2.0,4.0,1.0,2.0,4.0,5.0,5.0,5.0,5.0,5.0,4.0,5.0,4.0,4.0,4.0,3.0,5.0,5.0,4.0,4.0
E0963,Other (24),US,3-5y,mid,hybrid,1,3.0,2.0,4.0,5.0,3.0,4.0,3.0,3.0,4.0,5.0,3.0,4.0,4.0,3.0,2.0,5.0,2.0,4.0,2.0,5.0,3.0,4.0,4.0,5.0,5.0,2.0,4.0,7.0,4.0,1.0,3.0,3.0,4.0,3.0,5.0,3.0,5.0,5.0,5.0,5.0,5.0,5.0,5.0,3.0,4.0,3.0,3.0,5.0,5.0
E0964,F,Europe,1-3y,senior,remote,1,2.0,3.0,2.0,6.0,3.0,4.0,3.0,5.0,3.0,3.0,3.0,3.0,2.0,2.0,4.0,2.0,3.0,2.0,3.0,3.0,3.0,3.0,2.0,5.0,3.0,4.0,3.0,6.0,3.0,3.0,2.0,3.0,3.0,3.0,4.0,5.0,4.0,5.0,4.0,5.0,3.0,4.0,3.0,5.0,4.0,5.0,4.0,2.0,3.0
E0965,I,India,3-5y,junior,onsite,1,5.0,4.0,5.0,9.0,4.0,5.0,5.0,5.0,3.0,5.0,3.0,5.0,3.0,4.0,5.0,4.0,3.0,5.0,4.0,4.0,5.0,5.0,5.0,5.0,5.0,3.0,5.0,9.0,4.0,2.0,5.0,3.0,3.0,3.0,5.0,5.0,4.0,4.0,4.0,5.0,5.0,5.0,5.0,4.0,5.0,4.0,5.0,5.0,5.0
E0966,I,US,3-5y,junior,hybrid,1,4.0,4.0,5.0,9.0,4.0,4.0,5.0,5.0,5.0,3.0,3.0,5.0,4.0,4.0,4.0,4.0,2.0,5.0,4.0,3.0,5.0,3.0,5.0,5.0,5.0,3.0,4.0,8.0,3.0,2.0,5.0,2.0,3.0,2.0,4.0,5.0,4.0,5.0,5.0,4.0,5.0,4.0,3.0,4.0,3.0,4.0,3.0,4.0,4.0
E0967,Other (24),Europe,1-3y,junior,hybrid,1,3.0,2.0,5.0,5.0,3.0,5.0,4.0,3.0,3.0,4.0,4.0,4.0,4.0,3.0,3.0,4.0,3.0,4.0,3.0,4.0,4.0,4.0,4.0,4.0,5.0,2.0,4.0,7.0,4.0,1.0,3.0,3.0,3.0,2.0,4.0,5.0,3.0,5.0,5.0,5.0,4.0,4.0,5.0,4.0,3.0,4.0,2.0,4.0,3.0
E0968,Other (24),US,<1y,mid,onsite,1,3.0,4.0,2.0,6.0,3.0,3.0,3.0,3.0,2.0,3.0,2.0,2.0,1.0,1.0,3.0,4.0,1.0,3.0,3.0,3.0,3.0,1.0,3.0,2.0,3.0,1.0,2.0,4.0,3.0,1.0,3.0,2.0,1.0,1.0,4.0,5.0,4.0,3.0,4.0,3.0,4.0,3.0,3.0,2.0,3.0,3.0,2.0,4.0,3.0
E0969,O,US,1-3y,junior,hybrid,1,4.0,5.0,4.0,7.0,5.0,5.0,4.0,4.0,3.0,4.0,3.0,4.0,3.0,4.0,5.0,4.0,4.0,3.0,4.0,3.0,4.0,5.0,4.0,3.0,3.0,2.0,4.0,6.0,3.0,4.0,5.0,4.0,4.0,4.0,4.0,5.0,5.0,4.0,5.0,4.0,4.0,3.0,3.0,4.0,4.0,5.0,4.0,3.0,4.0
E0970,Other (24),Israel,3-5y,mid,hybrid,1,3.0,3.0,4.0,7.0,4.0,3.0,4.0,4.0,2.0,5.0,4.0,4.0,2.0,3.0,2.0,4.0,4.0,4.0,4.0,4.0,3.0,3.0,4.0,3.0,3.0,2.0,4.0,3.0,4.0,4.0,5.0,4.0,3.0,3.0,3.0,3.0,5.0,4.0,5.0,4.0,4.0,4.0,5.0,4.0,4.0,3.0,5.0,4.0,4.0
E0971,B,UK,<1y,junior,hybrid,1,3.0,5.0,4.0,7.0,5.0,4.0,4.0,4.0,4.0,3.0,3.0,4.0,3.0,4.0,3.0,3.0,2.0,3.0,3.0,4.0,4.0,3.0,4.0,3.0,5.0,2.0,5.0,9.0,3.0,3.0,5.0,3.0,3.0,3.0,4.0,3.0,5.0,3.0,5.0,3.0,3.0,3.0,3.0,3.0,4.0,4.0,3.0,5.0,5.0
E0972,Other (24),Europe,1-3y,junior,hybrid,1,4.0,3.0,2.0,5.0,5.0,4.0,4.0,4.0,3.0,3.0,2.0,4.0,2.0,1.0,3.0,3.0,2.0,2.0,2.0,2.0,2.0,3.0,1.0,2.0,3.0,2.0,2.0,7.0,1.0,3.0,4.0,3.0,3.0,2.0,2.0,4.0,2.0,4.0,4.0,3.0,3.0,1.0,3.0,3.0,4.0,3.0,3.0,1.0,1.0
E0973,C,UK,<1y,mid,hybrid,1,2.0,3.0,4.0,6.0,3.0,2.0,1.0,3.0,2.0,4.0,2.0,4.0,4.0,3.0,3.0,4.0,5.0,3.0,3.0,5.0,2.0,4.0,3.0,3.0,4.0,5.0,4.0,8.0,4.0,4.0,4.0,3.0,4.0,4.0,3.0,4.0,3.0,4.0,3.0,3.0,4.0,5.0,3.0,5.0,5.0,3.0,3.0,3.0,4.0
E0974,I,Israel,1-3y,mid,remote,1,3.0,5.0,5.0,10.0,5.0,4.0,3.0,5.0,3.0,4.0,4.0,4.0,3.0,4.0,4.0,3.0,1.0,3.0,5.0,4.0,4.0,4.0,5.0,3.0,5.0,3.0,4.0,9.0,4.0,3.0,5.0,3.0,3.0,2.0,3.0,3.0,4.0,4.0,5.0,4.0,4.0,2.0,4.0,4.0,4.0,3.0,5.0,5.0,4.0
E0975,Other (24),UK,<1y,junior,remote,1,4.0,5.0,4.0,10.0,4.0,5.0,3.0,5.0,3.0,3.0,5.0,4.0,4.0,5.0,3.0,5.0,5.0,4.0,5.0,5.0,2.0,4.0,3.0,5.0,5.0,4.0,4.0,4.0,4.0,2.0,4.0,3.0,3.0,3.0,4.0,5.0,5.0,3.0,5.0,5.0,4.0,4.0,4.0,3.0,4.0,3.0,4.0,3.0,5.0
E0976,Other (24),Israel,1-3y,senior,hybrid,1,4.0,4.0,4.0,8.0,5.0,5.0,3.0,5.0,3.0,4.0,4.0,4.0,3.0,4.0,4.0,4.0,2.0,4.0,3.0,5.0,3.0,4.0,4.0,4.0,5.0,1.0,4.0,7.0,3.0,2.0,4.0,3.0,3.0,2.0,3.0,5.0,5.0,4.0,5.0,4.0,3.0,4.0,3.0,4.0,4.0,3.0,4.0,4.0,4.0
E0977,Other (24),UK,<1y,mid,remote,1,4.0,4.0,3.0,7.0,5.0,5.0,3.0,4.0,2.0,4.0,4.0,4.0,2.0,2.0,3.0,3.0,4.0,5.0,3.0,5.0,3.0,3.0,3.0,4.0,5.0,2.0,4.0,5.0,2.0,3.0,3.0,3.0,3.0,2.0,4.0,4.0,5.0,5.0,4.0,4.0,4.0,4.0,4.0,4.0,4.0,2.0,2.0,3.0,4.0
E0978,Other (24),US,3-5y,senior,hybrid,1,5.0,4.0,2.0,8.0,3.0,4.0,4.0,4.0,3.0,4.0,3.0,3.0,2.0,3.0,4.0,3.0,4.0,5.0,4.0,4.0,3.0,3.0,3.0,3.0,4.0,3.0,3.0,5.0,3.0,3.0,3.0,4.0,4.0,3.0,5.0,3.0,4.0,4.0,4.0,4.0,5.0,3.0,4.0,4.0,4.0,4.0,3.0,4.0,4.0
E0979,Q,US,<1y,senior,remote,1,4.0,4.0,5.0,3.0,5.0,4.0,3.0,4.0,5.0,4.0,4.0,5.0,4.0,4.0,5.0,5.0,2.0,3.0,3.0,4.0,4.0,3.0,5.0,4.0,5.0,2.0,5.0,8.0,4.0,2.0,4.0,2.0,3.0,1.0,5.0,3.0,4.0,4.0,4.0,5.0,5.0,4.0,4.0,3.0,3.0,3.0,5.0,5.0,4.0
E0980,Other (24),UK,<1y,mid,hybrid,1,3.0,4.0,4.0,9.0,5.0,3.0,3.0,4.0,2.0,4.0,3.0,5.0,2.0,3.0,5.0,5.0,3.0,3.0,4.0,5.0,3.0,4.0,3.0,5.0,4.0,3.0,3.0,3.0,4.0,1.0,4.0,3.0,3.0,3.0,4.0,2.0,4.0,4.0,4.0,4.0,4.0,4.0,4.0,4.0,4.0,2.0,5.0,4.0,3.0
E0981,G,US,3-5y,mid,remote,1,3.0,4.0,4.0,7.0,4.0,4.0,2.0,4.0,1.0,4.0,4.0,4.0,1.0,4.0,3.0,5.0,2.0,4.0,3.0,4.0,3.0,5.0,4.0,5.0,4.0,3.0,4.0,6.0,3.0,2.0,4.0,2.0,2.0,1.0,4.0,5.0,4.0,3.0,3.0,3.0,3.0,3.0,5.0,3.0,1.0,3.0,2.0,3.0,5.0
E0982,N,US,3-5y,junior,remote,1,4.0,5.0,4.0,9.0,5.0,5.0,5.0,5.0,4.0,3.0,3.0,4.0,4.0,3.0,5.0,4.0,3.0,3.0,5.0,4.0,5.0,4.0,4.0,5.0,2.0,3.0,4.0,7.0,3.0,3.0,5.0,2.0,3.0,4.0,5.0,4.0,4.0,3.0,4.0,4.0,3.0,4.0,3.0,3.0,4.0,4.0,4.0,5.0,5.0
E0983,Other (24),UK,>5y,mid,onsite,1,4.0,4.0,5.0,10.0,4.0,5.0,3.0,4.0,3.0,5.0,4.0,4.0,4.0,5.0,5.0,5.0,2.0,4.0,3.0,5.0,5.0,4.0,4.0,4.0,5.0,2.0,3.0,7.0,3.0,2.0,4.0,2.0,2.0,2.0,5.0,5.0,5.0,4.0,5.0,5.0,3.0,3.0,3.0,3.0,4.0,5.0,3.0,3.0,4.0
E0984,A,India,<1y,senior,remote,1,3.0,3.0,2.0,9.0,4.0,2.0,2.0,5.0,3.0,2.0,1.0,4.0,3.0,3.0,3.0,2.0,2.0,2.0,3.0,3.0,2.0,4.0,3.0,3.0,3.0,3.0,2.0,7.0,2.0,3.0,5.0,2.0,2.0,3.0,4.0,5.0,4.0,3.0,5.0,3.0,3.0,3.0,4.0,4.0,3.0,4.0,5.0,5.0,4.0
E0985,Q,Europe,1-3y,junior,remote,1,4.0,5.0,4.0,8.0,5.0,3.0,3.0,4.0,4.0,4.0,4.0,4.0,2.0,5.0,4.0,5.0,4.0,3.0,3.0,4.0,3.0,3.0,4.0,3.0,3.0,4.0,4.0,3.0,3.0,3.0,5.0,4.0,3.0,3.0,4.0,3.0,4.0,5.0,5.0,5.0,3.0,3.0,4.0,5.0,4.0,3.0,2.0,3.0,4.0
E0986,I,UK,1-3y,lead,onsite,1,4.0,4.0,5.0,7.0,3.0,4.0,3.0,4.0,3.0,3.0,4.0,4.0,4.0,4.0,4.0,3.0,4.0,2.0,4.0,5.0,4.0,5.0,4.0,4.0,5.0,5.0,3.0,10.0,3.0,3.0,3.0,3.0,4.0,4.0,4.0,4.0,4.0,2.0,3.0,3.0,5.0,5.0,5.0,5.0,5.0,4.0,4.0,3.0,3.0
E0987,M,India,1-3y,senior,hybrid,1,4.0,4.0,4.0,9.0,4.0,4.0,3.0,3.0,3.0,3.0,4.0,5.0,3.0,4.0,4.0,4.0,2.0,4.0,4.0,5.0,3.0,5.0,4.0,4.0,5.0,4.0,4.0,6.0,2.0,4.0,5.0,2.0,2.0,4.0,4.0,3.0,4.0,3.0,3.0,3.0,4.0,3.0,3.0,3.0,4.0,4.0,4.0,4.0,3.0
E0988,L,US,>5y,senior,hybrid,1,3.0,3.0,3.0,3.0,2.0,4.0,2.0,2.0,4.0,3.0,2.0,2.0,4.0,3.0,4.0,3.0,1.0,2.0,2.0,4.0,2.0,3.0,4.0,3.0,3.0,1.0,3.0,10.0,2.0,2.0,3.0,1.0,2.0,1.0,4.0,2.0,3.0,3.0,3.0,3.0,4.0,4.0,4.0,2.0,1.0,3.0,3.0,3.0,3.0
E0989,C,Europe,1-3y,mid,hybrid,1,3.0,5.0,5.0,7.0,5.0,4.0,3.0,5.0,2.0,4.0,5.0,4.0,4.0,4.0,3.0,4.0,3.0,4.0,5.0,4.0,2.0,3.0,3.0,4.0,4.0,4.0,4.0,9.0,5.0,3.0,5.0,2.0,3.0,1.0,5.0,5.0,5.0,4.0,4.0,4.0,5.0,5.0,5.0,4.0,3.0,4.0,4.0,5.0,5.0
E0990,E,India,3-5y,junior,hybrid,1,4.0,5.0,4.0,7.0,4.0,4.0,3.0,4.0,4.0,3.0,2.0,2.0,4.0,2.0,4.0,2.0,3.0,4.0,2.0,3.0,3.0,3.0,2.0,3.0,3.0,3.0,3.0,10.0,3.0,4.0,5.0,3.0,3.0,3.0,2.0,3.0,3.0,3.0,4.0,5.0,4.0,4.0,3.0,4.0,3.0,4.0,4.0,3.0,4.0
E0991,D,India,3-5y,lead,remote,1,5.0,4.0,5.0,8.0,5.0,5.0,4.0,4.0,4.0,5.0,4.0,4.0,4.0,4.0,5.0,4.0,3.0,5.0,4.0,4.0,4.0,5.0,5.0,5.0,4.0,3.0,4.0,6.0,4.0,4.0,5.0,3.0,3.0,4.0,5.0,5.0,5.0,3.0,4.0,4.0,3.0,3.0,4.0,4.0,4.0,3.0,5.0,2.0,5.0
E0992,I,India,>5y,mid,hybrid,1,3.0,2.0,4.0,6.0,4.0,4.0,2.0,4.0,3.0,2.0,2.0,4.0,2.0,2.0,3.0,3.0,3.0,4.0,5.0,3.0,3.0,3.0,3.0,3.0,4.0,1.0,3.0,6.0,2.0,3.0,5.0,3.0,3.0,3.0,3.0,4.0,3.0,5.0,4.0,3.0,3.0,4.0,3.0,4.0,3.0,4.0,3.0,4.0,4.0
E0993,P,US,1-3y,junior,hybrid,1,5.0,4.0,4.0,7.0,5.0,3.0,4.0,5.0,4.0,5.0,5.0,5.0,4.0,5.0,4.0,4.0,4.0,4.0,4.0,4.0,5.0,5.0,5.0,5.0,5.0,4.0,5.0,10.0,5.0,5.0,5.0,3.0,4.0,4.0,4.0,5.0,3.0,3.0,4.0,4.0,5.0,5.0,4.0,5.0,4.0,5.0,4.0,3.0,3.0
E0994,F,UK,1-3y,mid,hybrid,1,3.0,2.0,3.0,2.0,4.0,3.0,3.0,2.0,3.0,2.0,3.0,3.0,4.0,3.0,3.0,3.0,3.0,2.0,3.0,2.0,4.0,4.0,4.0,2.0,3.0,3.0,3.0,4.0,3.0,3.0,4.0,3.0,3.0,4.0,4.0,5.0,4.0,4.0,4.0,4.0,5.0,3.0,4.0,3.0,4.0,3.0,3.0,4.0,2.0
E0995,B,India,>5y,senior,hybrid,1,5.0,5.0,5.0,10.0,5.0,4.0,5.0,5.0,5.0,4.0,5.0,5.0,3.0,5.0,5.0,4.0,4.0,3.0,4.0,5.0,4.0,4.0,4.0,5.0,5.0,4.0,5.0,9.0,5.0,4.0,5.0,4.0,4.0,3.0,5.0,4.0,5.0,3.0,5.0,5.0,4.0,3.0,4.0,4.0,5.0,5.0,4.0,4.0,3.0
E0996,L,US,<1y,junior,remote,1,2.0,4.0,5.0,7.0,5.0,3.0,3.0,3.0,4.0,4.0,3.0,3.0,2.0,5.0,2.0,4.0,2.0,3.0,2.0,4.0,3.0,3.0,4.0,4.0,5.0,2.0,3.0,6.0,3.0,3.0,5.0,1.0,2.0,2.0,4.0,4.0,4.0,3.0,3.0,3.0,3.0,3.0,3.0,4.0,2.0,3.0,3.0,5.0,4.0
E0997,D,Israel,3-5y,senior,hybrid,1,4.0,4.0,5.0,7.0,3.0,5.0,4.0,4.0,4.0,4.0,5.0,5.0,3.0,5.0,4.0,4.0,3.0,4.0,2.0,5.0,4.0,5.0,5.0,4.0,5.0,5.0,5.0,6.0,3.0,4.0,4.0,4.0,3.0,4.0,5.0,4.0,4.0,3.0,4.0,4.0,5.0,5.0,4.0,5.0,5.0,4.0,5.0,3.0,3.0
E0998,F,UK,>5y,lead,onsite,1,3.0,2.0,5.0,6.0,4.0,4.0,4.0,2.0,4.0,4.0,3.0,4.0,4.0,4.0,5.0,4.0,2.0,4.0,3.0,4.0,4.0,5.0,4.0,4.0,4.0,3.0,5.0,9.0,4.0,2.0,3.0,3.0,2.0,2.0,5.0,3.0,3.0,5.0,4.0,5.0,3.0,4.0,2.0,3.0,4.0,3.0,3.0,2.0,3.0
E0999,K,UK,<1y,junior,onsite,1,3.0,3.0,5.0,4.0,3.0,3.0,3.0,1.0,4.0,4.0,3.0,4.0,3.0,3.0,2.0,3.0,3.0,2.0,3.0,3.0,3.0,4.0,2.0,3.0,4.0,2.0,3.0,5.0,4.0,3.0,4.0,2.0,3.0,2.0,3.0,3.0,4.0,3.0,5.0,4.0,3.0,4.0,3.0,4.0,2.0,4.0,4.0,4.0,3.0
E0000,A,Europe,>5y,junior,hybrid,2,4.0,4.0,4.0,5.0,4.0,3.0,5.0,5.0,4.0,5.0,5.0,5.0,3.0,5.0,2.0,5.0,3.0,5.0,3.0,5.0,5.0,4.0,5.0,5.0,5.0,3.0,4.0,5.0,4.0,3.0,3.0,4.0,5.0,3.0,4.0,3.0,3.0,4.0,4.0,4.0,5.0,4.0,4.0,4.0,5.0,4.0,2.0,4.0,3.0
E0001,P,US,>5y,lead,remote,2,3.0,4.0,5.0,7.0,3.0,3.0,4.0,4.0,1.0,5.0,3.0,5.0,4.0,4.0,3.0,3.0,2.0,2.0,3.0,3.0,5.0,5.0,3.0,5.0,5.0,4.0,5.0,6.0,4.0,3.0,5.0,3.0,3.0,4.0,4.0,4.0,4.0,5.0,4.0,5.0,3.0,3.0,3.0,4.0,4.0,4.0,3.0,5.0,4.0
E0002,Other (24),Israel,<1y,mid,onsite,2,2.0,5.0,4.0,6.0,2.0,3.0,2.0,3.0,5.0,4.0,3.0,3.0,4.0,2.0,2.0,2.0,1.0,3.0,2.0,3.0,3.0,2.0,1.0,3.0,5.0,1.0,3.0,9.0,3.0,3.0,4.0,2.0,2.0,2.0,3.0,3.0,4.0,5.0,4.0,3.0,3.0,3.0,3.0,3.0,2.0,4.0,5.0,2.0,3.0
E0003,P,Europe,3-5y,junior,hybrid,2,4.0,4.0,5.0,9.0,4.0,4.0,4.0,4.0,1.0,5.0,5.0,5.0,2.0,5.0,3.0,5.0,4.0,3.0,5.0,4.0,3.0,5.0,5.0,5.0,5.0,5.0,5.0,7.0,5.0,5.0,5.0,4.0,3.0,5.0,5.0,5.0,5.0,4.0,4.0,4.0,3.0,4.0,4.0,5.0,5.0,5.0,5.0,5.0,4.0
E0004,Other (24),US,1-3y,lead,hybrid,2,3.0,4.0,5.0,8.0,4.0,4.0,4.0,3.0,4.0,4.0,3.0,5.0,4.0,3.0,3.0,5.0,1.0,5.0,4.0,4.0,3.0,3.0,3.0,4.0,4.0,2.0,3.0,9.0,4.0,1.0,3.0,3.0,3.0,2.0,4.0,5.0,4.0,4.0,2.0,5.0,4.0,4.0,3.0,3.0,3.0,5.0,4.0,5.0,4.0
E0005,Other (24),Europe,3-5y,mid,remote,2,4.0,3.0,2.0,7.0,4.0,4.0,3.0,3.0,4.0,3.0,2.0,3.0,4.0,1.0,3.0,3.0,3.0,3.0,2.0,3.0,3.0,1.0,3.0,2.0,2.0,3.0,2.0,5.0,3.0,3.0,2.0,3.0,4.0,2.0,5.0,4.0,4.0,4.0,4.0,4.0,3.0,3.0,4.0,3.0,4.0,3.0,4.0,5.0,4.0
E0006,K,India,<1y,mid,hybrid,2,1.0,3.0,4.0,4.0,3.0,2.0,1.0,3.0,2.0,3.0,2.0,3.0,1.0,2.0,2.0,2.0,3.0,3.0,3.0,3.0,2.0,2.0,3.0,4.0,3.0,2.0,3.0,3.0,2.0,2.0,4.0,3.0,3.0,3.0,3.0,2.0,3.0,2.0,2.0,4.0,5.0,4.0,3.0,2.0,3.0,4.0,4.0,4.0,3.0
E0007,C,Israel,<1y,junior,hybrid,2,2.0,4.0,3.0,10.0,5.0,3.0,2.0,4.0,3.0,4.0,4.0,4.0,4.0,3.0,2.0,4.0,3.0,2.0,4.0,4.0,2.0,3.0,4.0,3.0,4.0,3.0,3.0,10.0,3.0,2.0,4.0,2.0,2.0,1.0,3.0,2.0,4.0,3.0,4.0,3.0,4.0,5.0,5.0,3.0,4.0,3.0,4.0,3.0,3.0
E0008,O,Israel,1-3y,lead,hybrid,2,4.0,3.0,5.0,7.0,3.0,4.0,4.0,4.0,3.0,3.0,3.0,3.0,3.0,3.0,5.0,3.0,4.0,3.0,4.0,4.0,4.0,4.0,4.0,4.0,5.0,4.0,2.0,6.0,3.0,3.0,4.0,3.0,3.0,3.0,3.0,4.0,4.0,4.0,4.0,4.0,5.0,5.0,4.0,5.0,4.0,5.0,4.0,2.0,4.0
E0009,N,UK,1-3y,mid,hybrid,2,4.0,3.0,4.0,8.0,5.0,4.0,4.0,3.0,4.0,5.0,5.0,5.0,4.0,5.0,4.0,3.0,5.0,4.0,3.0,4.0,4.0,5.0,4.0,5.0,4.0,4.0,5.0,6.0,5.0,5.0,5.0,5.0,4.0,4.0,3.0,5.0,2.0,5.0,5.0,5.0,3.0,4.0,4.0,5.0,3.0,4.0,5.0,4.0,3.0
E0010,Other (24),Israel,1-3y,mid,remote,2,3.0,3.0,5.0,8.0,4.0,5.0,3.0,3.0,3.0,4.0,4.0,4.0,3.0,2.0,1.0,5.0,2.0,3.0,3.0,4.0,2.0,3.0,4.0,4.0,3.0,2.0,2.0,6.0,4.0,2.0,4.0,2.0,3.0,2.0,3.0,3.0,4.0,4.0,4.0,5.0,3.0,3.0,4.0,4.0,4.0,3.0,2.0,3.0,3.0
E0011,Other (24),Israel,3-5y,mid,onsite,2,3.0,4.0,3.0,6.0,4.0,5.0,3.0,3.0,4.0,4.0,3.0,5.0,1.0,2.0,3.0,4.0,2.0,3.0,3.0,3.0,3.0,4.0,4.0,4.0,3.0,2.0,4.0,3.0,4.0,2.0,3.0,3.0,3.0,3.0,4.0,3.0,3.0,4.0,4.0,4.0,4.0,5.0,4.0,4.0,4.0,4.0,3.0,4.0,3.0
E0012,F,UK,<1y,mid,hybrid,2,3.0,3.0,3.0,7.0,3.0,4.0,3.0,3.0,4.0,5.0,2.0,3.0,3.0,4.0,3.0,4.0,3.0,2.0,2.0,4.0,2.0,3.0,4.0,3.0,4.0,3.0,4.0,7.0,3.0,3.0,3.0,3.0,3.0,3.0,4.0,3.0,3.0,4.0,3.0,4.0,4.0,3.0,2.0,3.0,3.0,4.0,5.0,3.0,4.0
E0013,O,US,1-3y,senior,remote,2,2.0,3.0,4.0,6.0,3.0,2.0,1.0,4.0,2.0,3.0,3.0,3.0,2.0,3.0,3.0,4.0,2.0,2.0,3.0,3.0,3.0,4.0,3.0,4.0,4.0,3.0,4.0,5.0,3.0,2.0,4.0,2.0,3.0,3.0,3.0,4.0,4.0,4.0,4.0,2.0,4.0,4.0,4.0,5.0,5.0,3.0,5.0,3.0,3.0
E0014,Other (24),India,<1y,mid,hybrid,2,3.0,4.0,2.0,10.0,4.0,3.0,4.0,3.0,3.0,3.0,2.0,3.0,3.0,3.0,3.0,2.0,2.0,5.0,4.0,3.0,4.0,3.0,3.0,2.0,4.0,1.0,2.0,4.0,3.0,1.0,4.0,2.0,3.0,2.0,2.0,4.0,4.0,5.0,4.0,5.0,3.0,4.0,3.0,3.0,3.0,4.0,3.0,4.0,4.0
E0015,F,India,<1y,senior,onsite,2,2.0,4.0,3.0,3.0,3.0,3.0,3.0,2.0,4.0,4.0,3.0,4.0,4.0,4.0,5.0,3.0,3.0,3.0,2.0,3.0,4.0,4.0,3.0,5.0,5.0,2.0,4.0,8.0,4.0,1.0,4.0,2.0,3.0,3.0,4.0,4.0,3.0,3.0,4.0,4.0,4.0,3.0,3.0,3.0,3.0,3.0,4.0,3.0,2.0
E0016,F,UK,>5y,senior,hybrid,2,5.0,5.0,3.0,9.0,3.0,5.0,5.0,4.0,4.0,3.0,1.0,2.0,4.0,3.0,4.0,3.0,2.0,4.0,4.0,2.0,4.0,4.0,2.0,3.0,3.0,3.0,4.0,9.0,2.0,3.0,5.0,4.0,3.0,4.0,5.0,4.0,5.0,4.0,4.0,5.0,4.0,4.0,5.0,3.0,4.0,5.0,4.0,3.0,3.0
E0017,G,Europe,>5y,senior,remote,2,2.0,4.0,2.0,8.0,3.0,3.0,2.0,3.0,2.0,3.0,4.0,3.0,3.0,3.0,3.0,5.0,2.0,3.0,1.0,2.0,3.0,4.0,4.0,3.0,4.0,2.0,3.0,8.0,4.0,2.0,3.0,2.0,2.0,2.0,4.0,3.0,3.0,5.0,4.0,3.0,4.0,3.0,4.0,3.0,2.0,5.0,4.0,4.0,4.0
E0018,H,Israel,>5y,junior,remote,2,5.0,4.0,5.0,10.0,5.0,5.0,5.0,4.0,5.0,5.0,4.0,4.0,5.0,4.0,3.0,3.0,3.0,5.0,5.0,4.0,4.0,5.0,2.0,4.0,5.0,4.0,4.0,7.0,3.0,4.0,5.0,5.0,3.0,5.0,3.0,4.0,5.0,4.0,5.0,4.0,4.0,3.0,3.0,4.0,5.0,5.0,5.0,4.0,5.0
E0019,Other (24),Israel,1-3y,mid,remote,2,2.0,4.0,3.0,6.0,3.0,4.0,4.0,3.0,4.0,3.0,4.0,2.0,4.0,1.0,2.0,3.0,2.0,3.0,4.0,3.0,4.0,3.0,2.0,3.0,2.0,2.0,2.0,7.0,2.0,3.0,4.0,4.0,3.0,3.0,3.0,3.0,3.0,3.0,5.0,3.0,4.0,2.0,3.0,4.0,4.0,4.0,3.0,3.0,3.0
E0020,R,Europe,3-5y,mid,hybrid,2,3.0,4.0,3.0,7.0,5.0,3.0,2.0,5.0,4.0,3.0,2.0,2.0,3.0,2.0,3.0,2.0,2.0,2.0,3.0,3.0,3.0,2.0,1.0,1.0,3.0,3.0,1.0,9.0,2.0,1.0,5.0,4.0,3.0,4.0,3.0,3.0,4.0,4.0,4.0,4.0,5.0,4.0,4.0,4.0,4.0,4.0,3.0,2.0,3.0
E0021,P,US,1-3y,senior,hybrid,2,2.0,4.0,3.0,7.0,5.0,4.0,3.0,5.0,2.0,3.0,4.0,5.0,4.0,3.0,3.0,3.0,3.0,4.0,4.0,4.0,4.0,4.0,4.0,3.0,5.0,3.0,5.0,8.0,3.0,2.0,5.0,1.0,1.0,1.0,4.0,3.0,3.0,4.0,3.0,4.0,3.0,4.0,3.0,4.0,3.0,4.0,5.0,3.0,3.0
E0022,H,US,1-3y,lead,hybrid,2,5.0,4.0,5.0,9.0,3.0,5.0,5.0,4.0,2.0,4.0,4.0,4.0,2.0,5.0,3.0,3.0,1.0,4.0,3.0,3.0,4.0,5.0,4.0,5.0,4.0,3.0,5.0,7.0,3.0,2.0,4.0,2.0,2.0,3.0,3.0,3.0,1.0,4.0,3.0,3.0,3.0,3.0,5.0,3.0,2.0,3.0,3.0,3.0,3.0
E0023,Q,Europe,<1y,lead,hybrid,2,4.0,4.0,3.0,6.0,4.0,5.0,3.0,5.0,4.0,2.0,3.0,4.0,3.0,5.0,4.0,4.0,2.0,4.0,3.0,5.0,3.0,1.0,2.0,4.0,2.0,2.0,3.0,7.0,2.0,2.0,5.0,3.0,3.0,2.0,3.0,3.0,3.0,4.0,4.0,3.0,4.0,4.0,4.0,3.0,3.0,5.0,5.0,2.0,4.0
E0024,L,Israel,1-3y,lead,hybrid,2,4.0,3.0,5.0,4.0,4.0,5.0,4.0,2.0,4.0,4.0,3.0,4.0,3.0,3.0,4.0,4.0,2.0,4.0,2.0,5.0,4.0,4.0,4.0,4.0,5.0,3.0,3.0,6.0,5.0,3.0,2.0,4.0,2.0,3.0,5.0,5.0,5.0,4.0,5.0,4.0,2.0,4.0,3.0,4.0,4.0,4.0,4.0,2.0,4.0
E0025,J,UK,1-3y,senior,remote,2,3.0,4.0,3.0,4.0,4.0,3.0,3.0,4.0,3.0,4.0,4.0,3.0,2.0,3.0,2.0,2.0,5.0,3.0,4.0,3.0,2.0,3.0,3.0,3.0,4.0,5.0,2.0,5.0,2.0,3.0,4.0,3.0,3.0,4.0,4.0,4.0,4.0,4.0,4.0,4.0,4.0,3.0,4.0,5.0,4.0,4.0,5.0,5.0,3.0
E0026,Other (24),UK,3-5y,junior,onsite,2,4.0,5.0,4.0,5.0,4.0,5.0,5.0,3.0,2.0,4.0,3.0,4.0,2.0,4.0,5.0,4.0,3.0,5.0,3.0,5.0,4.0,4.0,4.0,3.0,4.0,2.0,4.0,6.0,3.0,2.0,4.0,4.0,3.0,4.0,5.0,5.0,4.0,5.0,4.0,4.0,4.0,5.0,5.0,5.0,4.0,3.0,4.0,3.0,5.0
E0027,B,US,1-3y,senior,hybrid,2,5.0,3.0,4.0,7.0,3.0,2.0,3.0,3.0,5.0,4.0,4.0,4.0,5.0,4.0,3.0,2.0,3.0,3.0,3.0,5.0,5.0,3.0,4.0,3.0,5.0,4.0,4.0,10.0,5.0,4.0,5.0,3.0,3.0,3.0,4.0,4.0,5.0,5.0,4.0,5.0,4.0,4.0,5.0,4.0,4.0,4.0,4.0,5.0,4.0
E0028,F,UK,1-3y,junior,hybrid,2,3.0,4.0,3.0,4.0,4.0,4.0,4.0,3.0,4.0,4.0,3.0,3.0,4.0,4.0,3.0,4.0,4.0,4.0,3.0,3.0,3.0,4.0,4.0,4.0,3.0,2.0,3.0,8.0,3.0,2.0,5.0,4.0,3.0,3.0,3.0,3.0,4.0,3.0,2.0,3.0,4.0,4.0,2.0,3.0,4.0,4.0,4.0,4.0,3.0
E0029,F,Israel,1-3y,senior,hybrid,2,2.0,4.0,3.0,7.0,4.0,4.0,4.0,4.0,2.0,3.0,3.0,2.0,3.0,3.0,3.0,3.0,4.0,3.0,3.0,3.0,4.0,4.0,4.0,4.0,3.0,4.0,2.0,6.0,3.0,4.0,5.0,3.0,2.0,4.0,3.0,3.0,3.0,5.0,4.0,3.0,4.0,5.0,5.0,5.0,4.0,3.0,5.0,3.0,4.0
E0030,D,Israel,3-5y,mid,hybrid,2,4.0,3.0,4.0,7.0,4.0,4.0,4.0,4.0,3.0,4.0,3.0,4.0,3.0,3.0,5.0,4.0,4.0,3.0,2.0,5.0,4.0,5.0,4.0,4.0,3.0,4.0,5.0,5.0,5.0,3.0,4.0,2.0,2.0,4.0,4.0,4.0,4.0,4.0,4.0,3.0,4.0,4.0,4.0,3.0,4.0,4.0,4.0,4.0,3.0
E0031,P,US,>5y,senior,hybrid,2,3.0,5.0,5.0,6.0,5.0,3.0,2.0,4.0,3.0,5.0,4.0,5.0,4.0,4.0,3.0,3.0,4.0,4.0,5.0,5.0,4.0,4.0,4.0,4.0,5.0,4.0,5.0,10.0,5.0,5.0,5.0,4.0,3.0,4.0,5.0,4.0,4.0,4.0,5.0,5.0,5.0,5.0,5.0,4.0,5.0,4.0,5.0,3.0,3.0
E0032,P,US,<1y,lead,remote,2,4.0,5.0,4.0,8.0,5.0,5.0,4.0,5.0,4.0,5.0,4.0,5.0,5.0,4.0,3.0,4.0,4.0,5.0,4.0,2.0,4.0,4.0,3.0,4.0,4.0,4.0,5.0,8.0,4.0,4.0,5.0,5.0,4.0,5.0,3.0,4.0,4.0,4.0,5.0,4.0,3.0,3.0,4.0,4.0,5.0,4.0,4.0,4.0,3.0
E0033,A,Europe,3-5y,mid,remote,2,5.0,4.0,3.0,8.0,3.0,4.0,4.0,4.0,3.0,2.0,3.0,3.0,4.0,3.0,4.0,3.0,2.0,4.0,2.0,4.0,4.0,4.0,3.0,3.0,4.0,2.0,3.0,8.0,2.0,4.0,4.0,4.0,4.0,4.0,3.0,3.0,4.0,4.0,3.0,3.0,5.0,4.0,5.0,5.0,5.0,4.0,4.0,3.0,4.0
E0034,Other (24),US,<1y,senior,hybrid,2,2.0,2.0,5.0,4.0,3.0,3.0,2.0,2.0,1.0,4.0,3.0,4.0,2.0,3.0,2.0,5.0,3.0,3.0,2.0,5.0,3.0,3.0,4.0,3.0,3.0,3.0,4.0,4.0,3.0,3.0,2.0,4.0,3.0,3.0,3.0,4.0,2.0,3.0,5.0,4.0,3.0,4.0,4.0,5.0,4.0,3.0,3.0,3.0,3.0
E0035,O,India,<1y,mid,hybrid,2,2.0,3.0,5.0,5.0,4.0,3.0,2.0,4.0,3.0,3.0,3.0,3.0,4.0,3.0,3.0,4.0,4.0,2.0,4.0,5.0,2.0,4.0,4.0,4.0,4.0,3.0,4.0,6.0,4.0,3.0,4.0,3.0,3.0,5.0,3.0,2.0,2.0,3.0,2.0,3.0,3.0,3.0,4.0,4.0,4.0,3.0,4.0,4.0,3.0
E0036,C,Europe,1-3y,mid,hybrid,2,4.0,4.0,5.0,8.0,4.0,3.0,3.0,5.0,4.0,4.0,4.0,5.0,3.0,3.0,3.0,4.0,1.0,3.0,3.0,5.0,3.0,4.0,3.0,4.0,5.0,3.0,5.0,10.0,3.0,2.0,5.0,2.0,2.0,2.0,3.0,4.0,3.0,2.0,1.0,2.0,3.0,3.0,4.0,4.0,3.0,3.0,3.0,2.0,2.0
E0037,I,US,3-5y,junior,hybrid,2,3.0,4.0,5.0,9.0,5.0,4.0,5.0,4.0,5.0,5.0,3.0,5.0,3.0,4.0,3.0,3.0,2.0,5.0,4.0,5.0,4.0,5.0,3.0,4.0,4.0,1.0,4.0,8.0,4.0,2.0,5.0,3.0,3.0,3.0,4.0,5.0,4.0,3.0,4.0,2.0,5.0,4.0,5.0,4.0,3.0,3.0,4.0,4.0,4.0
E0038,M,UK,3-5y,lead,remote,2,3.0,4.0,5.0,10.0,4.0,3.0,4.0,5.0,2.0,3.0,4.0,4.0,3.0,3.0,4.0,4.0,2.0,4.0,4.0,4.0,3.0,4.0,3.0,2.0,4.0,3.0,2.0,7.0,2.0,4.0,4.0,3.0,3.0,3.0,5.0,4.0,5.0,5.0,3.0,3.0,4.0,3.0,2.0,4.0,5.0,4.0,5.0,4.0,4.0
E0039,G,Israel,>5y,mid,hybrid,2,4.0,4.0,5.0,8.0,4.0,5.0,3.0,3.0,3.0,5.0,3.0,3.0,2.0,4.0,4.0,4.0,3.0,4.0,3.0,3.0,4.0,4.0,3.0,4.0,4.0,3.0,4.0,5.0,4.0,4.0,2.0,2.0,3.0,3.0,4.0,3.0,5.0,4.0,5.0,4.0,3.0,3.0,2.0,5.0,4.0,3.0,2.0,3.0,4.0
E0040,G,Israel,1-3y,senior,hybrid,2,4.0,4.0,3.0,7.0,3.0,3.0,2.0,5.0,3.0,4.0,2.0,3.0,2.0,4.0,3.0,3.0,3.0,4.0,3.0,4.0,3.0,4.0,3.0,3.0,5.0,3.0,4.0,6.0,3.0,2.0,4.0,4.0,3.0,4.0,5.0,5.0,4.0,4.0,4.0,3.0,5.0,4.0,4.0,5.0,3.0,3.0,3.0,5.0,5.0
E0041,F,US,>5y,mid,remote,2,3.0,3.0,2.0,4.0,3.0,4.0,3.0,3.0,3.0,2.0,3.0,3.0,3.0,2.0,3.0,2.0,1.0,3.0,2.0,3.0,4.0,3.0,2.0,3.0,3.0,1.0,3.0,8.0,3.0,2.0,2.0,2.0,1.0,2.0,4.0,2.0,4.0,5.0,4.0,4.0,2.0,3.0,3.0,3.0,3.0,3.0,4.0,4.0,3.0
E0042,P,UK,<1y,mid,remote,2,3.0,2.0,3.0,4.0,3.0,3.0,4.0,3.0,3.0,4.0,4.0,4.0,3.0,4.0,4.0,3.0,2.0,4.0,4.0,4.0,5.0,4.0,5.0,3.0,4.0,2.0,5.0,8.0,4.0,2.0,5.0,2.0,2.0,2.0,4.0,3.0,4.0,2.0,3.0,3.0,3.0,4.0,3.0,4.0,2.0,3.0,2.0,5.0,3.0
E0043,P,India,3-5y,mid,remote,2,3.0,3.0,3.0,5.0,4.0,3.0,2.0,4.0,3.0,5.0,5.0,5.0,4.0,5.0,3.0,5.0,3.0,2.0,3.0,3.0,3.0,4.0,4.0,4.0,5.0,3.0,5.0,9.0,5.0,2.0,4.0,3.0,3.0,3.0,4.0,3.0,4.0,4.0,4.0,4.0,5.0,3.0,5.0,4.0,3.0,4.0,4.0,3.0,4.0
E0044,Q,US,1-3y,senior,hybrid,2,5.0,5.0,5.0,9.0,5.0,4.0,5.0,5.0,5.0,5.0,3.0,5.0,4.0,5.0,5.0,5.0,4.0,4.0,4.0,5.0,4.0,5.0,4.0,4.0,5.0,3.0,5.0,9.0,4.0,2.0,5.0,3.0,3.0,4.0,5.0,5.0,4.0,4.0,4.0,5.0,4.0,4.0,5.0,4.0,4.0,5.0,5.0,5.0,4.0
E0045,K,Europe,1-3y,senior,onsite,2,4.0,2.0,4.0,5.0,3.0,4.0,4.0,3.0,2.0,4.0,4.0,3.0,3.0,3.0,4.0,4.0,1.0,4.0,2.0,5.0,3.0,3.0,3.0,3.0,4.0,2.0,4.0,5.0,3.0,2.0,3.0,2.0,3.0,3.0,4.0,3.0,4.0,3.0,3.0,4.0,3.0,3.0,5.0,3.0,3.0,2.0,2.0,2.0,2.0
E0046,H,Europe,<1y,senior,onsite,2,5.0,4.0,5.0,9.0,5.0,5.0,4.0,4.0,5.0,5.0,5.0,5.0,5.0,4.0,4.0,4.0,3.0,4.0,4.0,4.0,4.0,5.0,4.0,4.0,5.0,4.0,5.0,8.0,4.0,4.0,4.0,2.0,4.0,5.0,4.0,3.0,3.0,3.0,4.0,3.0,5.0,4.0,4.0,4.0,4.0,5.0,4.0,4.0,3.0
E0047,F,India,1-3y,mid,hybrid,2,4.0,4.0,4.0,7.0,5.0,3.0,4.0,2.0,2.0,4.0,4.0,5.0,2.0,5.0,3.0,4.0,2.0,3.0,3.0,4.0,3.0,4.0,5.0,4.0,4.0,3.0,5.0,6.0,5.0,3.0,3.0,2.0,2.0,3.0,5.0,5.0,5.0,4.0,3.0,4.0,3.0,1.0,3.0,4.0,4.0,4.0,4.0,3.0,5.0
E0048,A,US,1-3y,mid,onsite,2,5.0,4.0,3.0,10.0,4.0,5.0,4.0,5.0,4.0,4.0,3.0,5.0,3.0,4.0,4.0,5.0,2.0,5.0,4.0,4.0,4.0,4.0,4.0,2.0,5.0,3.0,4.0,10.0,4.0,3.0,5.0,3.0,4.0,3.0,5.0,5.0,5.0,4.0,2.0,4.0,4.0,4.0,4.0,4.0,5.0,4.0,3.0,3.0,3.0
E0049,Other (24),US,<1y,senior,hybrid,2,2.0,3.0,3.0,6.0,4.0,4.0,3.0,2.0,2.0,4.0,2.0,3.0,1.0,2.0,1.0,3.0,3.0,3.0,3.0,4.0,2.0,4.0,4.0,3.0,4.0,2.0,3.0,5.0,2.0,3.0,3.0,3.0,3.0,2.0,4.0,3.0,3.0,4.0,4.0,4.0,5.0,3.0,3.0,5.0,3.0,4.0,3.0,3.0,4.0
E0050,J,US,1-3y,mid,remote,2,4.0,3.0,2.0,3.0,2.0,4.0,3.0,4.0,3.0,2.0,1.0,3.0,3.0,2.0,4.0,3.0,1.0,3.0,2.0,3.0,3.0,3.0,2.0,3.0,2.0,2.0,3.0,8.0,2.0,2.0,3.0,1.0,1.0,1.0,3.0,4.0,4.0,4.0,5.0,4.0,2.0,3.0,4.0,2.0,3.0,3.0,3.0,3.0,3.0
E0051,Other (24),India,<1y,mid,hybrid,2,4.0,4.0,4.0,5.0,4.0,4.0,4.0,3.0,2.0,3.0,3.0,4.0,3.0,3.0,3.0,3.0,2.0,3.0,3.0,3.0,3.0,3.0,2.0,4.0,3.0,3.0,3.0,4.0,3.0,2.0,3.0,3.0,3.0,2.0,2.0,2.0,4.0,3.0,3.0,4.0,4.0,4.0,4.0,4.0,4.0,3.0,3.0,4.0,4.0
E0052,Other (24),US,1-3y,junior,remote,2,3.0,2.0,2.0,2.0,3.0,4.0,4.0,3.0,2.0,3.0,3.0,4.0,2.0,2.0,3.0,4.0,2.0,4.0,3.0,3.0,4.0,3.0,2.0,3.0,3.0,2.0,4.0,3.0,2.0,2.0,3.0,4.0,4.0,2.0,3.0,2.0,2.0,3.0,2.0,3.0,4.0,3.0,2.0,3.0,2.0,3.0,2.0,2.0,3.0
E0053,C,UK,<1y,senior,hybrid,2,2.0,5.0,4.0,10.0,4.0,3.0,2.0,4.0,2.0,3.0,3.0,3.0,4.0,2.0,3.0,3.0,2.0,3.0,3.0,4.0,3.0,2.0,3.0,3.0,5.0,4.0,4.0,9.0,3.0,2.0,5.0,3.0,2.0,3.0,4.0,5.0,5.0,4.0,4.0,3.0,5.0,5.0,4.0,3.0,2.0,5.0,5.0,5.0,4.0
E0054,Q,Israel,>5y,senior,remote,2,4.0,4.0,5.0,7.0,4.0,5.0,5.0,4.0,2.0,4.0,4.0,3.0,4.0,5.0,4.0,5.0,4.0,3.0,4.0,4.0,5.0,4.0,4.0,5.0,3.0,3.0,5.0,5.0,5.0,4.0,4.0,3.0,3.0,3.0,4.0,3.0,4.0,3.0,4.0,3.0,3.0,4.0,4.0,3.0,3.0,5.0,5.0,5.0,3.0
E0055,G,Europe,>5y,junior,remote,2,1.0,4.0,2.0,5.0,4.0,2.0,2.0,4.0,3.0,3.0,4.0,3.0,2.0,2.0,3.0,3.0,2.0,3.0,3.0,3.0,2.0,3.0,3.0,3.0,5.0,2.0,3.0,5.0,3.0,2.0,3.0,3.0,3.0,2.0,4.0,4.0,5.0,5.0,4.0,4.0,3.0,3.0,3.0,4.0,5.0,5.0,5.0,2.0,2.0
E0056,A,US,>5y,junior,onsite,2,4.0,4.0,2.0,7.0,5.0,4.0,5.0,5.0,1.0,4.0,3.0,4.0,2.0,3.0,4.0,2.0,2.0,4.0,5.0,4.0,4.0,3.0,4.0,3.0,4.0,2.0,4.0,5.0,3.0,4.0,5.0,4.0,1.0,3.0,4.0,4.0,3.0,3.0,3.0,4.0,4.0,4.0,4.0,3.0,3.0,4.0,5.0,3.0,4.0
E0057,D,US,>5y,senior,remote,2,4.0,4.0,4.0,7.0,3.0,3.0,3.0,4.0,5.0,4.0,2.0,2.0,5.0,3.0,4.0,4.0,3.0,2.0,3.0,4.0,3.0,4.0,4.0,4.0,4.0,3.0,4.0,7.0,3.0,4.0,4.0,2.0,2.0,3.0,5.0,5.0,4.0,3.0,4.0,4.0,4.0,4.0,5.0,3.0,3.0,3.0,4.0,3.0,3.0
E0058,Other (24),Israel,1-3y,lead,remote,2,5.0,4.0,3.0,7.0,4.0,5.0,5.0,4.0,4.0,3.0,3.0,3.0,5.0,2.0,4.0,4.0,2.0,4.0,3.0,4.0,5.0,3.0,3.0,3.0,4.0,1.0,4.0,8.0,3.0,2.0,3.0,3.0,2.0,2.0,5.0,4.0,5.0,4.0,4.0,3.0,4.0,3.0,3.0,3.0,3.0,3.0,4.0,4.0,3.0
E0059,G,India,<1y,junior,hybrid,2,4.0,4.0,4.0,9.0,4.0,4.0,3.0,4.0,4.0,5.0,3.0,4.0,3.0,4.0,3.0,5.0,2.0,4.0,3.0,5.0,4.0,5.0,5.0,5.0,5.0,3.0,5.0,7.0,4.0,4.0,3.0,5.0,3.0,3.0,3.0,3.0,4.0,4.0,5.0,3.0,4.0,4.0,3.0,4.0,3.0,3.0,3.0,4.0,4.0
E0060,Other (24),India,3-5y,lead,hybrid,2,3.0,4.0,2.0,6.0,3.0,4.0,3.0,3.0,3.0,1.0,2.0,2.0,3.0,1.0,4.0,3.0,2.0,3.0,2.0,2.0,4.0,3.0,2.0,3.0,3.0,2.0,2.0,5.0,1.0,1.0,4.0,2.0,4.0,2.0,4.0,4.0,4.0,4.0,4.0,3.0,3.0,3.0,4.0,3.0,3.0,3.0,4.0,4.0,3.0
E0061,F,Israel,<1y,lead,hybrid,2,4.0,5.0,3.0,10.0,5.0,4.0,5.0,5.0,4.0,5.0,5.0,4.0,3.0,4.0,5.0,5.0,3.0,4.0,4.0,4.0,5.0,4.0,5.0,5.0,4.0,2.0,4.0,6.0,4.0,3.0,5.0,3.0,2.0,1.0,5.0,5.0,5.0,3.0,3.0,4.0,5.0,5.0,5.0,3.0,2.0,4.0,4.0,4.0,4.0
E0062,N,Israel,1-3y,mid,remote,2,4.0,4.0,3.0,10.0,5.0,3.0,3.0,3.0,5.0,3.0,3.0,3.0,5.0,4.0,4.0,3.0,3.0,2.0,4.0,4.0,4.0,4.0,3.0,3.0,3.0,3.0,4.0,7.0,3.0,3.0,5.0,4.0,4.0,4.0,4.0,4.0,3.0,2.0,3.0,3.0,5.0,5.0,5.0,3.0,3.0,3.0,2.0,2.0,3.0
E0063,Other (24),US,1-3y,mid,remote,2,2.0,3.0,4.0,5.0,3.0,4.0,3.0,3.0,3.0,2.0,2.0,3.0,3.0,2.0,2.0,3.0,3.0,1.0,2.0,4.0,2.0,4.0,3.0,3.0,5.0,2.0,3.0,5.0,3.0,1.0,4.0,3.0,2.0,1.0,4.0,2.0,3.0,4.0,2.0,4.0,5.0,4.0,3.0,2.0,2.0,4.0,4.0,4.0,4.0
E0064,Other (24),US,3-5y,mid,onsite,2,4.0,3.0,4.0,5.0,3.0,4.0,3.0,2.0,3.0,4.0,4.0,3.0,1.0,3.0,3.0,4.0,3.0,3.0,2.0,4.0,3.0,4.0,4.0,3.0,4.0,2.0,3.0,6.0,4.0,3.0,3.0,3.0,2.0,3.0,4.0,4.0,5.0,4.0,5.0,4.0,4.0,3.0,3.0,4.0,4.0,3.0,4.0,3.0,3.0
E0065,P,India,>5y,lead,hybrid,2,4.0,4.0,3.0,6.0,5.0,4.0,4.0,4.0,4.0,2.0,3.0,4.0,4.0,4.0,4.0,3.0,2.0,3.0,4.0,2.0,3.0,4.0,3.0,3.0,3.0,2.0,3.0,10.0,3.0,3.0,5.0,2.0,1.0,3.0,4.0,4.0,4.0,4.0,3.0,4.0,3.0,4.0,4.0,4.0,4.0,2.0,3.0,2.0,4.0
E0066,K,UK,>5y,junior,hybrid,2,5.0,2.0,4.0,4.0,1.0,4.0,5.0,4.0,3.0,4.0,3.0,3.0,3.0,2.0,4.0,4.0,2.0,5.0,4.0,3.0,5.0,3.0,3.0,3.0,4.0,2.0,5.0,7.0,4.0,2.0,4.0,2.0,3.0,2.0,5.0,5.0,5.0,3.0,4.0,3.0,4.0,3.0,4.0,3.0,2.0,4.0,3.0,3.0,4.0
E0067,I,US,1-3y,lead,hybrid,2,4.0,4.0,5.0,5.0,4.0,5.0,4.0,3.0,3.0,3.0,2.0,3.0,2.0,4.0,4.0,4.0,5.0,5.0,4.0,4.0,2.0,3.0,4.0,4.0,5.0,2.0,4.0,4.0,3.0,4.0,4.0,4.0,3.0,4.0,5.0,5.0,5.0,3.0,4.0,3.0,4.0,4.0,4.0,5.0,3.0,3.0,4.0,3.0,5.0
E0068,M,India,>5y,mid,hybrid,2,3.0,5.0,4.0,10.0,4.0,3.0,2.0,5.0,3.0,4.0,2.0,5.0,4.0,3.0,3.0,4.0,2.0,3.0,4.0,5.0,4.0,2.0,3.0,3.0,4.0,3.0,3.0,7.0,2.0,2.0,4.0,2.0,2.0,3.0,4.0,5.0,4.0,4.0,3.0,2.0,4.0,4.0,3.0,2.0,3.0,3.0,2.0,2.0,3.0
E0069,L,US,>5y,senior,hybrid,2,3.0,3.0,5.0,5.0,4.0,5.0,4.0,4.0,4.0,4.0,3.0,4.0,4.0,5.0,4.0,4.0,4.0,4.0,3.0,5.0,4.0,4.0,5.0,4.0,5.0,5.0,4.0,10.0,4.0,4.0,4.0,5.0,4.0,4.0,4.0,4.0,4.0,2.0,2.0,4.0,3.0,5.0,4.0,5.0,5.0,4.0,5.0,3.0,4.0
E0070,Other (24),UK,3-5y,mid,onsite,2,2.0,3.0,4.0,9.0,4.0,4.0,3.0,3.0,4.0,3.0,4.0,4.0,3.0,5.0,2.0,4.0,2.0,4.0,3.0,5.0,2.0,4.0,5.0,4.0,5.0,2.0,3.0,5.0,4.0,1.0,4.0,2.0,4.0,2.0,5.0,5.0,2.0,4.0,3.0,4.0,3.0,4.0,4.0,3.0,4.0,4.0,3.0,3.0,4.0
E0071,J,Israel,1-3y,junior,onsite,2,4.0,4.0,3.0,7.0,5.0,3.0,4.0,3.0,1.0,3.0,4.0,3.0,3.0,4.0,2.0,4.0,5.0,3.0,4.0,5.0,4.0,3.0,4.0,4.0,4.0,5.0,5.0,9.0,2.0,2.0,5.0,3.0,3.0,4.0,4.0,5.0,5.0,4.0,4.0,4.0,4.0,4.0,3.0,5.0,5.0,3.0,4.0,5.0,4.0
E0072,H,India,<1y,junior,remote,2,5.0,5.0,5.0,10.0,5.0,5.0,5.0,5.0,5.0,5.0,4.0,5.0,4.0,5.0,4.0,5.0,3.0,4.0,5.0,4.0,4.0,5.0,5.0,5.0,5.0,3.0,5.0,10.0,5.0,4.0,5.0,5.0,4.0,5.0,5.0,5.0,5.0,3.0,4.0,4.0,4.0,5.0,5.0,4.0,5.0,3.0,5.0,3.0,3.0
E0073,E,Israel,<1y,senior,remote,2,4.0,5.0,5.0,9.0,5.0,4.0,3.0,5.0,4.0,4.0,2.0,4.0,3.0,3.0,4.0,4.0,2.0,3.0,4.0,3.0,4.0,3.0,4.0,3.0,3.0,4.0,3.0,10.0,4.0,3.0,5.0,3.0,3.0,4.0,5.0,3.0,4.0,4.0,4.0,4.0,3.0,2.0,4.0,4.0,3.0,5.0,3.0,4.0,3.0
E0074,N,India,1-3y,lead,onsite,2,3.0,4.0,4.0,5.0,4.0,5.0,5.0,4.0,5.0,3.0,3.0,5.0,3.0,4.0,5.0,3.0,4.0,5.0,5.0,5.0,5.0,4.0,4.0,5.0,3.0,3.0,4.0,7.0,4.0,3.0,5.0,3.0,5.0,3.0,5.0,5.0,4.0,5.0,5.0,5.0,5.0,4.0,4.0,4.0,2.0,5.0,4.0,4.0,5.0
E0075,M,US,<1y,mid,hybrid,2,4.0,4.0,4.0,7.0,5.0,5.0,5.0,4.0,3.0,3.0,2.0,3.0,4.0,2.0,4.0,3.0,2.0,4.0,3.0,4.0,3.0,2.0,2.0,4.0,3.0,3.0,3.0,6.0,3.0,3.0,5.0,2.0,2.0,3.0,4.0,4.0,4.0,5.0,4.0,4.0,5.0,4.0,4.0,4.0,3.0,3.0,4.0,5.0,4.0
E0076,L,India,<1y,mid,remote,2,3.0,2.0,5.0,4.0,2.0,2.0,2.0,3.0,4.0,3.0,2.0,4.0,3.0,4.0,2.0,4.0,2.0,3.0,2.0,4.0,2.0,3.0,4.0,4.0,4.0,2.0,5.0,4.0,3.0,3.0,3.0,3.0,3.0,3.0,4.0,3.0,4.0,3.0,2.0,5.0,3.0,4.0,3.0,4.0,4.0,5.0,4.0,2.0,3.0
E0077,D,US,3-5y,mid,hybrid,2,3.0,5.0,4.0,5.0,5.0,4.0,4.0,3.0,3.0,4.0,3.0,4.0,2.0,4.0,5.0,5.0,3.0,3.0,3.0,5.0,3.0,5.0,5.0,4.0,4.0,4.0,4.0,5.0,4.0,5.0,5.0,2.0,3.0,5.0,4.0,4.0,4.0,4.0,3.0,3.0,4.0,4.0,3.0,3.0,2.0,4.0,3.0,3.0,4.0
E0078,O,UK,<1y,mid,remote,2,3.0,5.0,5.0,6.0,5.0,3.0,3.0,3.0,3.0,4.0,3.0,3.0,2.0,5.0,3.0,4.0,3.0,2.0,3.0,4.0,3.0,3.0,3.0,5.0,4.0,3.0,5.0,5.0,4.0,3.0,4.0,3.0,3.0,3.0,5.0,4.0,4.0,5.0,5.0,4.0,4.0,4.0,4.0,3.0,4.0,2.0,3.0,4.0,5.0
E0079,L,UK,>5y,junior,onsite,2,3.0,4.0,5.0,7.0,4.0,5.0,3.0,3.0,3.0,1.0,1.0,1.0,2.0,3.0,3.0,3.0,3.0,4.0,4.0,3.0,4.0,3.0,3.0,2.0,3.0,4.0,2.0,5.0,2.0,3.0,3.0,3.0,3.0,4.0,3.0,3.0,4.0,3.0,3.0,3.0,4.0,3.0,4.0,5.0,4.0,2.0,5.0,4.0,5.0
E0080,E,Europe,1-3y,junior,onsite,2,4.0,5.0,5.0,9.0,5.0,5.0,3.0,5.0,3.0,4.0,3.0,4.0,5.0,5.0,3.0,3.0,3.0,3.0,5.0,4.0,5.0,5.0,2.0,5.0,4.0,4.0,4.0,9.0,4.0,4.0,5.0,4.0,3.0,3.0,5.0,4.0,5.0,3.0,4.0,5.0,4.0,3.0,3.0,4.0,4.0,5.0,5.0,4.0,5.0
E0081,Other (24),UK,1-3y,junior,remote,2,2.0,3.0,3.0,6.0,3.0,3.0,3.0,3.0,2.0,2.0,2.0,3.0,2.0,3.0,3.0,3.0,4.0,3.0,3.0,2.0,2.0,2.0,2.0,4.0,3.0,3.0,2.0,5.0,3.0,4.0,4.0,5.0,4.0,3.0,3.0,4.0,3.0,4.0,2.0,2.0,2.0,2.0,3.0,4.0,4.0,3.0,4.0,2.0,3.0
E0082,C,UK,<1y,mid,remote,2,3.0,4.0,4.0,7.0,5.0,3.0,2.0,3.0,2.0,4.0,4.0,4.0,3.0,4.0,4.0,4.0,3.0,2.0,4.0,5.0,3.0,3.0,3.0,5.0,3.0,5.0,4.0,6.0,3.0,3.0,5.0,3.0,3.0,3.0,3.0,4.0,4.0,4.0,4.0,5.0,4.0,5.0,5.0,5.0,4.0,4.0,3.0,5.0,4.0
E0083,D,UK,1-3y,lead,hybrid,2,4.0,2.0,5.0,5.0,3.0,4.0,3.0,4.0,5.0,5.0,5.0,5.0,3.0,4.0,5.0,5.0,3.0,3.0,2.0,4.0,3.0,5.0,5.0,4.0,4.0,4.0,5.0,6.0,4.0,4.0,2.0,3.0,2.0,4.0,3.0,3.0,4.0,4.0,3.0,4.0,3.0,3.0,4.0,5.0,4.0,3.0,3.0,5.0,4.0
E0084,Other (24),US,1-3y,junior,remote,2,4.0,5.0,4.0,7.0,4.0,4.0,3.0,4.0,3.0,4.0,3.0,5.0,2.0,2.0,2.0,4.0,4.0,4.0,3.0,4.0,3.0,4.0,3.0,4.0,3.0,3.0,3.0,5.0,3.0,4.0,4.0,5.0,5.0,5.0,3.0,2.0,3.0,4.0,4.0,5.0,4.0,3.0,4.0,5.0,5.0,5.0,4.0,5.0,4.0
E0085,N,UK,<1y,mid,hybrid,2,4.0,5.0,4.0,7.0,4.0,3.0,3.0,3.0,4.0,5.0,4.0,4.0,4.0,5.0,5.0,4.0,2.0,4.0,4.0,4.0,5.0,5.0,4.0,4.0,3.0,3.0,5.0,9.0,4.0,2.0,5.0,4.0,3.0,4.0,4.0,4.0,4.0,5.0,3.0,3.0,4.0,5.0,4.0,3.0,4.0,4.0,4.0,4.0,4.0
E0086,R,US,<1y,mid,hybrid,2,4.0,4.0,3.0,7.0,5.0,5.0,4.0,4.0,3.0,3.0,4.0,4.0,3.0,3.0,4.0,4.0,2.0,4.0,3.0,3.0,3.0,3.0,3.0,3.0,4.0,2.0,3.0,6.0,3.0,3.0,4.0,2.0,2.0,3.0,4.0,5.0,3.0,4.0,4.0,5.0,5.0,4.0,4.0,3.0,3.0,4.0,4.0,4.0,3.0
E0087,P,US,1-3y,mid,remote,2,3.0,3.0,4.0,8.0,3.0,3.0,4.0,3.0,2.0,5.0,5.0,5.0,3.0,5.0,3.0,5.0,2.0,4.0,3.0,4.0,5.0,4.0,4.0,5.0,5.0,5.0,5.0,7.0,3.0,3.0,3.0,4.0,2.0,3.0,4.0,3.0,3.0,3.0,3.0,3.0,3.0,3.0,3.0,3.0,3.0,4.0,3.0,4.0,3.0
E0088,C,UK,3-5y,mid,hybrid,2,4.0,3.0,4.0,4.0,3.0,4.0,2.0,2.0,3.0,4.0,4.0,4.0,4.0,3.0,4.0,3.0,5.0,3.0,3.0,5.0,3.0,4.0,5.0,5.0,4.0,4.0,3.0,8.0,3.0,4.0,4.0,3.0,3.0,3.0,4.0,4.0,4.0,3.0,4.0,3.0,5.0,5.0,5.0,4.0,5.0,3.0,5.0,3.0,3.0
E0089,I,India,>5y,junior,hybrid,2,5.0,4.0,4.0,7.0,4.0,5.0,3.0,5.0,3.0,3.0,4.0,4.0,2.0,4.0,3.0,3.0,4.0,4.0,3.0,4.0,5.0,4.0,3.0,5.0,5.0,4.0,4.0,8.0,3.0,3.0,3.0,4.0,4.0,4.0,4.0,3.0,3.0,4.0,4.0,4.0,4.0,4.0,4.0,3.0,5.0,5.0,4.0,3.0,2.0
E0090,G,Europe,3-5y,senior,onsite,2,3.0,4.0,4.0,7.0,4.0,4.0,4.0,4.0,4.0,5.0,4.0,4.0,2.0,5.0,3.0,5.0,3.0,4.0,2.0,4.0,4.0,5.0,3.0,5.0,5.0,3.0,4.0,7.0,4.0,3.0,3.0,3.0,4.0,3.0,4.0,3.0,2.0,3.0,4.0,3.0,3.0,3.0,5.0,4.0,4.0,3.0,5.0,4.0,5.0
E0091,Other (24),UK,1-3y,mid,onsite,2,5.0,5.0,4.0,10.0,5.0,5.0,5.0,4.0,2.0,4.0,3.0,4.0,2.0,3.0,4.0,4.0,3.0,5.0,5.0,3.0,4.0,5.0,4.0,5.0,4.0,2.0,3.0,6.0,3.0,1.0,5.0,3.0,4.0,3.0,5.0,5.0,5.0,3.0,5.0,3.0,3.0,5.0,4.0,4.0,4.0,4.0,5.0,3.0,4.0
E0092,K,UK,1-3y,senior,remote,2,3.0,5.0,4.0,8.0,4.0,3.0,3.0,3.0,3.0,4.0,2.0,3.0,2.0,3.0,3.0,2.0,2.0,3.0,4.0,3.0,3.0,3.0,2.0,2.0,4.0,2.0,3.0,2.0,4.0,2.0,4.0,3.0,2.0,3.0,3.0,2.0,3.0,4.0,3.0,3.0,5.0,4.0,4.0,2.0,2.0,3.0,2.0,4.0,4.0
E0093,Other (24),UK,1-3y,lead,onsite,2,2.0,3.0,3.0,6.0,3.0,4.0,3.0,3.0,4.0,4.0,2.0,3.0,3.0,3.0,3.0,4.0,2.0,3.0,3.0,4.0,4.0,3.0,2.0,3.0,3.0,1.0,3.0,8.0,2.0,2.0,3.0,3.0,3.0,2.0,3.0,3.0,4.0,3.0,3.0,4.0,5.0,3.0,3.0,3.0,3.0,3.0,4.0,5.0,4.0
E0094,Other (24),UK,1-3y,junior,hybrid,2,5.0,5.0,2.0,10.0,5.0,5.0,3.0,5.0,3.0,3.0,4.0,4.0,3.0,3.0,3.0,3.0,2.0,5.0,5.0,3.0,4.0,4.0,3.0,4.0,3.0,3.0,4.0,6.0,3.0,4.0,5.0,4.0,3.0,3.0,4.0,3.0,4.0,2.0,3.0,3.0,4.0,3.0,4.0,4.0,5.0,5.0,4.0,4.0,4.0
E0095,L,UK,1-3y,mid,remote,2,3.0,2.0,5.0,4.0,3.0,3.0,3.0,3.0,2.0,4.0,3.0,3.0,4.0,4.0,3.0,3.0,3.0,3.0,2.0,2.0,3.0,3.0,3.0,4.0,4.0,3.0,3.0,7.0,2.0,3.0,4.0,3.0,3.0,2.0,3.0,4.0,2.0,3.0,4.0,3.0,4.0,2.0,3.0,3.0,4.0,4.0,5.0,2.0,2.0
E0096,B,UK,1-3y,junior,onsite,2,5.0,4.0,5.0,8.0,5.0,4.0,2.0,4.0,5.0,5.0,3.0,5.0,4.0,3.0,4.0,4.0,4.0,2.0,4.0,4.0,3.0,3.0,3.0,4.0,5.0,3.0,3.0,10.0,4.0,3.0,3.0,3.0,3.0,4.0,3.0,4.0,3.0,4.0,3.0,3.0,2.0,2.0,3.0,4.0,4.0,4.0,5.0,5.0,4.0
E0097,C,UK,>5y,mid,hybrid,2,3.0,4.0,4.0,8.0,4.0,4.0,3.0,5.0,4.0,4.0,3.0,3.0,3.0,3.0,4.0,3.0,4.0,3.0,4.0,4.0,3.0,2.0,2.0,3.0,3.0,4.0,3.0,8.0,3.0,4.0,5.0,4.0,3.0,2.0,4.0,3.0,5.0,3.0,4.0,4.0,4.0,4.0,5.0,4.0,3.0,4.0,4.0,3.0,3.0
E0098,Q,Europe,1-3y,mid,remote,2,4.0,4.0,4.0,6.0,5.0,3.0,4.0,4.0,4.0,3.0,5.0,3.0,3.0,4.0,5.0,4.0,5.0,3.0,4.0,4.0,4.0,4.0,3.0,4.0,4.0,3.0,5.0,4.0,3.0,4.0,5.0,4.0,4.0,3.0,5.0,3.0,3.0,2.0,3.0,4.0,3.0,3.0,3.0,4.0,5.0,3.0,3.0,4.0,4.0
E0099,F,US,3-5y,mid,hybrid,2,4.0,4.0,4.0,7.0,5.0,4.0,4.0,4.0,2.0,5.0,4.0,4.0,1.0,5.0,3.0,4.0,2.0,2.0,3.0,4.0,3.0,5.0,4.0,5.0,5.0,2.0,5.0,9.0,4.0,3.0,4.0,3.0,3.0,3.0,4.0,4.0,4.0,4.0,5.0,4.0,4.0,4.0,4.0,3.0,3.0,4.0,4.0,3.0,3.0
E0100,C,UK,<1y,mid,hybrid,2,3.0,5.0,5.0,9.0,5.0,4.0,4.0,4.0,5.0,4.0,5.0,4.0,5.0,5.0,4.0,5.0,5.0,2.0,5.0,5.0,3.0,4.0,5.0,5.0,5.0,5.0,4.0,10.0,3.0,5.0,5.0,3.0,3.0,4.0,5.0,5.0,5.0,5.0,5.0,5.0,4.0,3.0,5.0,5.0,5.0,5.0,4.0,4.0,5.0
E0101,I,UK,3-5y,senior,hybrid,2,4.0,3.0,5.0,6.0,4.0,3.0,3.0,3.0,2.0,4.0,2.0,4.0,2.0,3.0,3.0,4.0,3.0,3.0,3.0,4.0,3.0,4.0,5.0,4.0,5.0,2.0,4.0,5.0,3.0,3.0,3.0,3.0,3.0,4.0,3.0,3.0,4.0,3.0,4.0,4.0,3.0,3.0,4.0,3.0,3.0,3.0,3.0,2.0,2.0
E0102,J,Israel,3-5y,mid,hybrid,2,3.0,3.0,3.0,4.0,3.0,4.0,3.0,3.0,2.0,4.0,2.0,4.0,2.0,3.0,3.0,4.0,2.0,3.0,3.0,4.0,4.0,3.0,4.0,4.0,4.0,2.0,4.0,4.0,4.0,2.0,4.0,3.0,2.0,3.0,4.0,4.0,3.0,3.0,3.0,3.0,4.0,5.0,5.0,3.0,3.0,4.0,4.0,4.0,3.0
E0103,Other (24),India,>5y,senior,hybrid,2,3.0,4.0,4.0,6.0,3.0,4.0,3.0,4.0,3.0,5.0,3.0,5.0,3.0,5.0,4.0,4.0,4.0,4.0,4.0,5.0,3.0,4.0,5.0,3.0,4.0,3.0,4.0,9.0,4.0,4.0,4.0,3.0,4.0,3.0,4.0,4.0,4.0,5.0,4.0,3.0,3.0,3.0,3.0,5.0,5.0,3.0,4.0,4.0,3.0
E0104,Other (24),US,<1y,junior,remote,2,3.0,3.0,3.0,9.0,5.0,5.0,3.0,5.0,5.0,4.0,3.0,4.0,4.0,2.0,3.0,4.0,3.0,3.0,4.0,5.0,3.0,3.0,4.0,4.0,5.0,2.0,4.0,10.0,4.0,2.0,5.0,3.0,4.0,3.0,4.0,3.0,3.0,3.0,3.0,4.0,2.0,3.0,3.0,3.0,5.0,5.0,5.0,3.0,3.0
E0105,P,India,1-3y,mid,remote,2,3.0,4.0,4.0,7.0,5.0,4.0,4.0,4.0,3.0,3.0,4.0,4.0,2.0,4.0,3.0,3.0,4.0,3.0,3.0,3.0,2.0,4.0,4.0,3.0,4.0,4.0,4.0,7.0,3.0,2.0,5.0,2.0,1.0,3.0,3.0,4.0,4.0,3.0,4.0,3.0,3.0,3.0,3.0,3.0,4.0,4.0,3.0,3.0,4.0
E0106,M,US,3-5y,senior,onsite,2,4.0,3.0,5.0,8.0,3.0,5.0,5.0,3.0,3.0,4.0,3.0,4.0,4.0,4.0,4.0,3.0,2.0,4.0,3.0,4.0,5.0,4.0,4.0,4.0,4.0,4.0,3.0,6.0,3.0,4.0,3.0,3.0,3.0,5.0,3.0,4.0,2.0,4.0,4.0,5.0,4.0,5.0,4.0,5.0,5.0,4.0,4.0,3.0,5.0
E0107,E,UK,>5y,senior,onsite,2,5.0,4.0,4.0,9.0,5.0,5.0,4.0,5.0,2.0,4.0,3.0,5.0,2.0,4.0,5.0,3.0,5.0,5.0,4.0,4.0,5.0,5.0,4.0,4.0,4.0,4.0,5.0,8.0,4.0,5.0,5.0,4.0,3.0,5.0,3.0,3.0,3.0,4.0,3.0,3.0,3.0,5.0,5.0,4.0,4.0,5.0,4.0,5.0,4.0
E0108,P,Europe,1-3y,senior,hybrid,2,3.0,4.0,5.0,8.0,5.0,4.0,3.0,5.0,3.0,4.0,3.0,3.0,4.0,5.0,3.0,5.0,4.0,3.0,5.0,4.0,4.0,5.0,4.0,5.0,4.0,4.0,5.0,8.0,5.0,4.0,5.0,2.0,4.0,4.0,5.0,3.0,4.0,3.0,2.0,3.0,4.0,4.0,3.0,4.0,4.0,3.0,3.0,3.0,3.0
E0109,C,US,1-3y,mid,hybrid,2,2.0,2.0,4.0,8.0,4.0,3.0,3.0,3.0,3.0,5.0,3.0,2.0,3.0,3.0,4.0,3.0,4.0,3.0,3.0,3.0,2.0,3.0,3.0,3.0,3.0,4.0,3.0,7.0,3.0,4.0,5.0,3.0,3.0,3.0,3.0,4.0,3.0,3.0,3.0,3.0,5.0,5.0,5.0,4.0,4.0,4.0,4.0,4.0,3.0
E0110,J,UK,1-3y,mid,remote,2,2.0,3.0,3.0,6.0,3.0,4.0,3.0,4.0,2.0,1.0,2.0,4.0,4.0,2.0,3.0,3.0,2.0,3.0,4.0,3.0,4.0,3.0,3.0,3.0,3.0,3.0,3.0,6.0,2.0,1.0,5.0,2.0,1.0,3.0,5.0,4.0,3.0,4.0,3.0,2.0,3.0,3.0,3.0,3.0,4.0,5.0,5.0,4.0,4.0
E0111,Other (24),UK,<1y,senior,hybrid,2,2.0,3.0,3.0,4.0,3.0,5.0,3.0,3.0,1.0,5.0,1.0,3.0,2.0,3.0,2.0,4.0,2.0,4.0,3.0,3.0,3.0,3.0,2.0,4.0,4.0,2.0,3.0,5.0,3.0,3.0,4.0,3.0,2.0,3.0,3.0,3.0,3.0,4.0,3.0,3.0,4.0,3.0,5.0,3.0,5.0,3.0,4.0,3.0,4.0
E0112,B,UK,<1y,junior,remote,2,4.0,4.0,5.0,7.0,4.0,3.0,4.0,4.0,5.0,4.0,4.0,5.0,4.0,4.0,4.0,3.0,4.0,2.0,3.0,5.0,3.0,3.0,3.0,5.0,5.0,5.0,4.0,9.0,4.0,3.0,5.0,4.0,4.0,3.0,4.0,4.0,5.0,3.0,3.0,3.0,4.0,5.0,3.0,4.0,4.0,5.0,5.0,4.0,4.0
E0113,K,Israel,1-3y,mid,hybrid,2,4.0,3.0,4.0,5.0,3.0,3.0,3.0,3.0,3.0,5.0,4.0,3.0,3.0,2.0,3.0,4.0,3.0,3.0,2.0,3.0,4.0,3.0,3.0,4.0,3.0,3.0,4.0,3.0,3.0,3.0,4.0,3.0,3.0,4.0,3.0,4.0,3.0,3.0,3.0,4.0,3.0,3.0,4.0,5.0,5.0,4.0,4.0,2.0,3.0
E0114,O,UK,1-3y,senior,onsite,2,3.0,5.0,4.0,4.0,4.0,3.0,2.0,3.0,2.0,3.0,3.0,3.0,2.0,1.0,2.0,2.0,3.0,2.0,4.0,4.0,4.0,4.0,3.0,3.0,3.0,2.0,3.0,4.0,3.0,3.0,3.0,3.0,2.0,3.0,4.0,3.0,3.0,4.0,4.0,3.0,4.0,4.0,3.0,4.0,3.0,3.0,4.0,4.0,3.0
E0115,O,US,1-3y,mid,hybrid,2,3.0,4.0,5.0,7.0,5.0,3.0,3.0,4.0,3.0,3.0,3.0,2.0,2.0,3.0,4.0,3.0,3.0,2.0,4.0,4.0,4.0,3.0,4.0,2.0,4.0,3.0,2.0,4.0,3.0,3.0,3.0,3.0,3.0,4.0,2.0,3.0,2.0,3.0,4.0,3.0,3.0,5.0,3.0,4.0,3.0,3.0,3.0,4.0,4.0
E0116,Q,India,1-3y,senior,remote,2,5.0,4.0,4.0,8.0,5.0,5.0,5.0,5.0,5.0,4.0,5.0,5.0,4.0,3.0,5.0,5.0,5.0,3.0,4.0,4.0,4.0,4.0,5.0,4.0,5.0,4.0,4.0,9.0,5.0,3.0,5.0,3.0,3.0,4.0,5.0,5.0,5.0,4.0,4.0,5.0,4.0,3.0,4.0,5.0,5.0,5.0,5.0,4.0,3.0
E0117,Other (24),US,>5y,junior,hybrid,2,3.0,5.0,3.0,8.0,5.0,4.0,3.0,5.0,2.0,4.0,3.0,3.0,2.0,3.0,3.0,4.0,3.0,3.0,5.0,4.0,4.0,3.0,3.0,3.0,4.0,3.0,4.0,7.0,3.0,2.0,4.0,3.0,4.0,3.0,4.0,3.0,3.0,4.0,4.0,4.0,4.0,5.0,5.0,4.0,5.0,4.0,4.0,4.0,3.0
E0118,I,Europe,1-3y,junior,hybrid,2,4.0,3.0,5.0,6.0,4.0,4.0,3.0,3.0,3.0,5.0,4.0,4.0,2.0,4.0,4.0,3.0,4.0,4.0,3.0,5.0,4.0,4.0,4.0,4.0,5.0,4.0,4.0,7.0,3.0,3.0,4.0,4.0,4.0,3.0,3.0,4.0,4.0,4.0,4.0,4.0,4.0,5.0,3.0,5.0,5.0,5.0,5.0,4.0,3.0
E0119,E,India,1-3y,senior,hybrid,2,3.0,4.0,5.0,7.0,5.0,5.0,3.0,5.0,1.0,4.0,2.0,5.0,3.0,2.0,4.0,2.0,4.0,5.0,2.0,3.0,4.0,3.0,3.0,4.0,3.0,4.0,3.0,8.0,4.0,4.0,5.0,2.0,3.0,3.0,4.0,2.0,4.0,4.0,5.0,4.0,4.0,4.0,5.0,3.0,3.0,4.0,3.0,5.0,4.0
E0120,M,UK,1-3y,junior,onsite,2,4.0,4.0,4.0,5.0,3.0,5.0,4.0,4.0,2.0,3.0,2.0,5.0,2.0,3.0,3.0,4.0,1.0,3.0,3.0,5.0,4.0,3.0,4.0,3.0,4.0,3.0,4.0,5.0,2.0,2.0,4.0,2.0,1.0,3.0,3.0,3.0,3.0,3.0,4.0,4.0,4.0,3.0,4.0,3.0,4.0,4.0,4.0,5.0,3.0
E0121,Other (24),India,<1y,mid,remote,2,3.0,4.0,3.0,8.0,5.0,4.0,4.0,3.0,2.0,4.0,3.0,3.0,3.0,2.0,4.0,4.0,2.0,4.0,4.0,5.0,3.0,4.0,2.0,4.0,3.0,3.0,4.0,8.0,3.0,1.0,4.0,2.0,2.0,2.0,4.0,3.0,4.0,3.0,5.0,2.0,4.0,4.0,5.0,3.0,3.0,4.0,3.0,4.0,4.0
E0122,Other (24),Europe,<1y,mid,onsite,2,3.0,4.0,5.0,5.0,3.0,3.0,3.0,2.0,3.0,4.0,4.0,4.0,3.0,4.0,2.0,4.0,1.0,3.0,2.0,4.0,2.0,4.0,4.0,5.0,4.0,1.0,4.0,8.0,4.0,3.0,2.0,3.0,3.0,1.0,2.0,3.0,2.0,4.0,3.0,5.0,5.0,4.0,5.0,3.0,4.0,3.0,4.0,4.0,4.0
E0123,A,Israel,1-3y,junior,hybrid,2,3.0,4.0,3.0,4.0,4.0,4.0,3.0,3.0,2.0,4.0,4.0,3.0,2.0,4.0,4.0,3.0,1.0,4.0,3.0,3.0,3.0,4.0,4.0,4.0,4.0,2.0,3.0,5.0,3.0,2.0,4.0,3.0,3.0,2.0,4.0,4.0,5.0,3.0,3.0,3.0,5.0,4.0,4.0,3.0,2.0,4.0,5.0,5.0,5.0
E0124,F,UK,1-3y,junior,onsite,2,3.0,2.0,3.0,1.0,2.0,4.0,3.0,2.0,3.0,3.0,2.0,3.0,3.0,3.0,3.0,3.0,3.0,4.0,2.0,3.0,3.0,4.0,4.0,3.0,3.0,3.0,3.0,8.0,1.0,4.0,2.0,2.0,3.0,3.0,3.0,3.0,4.0,4.0,4.0,3.0,3.0,3.0,2.0,3.0,3.0,4.0,4.0,4.0,3.0
E0125,C,US,>5y,mid,onsite,2,2.0,3.0,3.0,6.0,3.0,3.0,2.0,3.0,5.0,3.0,4.0,3.0,4.0,4.0,4.0,4.0,5.0,2.0,2.0,3.0,3.0,2.0,3.0,4.0,4.0,4.0,3.0,10.0,3.0,4.0,4.0,4.0,3.0,4.0,4.0,4.0,4.0,5.0,5.0,5.0,5.0,5.0,4.0,5.0,4.0,3.0,4.0,3.0,3.0
E0126,E,Israel,<1y,junior,hybrid,2,4.0,3.0,5.0,8.0,4.0,4.0,3.0,4.0,4.0,3.0,2.0,3.0,4.0,2.0,4.0,3.0,2.0,4.0,4.0,3.0,4.0,4.0,2.0,2.0,3.0,3.0,3.0,10.0,3.0,2.0,4.0,1.0,2.0,3.0,4.0,5.0,5.0,4.0,3.0,3.0,3.0,2.0,3.0,3.0,3.0,3.0,3.0,3.0,2.0
E0127,Other (24),US,>5y,lead,hybrid,2,4.0,5.0,4.0,7.0,4.0,4.0,4.0,3.0,4.0,4.0,4.0,5.0,4.0,3.0,2.0,4.0,2.0,4.0,3.0,3.0,3.0,5.0,5.0,5.0,5.0,1.0,3.0,7.0,4.0,2.0,3.0,4.0,3.0,1.0,4.0,3.0,3.0,4.0,4.0,3.0,5.0,3.0,5.0,4.0,4.0,3.0,4.0,4.0,4.0
E0128,I,Israel,1-3y,mid,onsite,2,4.0,4.0,5.0,9.0,3.0,4.0,3.0,4.0,3.0,2.0,2.0,1.0,2.0,2.0,3.0,1.0,3.0,3.0,4.0,4.0,3.0,3.0,2.0,3.0,3.0,2.0,3.0,7.0,2.0,3.0,4.0,4.0,3.0,4.0,3.0,3.0,3.0,2.0,2.0,3.0,4.0,4.0,5.0,3.0,3.0,4.0,2.0,3.0,3.0
E0129,M,India,1-3y,junior,hybrid,2,3.0,4.0,5.0,7.0,5.0,3.0,3.0,4.0,4.0,3.0,4.0,4.0,4.0,3.0,4.0,4.0,2.0,4.0,5.0,5.0,2.0,3.0,5.0,4.0,5.0,4.0,4.0,7.0,4.0,3.0,3.0,3.0,2.0,2.0,4.0,4.0,3.0,3.0,3.0,3.0,3.0,3.0,3.0,3.0,2.0,3.0,4.0,4.0,3.0
E0130,R,UK,1-3y,senior,hybrid,2,2.0,4.0,3.0,6.0,3.0,2.0,2.0,3.0,3.0,3.0,3.0,2.0,3.0,2.0,2.0,3.0,2.0,3.0,2.0,3.0,2.0,2.0,2.0,1.0,2.0,2.0,3.0,6.0,1.0,3.0,4.0,2.0,2.0,3.0,3.0,2.0,3.0,3.0,4.0,3.0,2.0,4.0,4.0,4.0,3.0,4.0,4.0,3.0,3.0
E0131,Other (24),India,1-3y,senior,remote,2,5.0,3.0,4.0,5.0,2.0,5.0,4.0,4.0,3.0,4.0,3.0,4.0,2.0,2.0,3.0,4.0,2.0,5.0,3.0,5.0,4.0,5.0,3.0,5.0,4.0,2.0,5.0,6.0,3.0,2.0,2.0,2.0,3.0,2.0,3.0,4.0,5.0,4.0,4.0,4.0,4.0,3.0,4.0,2.0,4.0,4.0,4.0,4.0,3.0
E0132,Other (24),Europe,1-3y,mid,hybrid,2,5.0,5.0,5.0,8.0,3.0,5.0,4.0,3.0,1.0,4.0,4.0,5.0,2.0,4.0,2.0,4.0,1.0,5.0,4.0,5.0,3.0,4.0,4.0,4.0,5.0,2.0,5.0,6.0,3.0,2.0,3.0,2.0,3.0,1.0,5.0,4.0,2.0,4.0,4.0,4.0,3.0,3.0,4.0,5.0,4.0,5.0,4.0,3.0,4.0
E0133,K,Israel,3-5y,junior,hybrid,2,3.0,4.0,5.0,9.0,4.0,3.0,4.0,5.0,2.0,5.0,4.0,5.0,2.0,5.0,3.0,5.0,3.0,4.0,5.0,5.0,4.0,5.0,4.0,4.0,5.0,2.0,5.0,2.0,4.0,3.0,4.0,3.0,5.0,4.0,3.0,4.0,4.0,4.0,4.0,3.0,4.0,5.0,5.0,5.0,4.0,5.0,3.0,5.0,3.0
E0134,Other (24),UK,1-3y,senior,hybrid,2,4.0,5.0,3.0,7.0,4.0,3.0,4.0,3.0,2.0,3.0,2.0,3.0,3.0,2.0,3.0,2.0,1.0,4.0,2.0,3.0,4.0,3.0,2.0,4.0,5.0,1.0,3.0,4.0,4.0,2.0,3.0,2.0,1.0,1.0,3.0,3.0,4.0,3.0,3.0,4.0,3.0,3.0,3.0,3.0,2.0,4.0,4.0,4.0,2.0
E0135,L,Israel,>5y,junior,remote,2,2.0,3.0,4.0,4.0,4.0,2.0,2.0,3.0,4.0,4.0,1.0,4.0,4.0,4.0,3.0,3.0,2.0,2.0,2.0,4.0,3.0,4.0,2.0,4.0,4.0,3.0,4.0,9.0,3.0,1.0,3.0,3.0,2.0,1.0,3.0,4.0,2.0,4.0,2.0,3.0,3.0,4.0,2.0,4.0,4.0,3.0,3.0,3.0,3.0
E0136,P,UK,3-5y,senior,hybrid,2,4.0,4.0,5.0,8.0,5.0,4.0,5.0,4.0,3.0,5.0,4.0,5.0,3.0,5.0,4.0,4.0,2.0,4.0,5.0,3.0,5.0,5.0,4.0,4.0,5.0,3.0,4.0,7.0,5.0,2.0,5.0,3.0,2.0,3.0,5.0,3.0,4.0,3.0,4.0,4.0,2.0,3.0,4.0,3.0,3.0,3.0,4.0,4.0,5.0
E0137,F,UK,>5y,mid,hybrid,2,4.0,4.0,3.0,4.0,4.0,4.0,3.0,3.0,3.0,1.0,2.0,2.0,4.0,3.0,5.0,3.0,2.0,4.0,3.0,3.0,4.0,4.0,3.0,3.0,4.0,3.0,2.0,5.0,2.0,3.0,3.0,3.0,3.0,5.0,2.0,3.0,3.0,4.0,3.0,3.0,4.0,4.0,2.0,5.0,4.0,3.0,3.0,4.0,4.0
E0138,D,US,>5y,junior,onsite,2,4.0,5.0,4.0,9.0,5.0,5.0,5.0,5.0,4.0,5.0,5.0,5.0,3.0,5.0,5.0,4.0,4.0,5.0,5.0,5.0,4.0,5.0,4.0,4.0,5.0,5.0,5.0,6.0,5.0,5.0,4.0,5.0,4.0,5.0,5.0,5.0,5.0,5.0,5.0,5.0,4.0,5.0,3.0,5.0,5.0,5.0,4.0,5.0,5.0
E0139,H,India,<1y,senior,remote,2,5.0,5.0,5.0,10.0,5.0,5.0,5.0,4.0,4.0,5.0,5.0,5.0,5.0,5.0,5.0,4.0,3.0,4.0,5.0,5.0,5.0,5.0,5.0,5.0,5.0,4.0,5.0,10.0,5.0,5.0,5.0,4.0,4.0,4.0,3.0,3.0,3.0,5.0,4.0,4.0,3.0,3.0,3.0,4.0,4.0,4.0,4.0,4.0,5.0
E0140,Other (24),Europe,1-3y,junior,remote,2,4.0,5.0,5.0,10.0,5.0,3.0,4.0,5.0,3.0,5.0,5.0,5.0,4.0,5.0,2.0,5.0,4.0,5.0,5.0,5.0,4.0,5.0,5.0,5.0,5.0,4.0,5.0,7.0,4.0,3.0,5.0,4.0,4.0,3.0,5.0,5.0,4.0,5.0,5.0,5.0,3.0,3.0,2.0,4.0,5.0,5.0,5.0,4.0,4.0
E0141,L,UK,<1y,mid,onsite,2,4.0,4.0,4.0,5.0,4.0,4.0,4.0,3.0,3.0,4.0,3.0,2.0,3.0,3.0,5.0,4.0,2.0,4.0,3.0,5.0,5.0,2.0,4.0,5.0,3.0,3.0,5.0,9.0,2.0,1.0,4.0,3.0,2.0,1.0,4.0,4.0,5.0,3.0,2.0,3.0,4.0,4.0,5.0,3.0,3.0,4.0,3.0,4.0,4.0
E0142,R,India,>5y,junior,hybrid,2,4.0,5.0,2.0,9.0,4.0,4.0,4.0,4.0,5.0,4.0,3.0,4.0,4.0,3.0,4.0,3.0,3.0,5.0,4.0,3.0,4.0,4.0,3.0,3.0,5.0,4.0,3.0,10.0,3.0,3.0,4.0,3.0,3.0,2.0,5.0,5.0,5.0,5.0,5.0,5.0,4.0,5.0,5.0,4.0,4.0,3.0,4.0,4.0,3.0
E0143,A,UK,1-3y,mid,remote,2,4.0,4.0,3.0,7.0,3.0,3.0,3.0,4.0,4.0,4.0,3.0,4.0,3.0,4.0,4.0,4.0,3.0,5.0,3.0,5.0,3.0,4.0,3.0,4.0,4.0,3.0,3.0,8.0,3.0,5.0,3.0,4.0,4.0,5.0,5.0,4.0,4.0,5.0,3.0,3.0,3.0,4.0,4.0,5.0,3.0,2.0,3.0,4.0,4.0
E0144,K,US,3-5y,senior,hybrid,2,2.0,2.0,4.0,5.0,3.0,1.0,3.0,3.0,4.0,3.0,3.0,3.0,4.0,2.0,2.0,2.0,3.0,1.0,3.0,4.0,1.0,2.0,2.0,3.0,2.0,2.0,3.0,4.0,3.0,2.0,4.0,2.0,2.0,3.0,4.0,3.0,3.0,4.0,4.0,4.0,3.0,4.0,4.0,3.0,3.0,3.0,3.0,2.0,2.0
E0145,L,US,<1y,junior,hybrid,2,4.0,3.0,4.0,4.0,2.0,4.0,4.0,2.0,3.0,3.0,3.0,2.0,3.0,3.0,5.0,3.0,2.0,3.0,3.0,4.0,3.0,4.0,3.0,4.0,3.0,2.0,3.0,7.0,2.0,3.0,3.0,2.0,1.0,1.0,3.0,3.0,2.0,5.0,4.0,3.0,3.0,4.0,4.0,4.0,2.0,3.0,3.0,3.0,3.0
E0146,D,UK,3-5y,senior,hybrid,2,4.0,4.0,5.0,5.0,4.0,4.0,1.0,4.0,3.0,4.0,3.0,4.0,2.0,5.0,5.0,3.0,2.0,3.0,4.0,3.0,4.0,3.0,3.0,3.0,3.0,3.0,4.0,6.0,3.0,3.0,4.0,2.0,2.0,3.0,5.0,4.0,5.0,3.0,4.0,4.0,4.0,4.0,3.0,3.0,4.0,4.0,4.0,3.0,2.0
E0147,P,UK,<1y,senior,hybrid,2,2.0,4.0,3.0,5.0,4.0,2.0,2.0,3.0,3.0,5.0,4.0,4.0,4.0,4.0,2.0,3.0,3.0,3.0,4.0,3.0,2.0,4.0,3.0,4.0,4.0,3.0,5.0,9.0,4.0,2.0,5.0,2.0,2.0,2.0,4.0,4.0,4.0,2.0,3.0,3.0,4.0,4.0,5.0,3.0,4.0,2.0,3.0,4.0,3.0
E0148,A,UK,1-3y,junior,hybrid,2,4.0,3.0,4.0,7.0,5.0,2.0,3.0,5.0,4.0,5.0,2.0,4.0,3.0,4.0,3.0,4.0,3.0,3.0,4.0,4.0,4.0,5.0,5.0,4.0,2.0,2.0,3.0,8.0,3.0,3.0,4.0,3.0,4.0,2.0,4.0,4.0,4.0,5.0,4.0,5.0,4.0,4.0,5.0,4.0,4.0,4.0,5.0,2.0,3.0
E0149,Other (24),US,1-3y,junior,hybrid,2,5.0,4.0,4.0,7.0,4.0,5.0,4.0,3.0,3.0,5.0,3.0,4.0,5.0,3.0,3.0,4.0,2.0,5.0,3.0,3.0,5.0,3.0,3.0,5.0,4.0,2.0,4.0,6.0,3.0,2.0,4.0,3.0,3.0,3.0,4.0,4.0,3.0,2.0,3.0,3.0,5.0,5.0,5.0,3.0,4.0,3.0,3.0,5.0,5.0
E0150,Q,Europe,1-3y,junior,hybrid,2,4.0,5.0,4.0,7.0,5.0,3.0,4.0,5.0,3.0,4.0,3.0,4.0,3.0,3.0,5.0,4.0,3.0,2.0,5.0,4.0,3.0,3.0,4.0,3.0,4.0,2.0,4.0,6.0,2.0,2.0,5.0,4.0,2.0,3.0,5.0,4.0,4.0,4.0,4.0,4.0,5.0,4.0,5.0,4.0,3.0,5.0,5.0,3.0,3.0
E0151,N,US,1-3y,junior,hybrid,2,5.0,3.0,4.0,8.0,5.0,5.0,4.0,3.0,3.0,3.0,4.0,4.0,3.0,5.0,5.0,3.0,3.0,5.0,4.0,5.0,5.0,5.0,4.0,5.0,3.0,3.0,5.0,5.0,5.0,4.0,4.0,5.0,3.0,4.0,4.0,3.0,3.0,4.0,3.0,4.0,3.0,4.0,4.0,5.0,4.0,4.0,5.0,5.0,5.0
E0152,Other (24),US,3-5y,mid,remote,2,3.0,5.0,4.0,9.0,5.0,4.0,4.0,5.0,2.0,3.0,3.0,4.0,2.0,3.0,3.0,4.0,1.0,4.0,4.0,4.0,3.0,3.0,4.0,3.0,3.0,2.0,3.0,5.0,3.0,2.0,4.0,2.0,3.0,2.0,4.0,4.0,4.0,4.0,4.0,5.0,5.0,4.0,5.0,3.0,4.0,3.0,5.0,5.0,4.0
E0153,F,Israel,1-3y,mid,hybrid,2,2.0,3.0,2.0,5.0,4.0,4.0,3.0,2.0,3.0,3.0,2.0,1.0,4.0,1.0,4.0,2.0,2.0,3.0,3.0,1.0,3.0,3.0,2.0,2.0,1.0,1.0,4.0,7.0,2.0,1.0,4.0,2.0,2.0,3.0,3.0,4.0,3.0,3.0,4.0,2.0,4.0,3.0,3.0,3.0,2.0,3.0,2.0,3.0,3.0
E0154,Other (24),UK,1-3y,junior,remote,2,4.0,4.0,4.0,7.0,4.0,5.0,5.0,5.0,4.0,3.0,4.0,5.0,4.0,3.0,3.0,4.0,2.0,5.0,4.0,5.0,4.0,4.0,4.0,4.0,4.0,2.0,4.0,7.0,4.0,1.0,4.0,3.0,2.0,2.0,5.0,5.0,5.0,4.0,4.0,2.0,3.0,4.0,3.0,3.0,4.0,4.0,4.0,3.0,3.0
E0155,Other (24),India,3-5y,senior,hybrid,2,4.0,4.0,4.0,8.0,4.0,4.0,3.0,3.0,3.0,3.0,3.0,5.0,3.0,4.0,2.0,4.0,3.0,4.0,4.0,4.0,4.0,3.0,3.0,4.0,4.0,3.0,3.0,7.0,2.0,3.0,4.0,4.0,5.0,3.0,3.0,3.0,3.0,5.0,5.0,5.0,5.0,4.0,5.0,4.0,5.0,3.0,4.0,5.0,4.0
E0156,L,UK,<1y,senior,hybrid,2,4.0,2.0,4.0,7.0,3.0,3.0,3.0,3.0,2.0,2.0,3.0,2.0,1.0,2.0,1.0,3.0,3.0,2.0,2.0,3.0,3.0,3.0,3.0,4.0,3.0,3.0,5.0,5.0,3.0,2.0,4.0,4.0,2.0,2.0,4.0,4.0,4.0,4.0,4.0,3.0,5.0,4.0,4.0,4.0,4.0,2.0,3.0,4.0,4.0
E0157,L,UK,<1y,senior,onsite,2,4.0,4.0,5.0,3.0,3.0,4.0,4.0,4.0,3.0,4.0,2.0,3.0,3.0,3.0,5.0,3.0,3.0,5.0,4.0,5.0,4.0,3.0,3.0,5.0,4.0,3.0,4.0,6.0,3.0,4.0,3.0,4.0,4.0,3.0,5.0,4.0,4.0,3.0,4.0,4.0,5.0,5.0,5.0,4.0,5.0,4.0,4.0,3.0,3.0
E0158,B,Israel,<1y,senior,hybrid,2,4.0,3.0,4.0,8.0,4.0,3.0,4.0,4.0,3.0,3.0,2.0,3.0,4.0,3.0,4.0,2.0,3.0,5.0,4.0,3.0,4.0,2.0,2.0,2.0,4.0,2.0,3.0,9.0,2.0,3.0,4.0,1.0,2.0,2.0,3.0,2.0,2.0,3.0,4.0,5.0,3.0,3.0,4.0,4.0,3.0,4.0,4.0,4.0,3.0
E0159,N,Europe,<1y,mid,hybrid,2,4.0,4.0,4.0,8.0,5.0,4.0,2.0,3.0,5.0,4.0,4.0,5.0,5.0,4.0,5.0,5.0,5.0,4.0,3.0,5.0,3.0,5.0,4.0,4.0,3.0,4.0,4.0,7.0,5.0,3.0,5.0,3.0,4.0,5.0,5.0,3.0,5.0,3.0,3.0,2.0,5.0,5.0,5.0,4.0,5.0,5.0,4.0,4.0,3.0
E0160,Q,Israel,1-3y,mid,remote,2,4.0,3.0,4.0,6.0,4.0,4.0,2.0,5.0,4.0,4.0,3.0,3.0,3.0,4.0,5.0,4.0,2.0,5.0,3.0,4.0,5.0,4.0,4.0,4.0,4.0,1.0,3.0,9.0,4.0,1.0,5.0,3.0,1.0,2.0,4.0,4.0,3.0,4.0,5.0,5.0,4.0,3.0,4.0,3.0,2.0,3.0,3.0,3.0,4.0
E0161,K,US,3-5y,senior,remote,2,4.0,3.0,4.0,7.0,4.0,3.0,3.0,3.0,4.0,4.0,3.0,2.0,4.0,3.0,4.0,3.0,2.0,4.0,3.0,3.0,4.0,2.0,3.0,3.0,4.0,2.0,4.0,4.0,3.0,3.0,4.0,3.0,3.0,3.0,4.0,5.0,4.0,4.0,4.0,4.0,3.0,4.0,3.0,3.0,3.0,3.0,4.0,4.0,3.0
E0162,H,US,<1y,junior,onsite,2,4.0,5.0,5.0,10.0,5.0,5.0,5.0,5.0,5.0,4.0,4.0,5.0,5.0,3.0,4.0,5.0,4.0,4.0,5.0,4.0,5.0,5.0,4.0,5.0,5.0,5.0,5.0,9.0,3.0,5.0,5.0,4.0,4.0,4.0,3.0,5.0,4.0,4.0,4.0,5.0,4.0,5.0,5.0,5.0,5.0,3.0,4.0,3.0,3.0
E0163,I,India,<1y,senior,remote,2,3.0,4.0,3.0,5.0,3.0,5.0,4.0,3.0,3.0,3.0,2.0,2.0,3.0,3.0,2.0,2.0,3.0,3.0,3.0,2.0,4.0,3.0,3.0,3.0,3.0,2.0,2.0,7.0,3.0,2.0,4.0,4.0,3.0,3.0,2.0,2.0,3.0,5.0,3.0,4.0,3.0,1.0,2.0,3.0,4.0,3.0,2.0,4.0,3.0
E0164,Other (24),UK,1-3y,senior,onsite,2,4.0,4.0,5.0,7.0,4.0,3.0,3.0,4.0,3.0,4.0,4.0,4.0,2.0,4.0,2.0,5.0,2.0,3.0,5.0,5.0,4.0,4.0,4.0,5.0,5.0,1.0,4.0,6.0,5.0,2.0,3.0,3.0,3.0,1.0,3.0,3.0,3.0,3.0,4.0,3.0,5.0,3.0,4.0,2.0,3.0,3.0,4.0,4.0,4.0
E0165,H,India,1-3y,junior,hybrid,2,5.0,5.0,5.0,10.0,4.0,5.0,5.0,5.0,3.0,4.0,4.0,5.0,3.0,4.0,4.0,5.0,4.0,4.0,4.0,5.0,4.0,5.0,5.0,5.0,5.0,4.0,5.0,8.0,3.0,4.0,5.0,5.0,4.0,4.0,5.0,4.0,4.0,5.0,5.0,5.0,5.0,5.0,5.0,3.0,3.0,4.0,5.0,4.0,4.0
E0166,Other (24),US,<1y,senior,remote,2,4.0,5.0,3.0,10.0,5.0,5.0,5.0,4.0,3.0,4.0,2.0,3.0,3.0,3.0,4.0,3.0,1.0,5.0,3.0,4.0,5.0,3.0,4.0,4.0,3.0,2.0,3.0,4.0,2.0,2.0,5.0,2.0,3.0,2.0,4.0,4.0,4.0,3.0,4.0,3.0,4.0,5.0,5.0,4.0,3.0,3.0,3.0,4.0,5.0
E0167,N,Europe,1-3y,mid,onsite,2,4.0,4.0,5.0,8.0,5.0,5.0,4.0,2.0,4.0,4.0,4.0,3.0,3.0,5.0,4.0,3.0,4.0,3.0,4.0,4.0,4.0,5.0,4.0,4.0,3.0,4.0,4.0,6.0,5.0,3.0,5.0,4.0,4.0,4.0,5.0,4.0,4.0,3.0,2.0,4.0,2.0,3.0,3.0,4.0,5.0,3.0,3.0,4.0,3.0
E0168,R,US,1-3y,mid,hybrid,2,3.0,4.0,4.0,6.0,3.0,3.0,4.0,4.0,2.0,5.0,5.0,5.0,2.0,4.0,2.0,4.0,2.0,3.0,3.0,4.0,3.0,5.0,3.0,4.0,5.0,3.0,4.0,5.0,4.0,4.0,4.0,4.0,4.0,3.0,3.0,3.0,4.0,3.0,3.0,3.0,3.0,4.0,4.0,4.0,5.0,1.0,3.0,4.0,4.0
E0169,C,UK,1-3y,junior,hybrid,2,3.0,3.0,5.0,7.0,4.0,3.0,2.0,3.0,5.0,5.0,2.0,3.0,4.0,3.0,3.0,3.0,4.0,3.0,3.0,4.0,2.0,3.0,2.0,4.0,3.0,5.0,3.0,9.0,2.0,3.0,5.0,3.0,2.0,3.0,3.0,4.0,3.0,1.0,2.0,4.0,2.0,3.0,2.0,3.0,4.0,3.0,5.0,2.0,2.0
E0170,R,Israel,1-3y,junior,remote,2,5.0,5.0,2.0,8.0,3.0,5.0,5.0,4.0,4.0,3.0,2.0,3.0,4.0,3.0,3.0,3.0,3.0,4.0,4.0,4.0,3.0,3.0,3.0,3.0,4.0,4.0,3.0,7.0,3.0,3.0,5.0,3.0,4.0,3.0,4.0,3.0,4.0,4.0,5.0,4.0,4.0,4.0,3.0,4.0,4.0,3.0,3.0,4.0,2.0
E0171,L,US,1-3y,mid,onsite,2,5.0,3.0,4.0,5.0,3.0,4.0,5.0,3.0,4.0,3.0,3.0,5.0,3.0,5.0,5.0,4.0,4.0,4.0,4.0,4.0,4.0,4.0,4.0,4.0,3.0,3.0,3.0,7.0,2.0,4.0,3.0,4.0,3.0,2.0,5.0,4.0,2.0,3.0,3.0,3.0,4.0,4.0,4.0,4.0,4.0,3.0,5.0,3.0,3.0
E0172,K,US,<1y,senior,onsite,2,4.0,3.0,3.0,8.0,3.0,4.0,4.0,3.0,5.0,3.0,3.0,2.0,4.0,3.0,3.0,4.0,3.0,1.0,5.0,3.0,4.0,3.0,3.0,3.0,3.0,3.0,4.0,7.0,4.0,2.0,4.0,2.0,3.0,2.0,5.0,4.0,4.0,4.0,4.0,5.0,5.0,5.0,5.0,3.0,4.0,4.0,5.0,5.0,4.0
E0173,R,UK,3-5y,mid,hybrid,2,3.0,5.0,4.0,9.0,5.0,3.0,3.0,4.0,4.0,4.0,5.0,4.0,3.0,3.0,2.0,3.0,2.0,2.0,4.0,4.0,3.0,5.0,3.0,5.0,3.0,3.0,5.0,10.0,4.0,2.0,5.0,3.0,4.0,3.0,4.0,3.0,4.0,4.0,3.0,3.0,3.0,5.0,4.0,3.0,4.0,5.0,4.0,4.0,2.0
E0174,H,US,1-3y,junior,hybrid,2,5.0,5.0,4.0,10.0,5.0,5.0,5.0,5.0,4.0,5.0,5.0,5.0,5.0,5.0,4.0,3.0,3.0,5.0,5.0,5.0,5.0,5.0,5.0,4.0,5.0,5.0,4.0,7.0,5.0,5.0,4.0,5.0,4.0,5.0,5.0,5.0,5.0,5.0,3.0,4.0,3.0,3.0,4.0,4.0,5.0,4.0,4.0,5.0,4.0
E0175,Q,Israel,>5y,senior,hybrid,2,3.0,4.0,5.0,6.0,5.0,4.0,4.0,5.0,5.0,4.0,4.0,3.0,2.0,3.0,5.0,5.0,3.0,3.0,3.0,4.0,4.0,5.0,4.0,4.0,3.0,2.0,5.0,7.0,5.0,3.0,4.0,4.0,4.0,4.0,4.0,2.0,3.0,3.0,5.0,3.0,5.0,4.0,5.0,4.0,5.0,3.0,4.0,5.0,5.0
E0176,J,Europe,>5y,mid,hybrid,2,3.0,5.0,4.0,5.0,3.0,4.0,3.0,3.0,2.0,3.0,4.0,4.0,2.0,5.0,4.0,4.0,3.0,3.0,3.0,4.0,3.0,4.0,3.0,4.0,4.0,2.0,4.0,5.0,3.0,2.0,5.0,3.0,2.0,3.0,5.0,4.0,5.0,5.0,4.0,2.0,4.0,5.0,3.0,4.0,3.0,3.0,3.0,3.0,4.0
E0177,L,UK,1-3y,senior,hybrid,2,3.0,4.0,4.0,6.0,2.0,3.0,2.0,2.0,4.0,2.0,1.0,4.0,3.0,2.0,3.0,4.0,1.0,3.0,3.0,3.0,4.0,4.0,4.0,4.0,3.0,3.0,3.0,5.0,4.0,3.0,3.0,2.0,2.0,2.0,4.0,4.0,3.0,2.0,1.0,2.0,3.0,2.0,3.0,4.0,5.0,4.0,4.0,2.0,2.0
E0178,R,Israel,>5y,mid,remote,2,2.0,4.0,4.0,5.0,4.0,3.0,2.0,3.0,3.0,3.0,4.0,3.0,4.0,3.0,1.0,4.0,1.0,2.0,3.0,3.0,2.0,3.0,3.0,4.0,5.0,1.0,3.0,6.0,3.0,1.0,3.0,1.0,2.0,3.0,3.0,3.0,3.0,4.0,5.0,4.0,4.0,3.0,3.0,3.0,4.0,4.0,4.0,2.0,3.0
E0179,H,US,1-3y,mid,remote,2,5.0,3.0,5.0,10.0,4.0,5.0,5.0,4.0,5.0,5.0,4.0,5.0,5.0,5.0,5.0,5.0,3.0,4.0,4.0,4.0,4.0,5.0,5.0,5.0,5.0,4.0,5.0,9.0,4.0,3.0,4.0,4.0,3.0,3.0,4.0,4.0,5.0,3.0,4.0,4.0,3.0,3.0,3.0,3.0,4.0,3.0,4.0,3.0,3.0
E0180,Other (24),Israel,>5y,junior,hybrid,2,3.0,3.0,3.0,9.0,5.0,4.0,4.0,5.0,3.0,3.0,3.0,4.0,1.0,2.0,3.0,4.0,3.0,4.0,5.0,4.0,4.0,2.0,3.0,3.0,4.0,3.0,3.0,8.0,3.0,3.0,5.0,4.0,3.0,4.0,5.0,4.0,4.0,4.0,4.0,5.0,4.0,3.0,4.0,5.0,5.0,5.0,3.0,4.0,5.0
E0181,L,US,3-5y,junior,remote,2,3.0,4.0,5.0,5.0,3.0,2.0,3.0,3.0,2.0,4.0,3.0,4.0,2.0,3.0,3.0,5.0,2.0,2.0,3.0,4.0,4.0,3.0,2.0,2.0,4.0,3.0,3.0,7.0,2.0,3.0,3.0,3.0,2.0,3.0,3.0,4.0,4.0,3.0,4.0,4.0,4.0,4.0,3.0,3.0,4.0,5.0,5.0,5.0,5.0
E0182,L,UK,>5y,senior,hybrid,2,3.0,3.0,4.0,4.0,3.0,3.0,4.0,2.0,4.0,3.0,3.0,4.0,2.0,3.0,4.0,4.0,2.0,2.0,3.0,4.0,2.0,4.0,4.0,2.0,4.0,2.0,3.0,6.0,4.0,2.0,3.0,4.0,2.0,2.0,4.0,4.0,4.0,4.0,4.0,5.0,4.0,4.0,4.0,4.0,3.0,3.0,4.0,5.0,4.0
E0183,A,Europe,3-5y,junior,hybrid,2,4.0,1.0,3.0,5.0,4.0,3.0,4.0,3.0,3.0,3.0,3.0,3.0,3.0,3.0,3.0,4.0,1.0,4.0,2.0,3.0,4.0,3.0,2.0,2.0,3.0,2.0,4.0,5.0,2.0,4.0,3.0,3.0,3.0,2.0,4.0,4.0,5.0,3.0,4.0,3.0,5.0,5.0,5.0,3.0,4.0,5.0,4.0,2.0,3.0
E0184,G,India,<1y,senior,hybrid,2,3.0,4.0,4.0,8.0,3.0,3.0,3.0,4.0,2.0,3.0,3.0,3.0,2.0,2.0,3.0,4.0,3.0,3.0,4.0,2.0,2.0,4.0,3.0,3.0,5.0,3.0,3.0,5.0,3.0,2.0,4.0,3.0,3.0,2.0,5.0,4.0,5.0,3.0,3.0,3.0,4.0,3.0,4.0,5.0,4.0,5.0,4.0,4.0,4.0
E0185,B,US,>5y,mid,hybrid,2,3.0,3.0,5.0,7.0,4.0,3.0,5.0,4.0,4.0,4.0,4.0,4.0,4.0,4.0,4.0,4.0,3.0,4.0,4.0,4.0,4.0,4.0,3.0,4.0,5.0,2.0,3.0,8.0,4.0,3.0,4.0,2.0,2.0,3.0,4.0,5.0,4.0,3.0,3.0,4.0,5.0,3.0,4.0,3.0,3.0,4.0,4.0,4.0,3.0
E0186,I,US,>5y,junior,onsite,2,2.0,4.0,5.0,8.0,5.0,3.0,4.0,5.0,4.0,5.0,4.0,3.0,3.0,5.0,3.0,4.0,3.0,5.0,5.0,5.0,5.0,4.0,5.0,4.0,5.0,3.0,4.0,9.0,3.0,3.0,4.0,3.0,3.0,3.0,4.0,5.0,4.0,4.0,5.0,5.0,3.0,4.0,3.0,3.0,4.0,4.0,4.0,4.0,4.0
E0187,N,UK,3-5y,mid,hybrid,2,3.0,3.0,4.0,6.0,4.0,4.0,4.0,4.0,3.0,3.0,4.0,4.0,3.0,5.0,5.0,4.0,4.0,3.0,4.0,4.0,4.0,4.0,3.0,4.0,3.0,3.0,4.0,7.0,4.0,4.0,4.0,4.0,4.0,4.0,4.0,4.0,4.0,4.0,4.0,4.0,4.0,3.0,3.0,5.0,5.0,3.0,4.0,3.0,4.0
E0188,N,Europe,1-3y,mid,hybrid,2,3.0,5.0,3.0,9.0,5.0,4.0,4.0,4.0,3.0,3.0,4.0,3.0,3.0,3.0,5.0,2.0,3.0,3.0,5.0,4.0,5.0,4.0,3.0,3.0,3.0,3.0,4.0,3.0,3.0,2.0,5.0,3.0,2.0,3.0,3.0,4.0,5.0,3.0,3.0,3.0,3.0,4.0,5.0,3.0,3.0,3.0,3.0,3.0,4.0
E0189,M,US,3-5y,mid,hybrid,2,2.0,5.0,4.0,6.0,4.0,4.0,4.0,3.0,4.0,3.0,3.0,4.0,3.0,2.0,4.0,3.0,3.0,4.0,3.0,4.0,3.0,2.0,3.0,4.0,5.0,4.0,3.0,7.0,4.0,3.0,4.0,3.0,3.0,3.0,4.0,3.0,3.0,4.0,4.0,3.0,5.0,5.0,4.0,5.0,4.0,5.0,5.0,2.0,3.0
E0190,R,Europe,1-3y,junior,remote,2,2.0,4.0,5.0,8.0,4.0,3.0,2.0,4.0,3.0,3.0,4.0,4.0,3.0,4.0,2.0,3.0,2.0,2.0,3.0,4.0,1.0,4.0,2.0,3.0,4.0,2.0,3.0,3.0,3.0,2.0,4.0,2.0,3.0,2.0,3.0,4.0,4.0,3.0,3.0,3.0,3.0,4.0,4.0,4.0,2.0,4.0,4.0,4.0,2.0
E0191,Q,US,<1y,senior,onsite,2,5.0,4.0,4.0,8.0,5.0,5.0,4.0,4.0,5.0,5.0,5.0,4.0,4.0,5.0,4.0,5.0,2.0,5.0,5.0,5.0,3.0,4.0,4.0,5.0,5.0,2.0,5.0,6.0,5.0,3.0,5.0,3.0,2.0,4.0,5.0,4.0,5.0,4.0,4.0,5.0,4.0,4.0,4.0,4.0,4.0,5.0,5.0,4.0,5.0
E0192,L,US,<1y,junior,hybrid,2,3.0,4.0,4.0,3.0,3.0,4.0,4.0,4.0,4.0,3.0,1.0,4.0,4.0,2.0,5.0,2.0,2.0,4.0,3.0,3.0,4.0,3.0,3.0,3.0,3.0,2.0,3.0,6.0,2.0,2.0,4.0,2.0,3.0,1.0,3.0,4.0,4.0,4.0,4.0,4.0,5.0,2.0,4.0,4.0,3.0,5.0,5.0,3.0,2.0
E0193,O,Israel,<1y,mid,remote,2,3.0,4.0,5.0,9.0,5.0,4.0,4.0,4.0,4.0,3.0,2.0,3.0,2.0,2.0,3.0,2.0,2.0,3.0,4.0,3.0,3.0,4.0,4.0,3.0,4.0,3.0,3.0,4.0,2.0,3.0,3.0,3.0,3.0,1.0,4.0,3.0,4.0,3.0,3.0,3.0,3.0,4.0,3.0,3.0,2.0,3.0,4.0,2.0,3.0
E0194,K,UK,3-5y,senior,hybrid,2,4.0,5.0,4.0,10.0,3.0,4.0,4.0,5.0,3.0,3.0,4.0,4.0,3.0,2.0,4.0,3.0,2.0,3.0,4.0,4.0,4.0,3.0,4.0,5.0,4.0,3.0,4.0,5.0,3.0,3.0,3.0,3.0,3.0,4.0,5.0,5.0,5.0,5.0,5.0,5.0,5.0,4.0,4.0,5.0,4.0,5.0,5.0,4.0,4.0
E0195,G,US,3-5y,mid,hybrid,2,3.0,5.0,3.0,7.0,4.0,4.0,3.0,4.0,2.0,3.0,3.0,3.0,2.0,5.0,3.0,4.0,4.0,5.0,3.0,4.0,4.0,4.0,2.0,4.0,4.0,3.0,3.0,6.0,3.0,3.0,3.0,4.0,5.0,2.0,4.0,4.0,3.0,5.0,5.0,4.0,4.0,4.0,5.0,4.0,4.0,4.0,5.0,3.0,3.0
E0196,D,US,<1y,junior,hybrid,2,4.0,2.0,5.0,6.0,2.0,2.0,2.0,2.0,3.0,5.0,4.0,4.0,2.0,5.0,4.0,4.0,2.0,3.0,3.0,5.0,4.0,5.0,5.0,4.0,4.0,5.0,5.0,6.0,4.0,3.0,4.0,2.0,2.0,5.0,2.0,2.0,2.0,2.0,3.0,4.0,3.0,3.0,4.0,3.0,4.0,3.0,5.0,3.0,2.0
E0197,I,US,3-5y,junior,hybrid,2,3.0,4.0,5.0,7.0,4.0,3.0,3.0,4.0,5.0,4.0,3.0,4.0,4.0,4.0,3.0,4.0,4.0,3.0,5.0,5.0,4.0,5.0,4.0,5.0,5.0,3.0,5.0,10.0,4.0,2.0,4.0,4.0,4.0,2.0,4.0,4.0,4.0,5.0,3.0,3.0,4.0,4.0,5.0,4.0,4.0,5.0,5.0,4.0,4.0
E0198,Other (24),India,1-3y,lead,onsite,2,4.0,4.0,2.0,4.0,2.0,3.0,3.0,4.0,5.0,3.0,1.0,3.0,4.0,1.0,5.0,2.0,1.0,3.0,3.0,3.0,2.0,2.0,1.0,3.0,2.0,1.0,1.0,7.0,2.0,2.0,2.0,2.0,3.0,1.0,3.0,3.0,4.0,3.0,4.0,4.0,4.0,4.0,3.0,2.0,2.0,4.0,5.0,4.0,4.0
E0199,D,US,1-3y,junior,hybrid,2,3.0,3.0,3.0,3.0,3.0,2.0,2.0,2.0,3.0,3.0,3.0,3.0,1.0,3.0,4.0,2.0,2.0,2.0,2.0,2.0,3.0,4.0,4.0,1.0,3.0,2.0,4.0,7.0,3.0,3.0,2.0,2.0,2.0,2.0,3.0,3.0,3.0,4.0,4.0,4.0,4.0,4.0,3.0,1.0,2.0,3.0,5.0,4.0,3.0
E0200,Other (24),Europe,>5y,senior,hybrid,2,3.0,5.0,3.0,6.0,5.0,3.0,3.0,4.0,3.0,3.0,3.0,4.0,4.0,2.0,3.0,4.0,2.0,4.0,3.0,5.0,3.0,3.0,4.0,4.0,4.0,2.0,3.0,8.0,3.0,2.0,3.0,2.0,2.0,1.0,5.0,5.0,4.0,3.0,5.0,3.0,3.0,3.0,3.0,3.0,3.0,4.0,4.0,3.0,3.0
E0201,G,UK,<1y,mid,remote,2,5.0,5.0,4.0,8.0,5.0,4.0,3.0,5.0,2.0,3.0,5.0,3.0,3.0,3.0,3.0,4.0,2.0,2.0,4.0,4.0,4.0,4.0,3.0,3.0,5.0,3.0,4.0,8.0,4.0,3.0,4.0,3.0,2.0,2.0,5.0,4.0,3.0,3.0,3.0,3.0,4.0,4.0,3.0,3.0,2.0,5.0,3.0,5.0,4.0
E0202,Q,US,1-3y,junior,hybrid,2,5.0,3.0,2.0,6.0,3.0,4.0,3.0,3.0,2.0,4.0,3.0,3.0,3.0,3.0,5.0,4.0,2.0,4.0,3.0,2.0,4.0,2.0,4.0,3.0,3.0,2.0,3.0,5.0,3.0,1.0,4.0,2.0,2.0,1.0,4.0,4.0,5.0,3.0,4.0,5.0,4.0,5.0,5.0,3.0,3.0,3.0,4.0,4.0,3.0
E0203,K,US,3-5y,senior,hybrid,2,2.0,2.0,3.0,4.0,2.0,3.0,2.0,3.0,4.0,3.0,4.0,2.0,3.0,2.0,4.0,3.0,1.0,2.0,2.0,3.0,4.0,3.0,3.0,3.0,3.0,1.0,5.0,5.0,2.0,2.0,3.0,2.0,3.0,2.0,4.0,4.0,4.0,4.0,4.0,4.0,4.0,4.0,5.0,3.0,3.0,4.0,4.0,3.0,4.0
E0204,Other (24),US,<1y,junior,remote,2,3.0,3.0,4.0,8.0,4.0,4.0,4.0,3.0,2.0,4.0,3.0,4.0,3.0,4.0,2.0,3.0,1.0,3.0,3.0,5.0,3.0,4.0,3.0,3.0,4.0,1.0,4.0,6.0,2.0,1.0,3.0,1.0,2.0,2.0,3.0,4.0,3.0,3.0,3.0,3.0,3.0,2.0,3.0,2.0,2.0,3.0,3.0,3.0,3.0
E0205,C,India,<1y,junior,remote,2,4.0,5.0,5.0,10.0,5.0,4.0,4.0,4.0,3.0,5.0,4.0,4.0,4.0,5.0,4.0,5.0,4.0,4.0,4.0,5.0,2.0,4.0,5.0,5.0,5.0,4.0,4.0,9.0,5.0,5.0,5.0,5.0,4.0,4.0,5.0,4.0,5.0,4.0,3.0,4.0,5.0,4.0,5.0,5.0,5.0,4.0,5.0,4.0,5.0
E0206,I,Israel,1-3y,lead,remote,2,5.0,3.0,5.0,6.0,3.0,5.0,5.0,3.0,5.0,5.0,4.0,3.0,5.0,4.0,3.0,3.0,5.0,4.0,3.0,5.0,5.0,5.0,3.0,4.0,5.0,3.0,4.0,10.0,3.0,4.0,5.0,3.0,4.0,2.0,5.0,5.0,4.0,3.0,4.0,4.0,4.0,4.0,5.0,5.0,4.0,5.0,4.0,4.0,3.0
E0207,Other (24),US,3-5y,junior,hybrid,2,3.0,4.0,5.0,9.0,4.0,3.0,2.0,4.0,3.0,2.0,3.0,3.0,4.0,4.0,2.0,4.0,1.0,4.0,3.0,3.0,3.0,4.0,2.0,4.0,5.0,1.0,4.0,6.0,5.0,1.0,3.0,2.0,1.0,1.0,5.0,5.0,4.0,4.0,4.0,4.0,4.0,4.0,4.0,4.0,2.0,3.0,3.0,3.0,4.0
E0208,B,UK,1-3y,junior,onsite,2,3.0,2.0,5.0,6.0,3.0,4.0,3.0,3.0,5.0,4.0,5.0,4.0,4.0,3.0,3.0,4.0,5.0,2.0,2.0,5.0,3.0,4.0,5.0,4.0,5.0,4.0,3.0,8.0,3.0,4.0,3.0,3.0,3.0,5.0,3.0,4.0,3.0,3.0,3.0,3.0,4.0,5.0,4.0,5.0,5.0,3.0,4.0,5.0,5.0
E0209,C,UK,3-5y,mid,hybrid,2,2.0,5.0,5.0,8.0,5.0,3.0,3.0,4.0,4.0,5.0,4.0,4.0,4.0,5.0,3.0,4.0,4.0,3.0,4.0,5.0,3.0,3.0,5.0,4.0,5.0,4.0,4.0,8.0,3.0,3.0,4.0,3.0,2.0,3.0,5.0,4.0,5.0,4.0,5.0,4.0,5.0,4.0,4.0,4.0,3.0,4.0,3.0,3.0,4.0
E0210,H,UK,1-3y,mid,remote,2,4.0,5.0,5.0,10.0,5.0,5.0,4.0,4.0,5.0,4.0,5.0,4.0,5.0,4.0,5.0,4.0,4.0,5.0,5.0,4.0,3.0,5.0,4.0,5.0,5.0,4.0,5.0,10.0,2.0,4.0,5.0,3.0,3.0,4.0,4.0,4.0,4.0,4.0,4.0,5.0,4.0,4.0,4.0,4.0,3.0,4.0,5.0,4.0,5.0
E0211,C,India,<1y,mid,onsite,2,4.0,4.0,4.0,7.0,4.0,4.0,3.0,3.0,3.0,4.0,3.0,4.0,4.0,4.0,4.0,3.0,4.0,3.0,5.0,4.0,3.0,4.0,3.0,4.0,5.0,4.0,3.0,6.0,4.0,4.0,5.0,3.0,5.0,4.0,4.0,4.0,4.0,3.0,3.0,3.0,4.0,5.0,5.0,4.0,4.0,5.0,5.0,4.0,5.0
E0212,Q,UK,1-3y,senior,remote,2,5.0,5.0,5.0,9.0,5.0,4.0,4.0,5.0,3.0,3.0,3.0,3.0,3.0,3.0,5.0,4.0,3.0,4.0,4.0,4.0,5.0,3.0,5.0,4.0,4.0,4.0,4.0,5.0,3.0,2.0,5.0,3.0,3.0,4.0,4.0,3.0,3.0,5.0,4.0,4.0,4.0,5.0,4.0,5.0,4.0,4.0,4.0,5.0,4.0
E0213,J,India,1-3y,junior,hybrid,2,4.0,5.0,3.0,5.0,5.0,3.0,2.0,4.0,1.0,3.0,4.0,4.0,1.0,2.0,3.0,4.0,3.0,2.0,4.0,5.0,3.0,2.0,4.0,4.0,4.0,2.0,2.0,4.0,3.0,3.0,4.0,3.0,1.0,2.0,4.0,4.0,3.0,4.0,4.0,3.0,3.0,4.0,4.0,3.0,4.0,4.0,4.0,4.0,4.0
E0214,G,India,>5y,junior,hybrid,2,4.0,4.0,3.0,9.0,3.0,4.0,3.0,4.0,3.0,4.0,3.0,3.0,1.0,4.0,3.0,3.0,3.0,4.0,3.0,5.0,4.0,5.0,3.0,3.0,4.0,5.0,4.0,8.0,3.0,5.0,4.0,4.0,4.0,3.0,3.0,3.0,3.0,3.0,4.0,3.0,5.0,4.0,4.0,4.0,5.0,4.0,4.0,3.0,4.0
E0215,A,India,1-3y,mid,remote,2,5.0,4.0,4.0,10.0,4.0,4.0,5.0,5.0,4.0,4.0,4.0,5.0,4.0,5.0,3.0,4.0,2.0,3.0,4.0,4.0,3.0,5.0,4.0,5.0,4.0,1.0,5.0,8.0,3.0,2.0,5.0,4.0,3.0,3.0,4.0,5.0,5.0,4.0,4.0,4.0,3.0,4.0,3.0,3.0,4.0,4.0,4.0,4.0,5.0
E0216,C,India,<1y,mid,hybrid,2,3.0,3.0,4.0,9.0,5.0,3.0,3.0,3.0,2.0,2.0,3.0,3.0,2.0,4.0,5.0,3.0,2.0,4.0,3.0,4.0,2.0,2.0,2.0,5.0,3.0,4.0,3.0,7.0,3.0,2.0,4.0,2.0,3.0,2.0,3.0,3.0,3.0,3.0,4.0,3.0,2.0,2.0,2.0,3.0,3.0,4.0,4.0,3.0,3.0
E0217,I,UK,1-3y,mid,remote,2,3.0,4.0,5.0,10.0,4.0,4.0,3.0,5.0,3.0,5.0,5.0,4.0,3.0,5.0,3.0,4.0,4.0,3.0,4.0,5.0,4.0,5.0,5.0,5.0,5.0,4.0,5.0,6.0,4.0,5.0,5.0,4.0,5.0,5.0,3.0,3.0,4.0,3.0,3.0,3.0,4.0,3.0,3.0,5.0,5.0,3.0,3.0,5.0,4.0
E0218,B,US,3-5y,junior,remote,2,5.0,4.0,5.0,8.0,4.0,4.0,5.0,5.0,5.0,5.0,5.0,5.0,5.0,5.0,4.0,5.0,4.0,4.0,4.0,5.0,5.0,5.0,5.0,5.0,5.0,2.0,5.0,9.0,5.0,3.0,5.0,3.0,4.0,3.0,3.0,4.0,3.0,4.0,4.0,5.0,4.0,4.0,4.0,4.0,4.0,5.0,4.0,4.0,4.0
E0219,Other (24),UK,<1y,lead,hybrid,2,3.0,4.0,2.0,6.0,3.0,4.0,3.0,3.0,3.0,2.0,2.0,2.0,3.0,1.0,2.0,2.0,2.0,4.0,2.0,3.0,3.0,3.0,2.0,2.0,2.0,2.0,2.0,8.0,1.0,3.0,2.0,3.0,3.0,1.0,4.0,4.0,4.0,3.0,3.0,3.0,4.0,3.0,4.0,4.0,4.0,3.0,2.0,3.0,2.0
E0220,L,UK,3-5y,mid,hybrid,2,3.0,4.0,4.0,4.0,4.0,3.0,2.0,4.0,3.0,5.0,4.0,4.0,2.0,4.0,3.0,2.0,3.0,4.0,4.0,3.0,3.0,3.0,3.0,3.0,4.0,2.0,4.0,6.0,3.0,3.0,4.0,3.0,3.0,2.0,5.0,5.0,4.0,4.0,4.0,4.0,5.0,4.0,5.0,4.0,4.0,4.0,4.0,4.0,4.0
E0221,M,US,1-3y,lead,hybrid,2,5.0,4.0,5.0,9.0,4.0,5.0,5.0,4.0,2.0,5.0,5.0,4.0,4.0,4.0,5.0,5.0,2.0,5.0,4.0,5.0,5.0,4.0,5.0,4.0,5.0,4.0,5.0,7.0,4.0,3.0,3.0,2.0,3.0,3.0,4.0,4.0,4.0,3.0,2.0,4.0,4.0,3.0,4.0,4.0,4.0,4.0,4.0,5.0,5.0
E0222,Q,UK,<1y,mid,hybrid,2,4.0,4.0,4.0,8.0,3.0,3.0,3.0,5.0,4.0,5.0,3.0,5.0,3.0,4.0,5.0,5.0,2.0,4.0,4.0,5.0,4.0,4.0,3.0,5.0,4.0,1.0,5.0,7.0,5.0,1.0,3.0,2.0,2.0,3.0,3.0,5.0,4.0,5.0,4.0,5.0,5.0,5.0,5.0,2.0,2.0,4.0,5.0,4.0,4.0
E0223,O,US,>5y,senior,onsite,2,3.0,2.0,3.0,1.0,4.0,3.0,3.0,2.0,3.0,2.0,2.0,3.0,3.0,2.0,3.0,3.0,3.0,3.0,1.0,4.0,3.0,3.0,4.0,3.0,3.0,4.0,3.0,7.0,3.0,2.0,3.0,3.0,4.0,4.0,4.0,4.0,4.0,4.0,4.0,3.0,4.0,4.0,3.0,4.0,4.0,3.0,3.0,3.0,3.0
E0224,P,Europe,1-3y,junior,hybrid,2,4.0,5.0,5.0,6.0,5.0,3.0,4.0,3.0,4.0,4.0,4.0,4.0,4.0,4.0,2.0,4.0,3.0,3.0,3.0,2.0,4.0,4.0,5.0,3.0,4.0,4.0,5.0,10.0,3.0,3.0,4.0,3.0,4.0,3.0,3.0,2.0,3.0,4.0,3.0,5.0,3.0,2.0,2.0,4.0,5.0,4.0,5.0,3.0,3.0
E0225,J,US,1-3y,senior,onsite,2,4.0,2.0,3.0,6.0,5.0,4.0,3.0,4.0,1.0,2.0,3.0,2.0,1.0,3.0,3.0,3.0,3.0,2.0,3.0,2.0,3.0,3.0,2.0,3.0,2.0,3.0,3.0,1.0,3.0,3.0,5.0,4.0,3.0,3.0,3.0,3.0,3.0,5.0,4.0,4.0,4.0,5.0,5.0,3.0,4.0,3.0,5.0,4.0,5.0
E0226,E,Europe,1-3y,lead,hybrid,2,4.0,3.0,3.0,5.0,4.0,4.0,3.0,3.0,4.0,3.0,2.0,2.0,3.0,1.0,3.0,2.0,1.0,4.0,3.0,3.0,5.0,3.0,3.0,2.0,4.0,4.0,3.0,10.0,2.0,4.0,4.0,4.0,2.0,3.0,3.0,3.0,3.0,5.0,4.0,4.0,4.0,3.0,2.0,3.0,3.0,3.0,4.0,2.0,4.0
E0227,O,Israel,>5y,mid,onsite,2,4.0,4.0,4.0,9.0,4.0,4.0,4.0,4.0,4.0,3.0,2.0,3.0,4.0,4.0,3.0,2.0,3.0,2.0,4.0,4.0,4.0,4.0,3.0,3.0,4.0,2.0,4.0,7.0,2.0,2.0,4.0,3.0,4.0,2.0,3.0,4.0,4.0,4.0,5.0,5.0,4.0,4.0,4.0,3.0,2.0,3.0,4.0,4.0,4.0
E0228,M,India,1-3y,junior,hybrid,2,4.0,3.0,4.0,7.0,3.0,5.0,3.0,3.0,2.0,4.0,3.0,3.0,3.0,3.0,3.0,4.0,2.0,4.0,3.0,5.0,4.0,3.0,5.0,3.0,5.0,4.0,4.0,6.0,4.0,3.0,3.0,2.0,2.0,4.0,4.0,4.0,4.0,4.0,4.0,5.0,4.0,5.0,3.0,4.0,4.0,4.0,3.0,3.0,4.0
E0229,G,Europe,1-3y,junior,hybrid,2,4.0,4.0,4.0,10.0,5.0,4.0,4.0,5.0,3.0,4.0,4.0,4.0,2.0,4.0,4.0,4.0,2.0,4.0,3.0,5.0,4.0,4.0,4.0,4.0,5.0,3.0,3.0,8.0,2.0,2.0,4.0,3.0,3.0,3.0,5.0,5.0,5.0,5.0,5.0,5.0,4.0,4.0,5.0,3.0,3.0,4.0,4.0,3.0,4.0
E0230,F,Europe,<1y,junior,hybrid,2,3.0,5.0,5.0,5.0,5.0,5.0,3.0,5.0,3.0,4.0,4.0,4.0,3.0,4.0,3.0,5.0,4.0,3.0,4.0,4.0,3.0,5.0,5.0,4.0,3.0,4.0,4.0,9.0,4.0,5.0,5.0,3.0,3.0,4.0,5.0,5.0,3.0,4.0,3.0,2.0,4.0,5.0,5.0,5.0,5.0,5.0,5.0,5.0,5.0
E0231,L,Europe,>5y,lead,hybrid,2,5.0,3.0,5.0,6.0,4.0,5.0,4.0,3.0,4.0,3.0,2.0,4.0,4.0,3.0,5.0,4.0,2.0,5.0,3.0,4.0,3.0,3.0,3.0,4.0,5.0,2.0,4.0,9.0,2.0,2.0,3.0,2.0,4.0,2.0,4.0,5.0,4.0,4.0,5.0,3.0,5.0,4.0,5.0,4.0,4.0,5.0,5.0,4.0,4.0
E0232,K,India,3-5y,mid,hybrid,2,3.0,5.0,3.0,10.0,5.0,4.0,4.0,4.0,3.0,3.0,3.0,3.0,4.0,2.0,4.0,4.0,3.0,4.0,4.0,4.0,4.0,3.0,3.0,3.0,4.0,3.0,4.0,5.0,3.0,1.0,5.0,2.0,2.0,3.0,5.0,5.0,5.0,5.0,3.0,4.0,4.0,4.0,5.0,5.0,5.0,3.0,3.0,4.0,4.0
E0233,Other (24),US,1-3y,mid,remote,2,3.0,4.0,2.0,5.0,4.0,3.0,2.0,3.0,2.0,4.0,3.0,2.0,2.0,2.0,2.0,3.0,1.0,3.0,3.0,3.0,3.0,4.0,3.0,2.0,4.0,2.0,3.0,6.0,3.0,2.0,4.0,2.0,2.0,2.0,3.0,3.0,2.0,4.0,3.0,3.0,4.0,4.0,2.0,3.0,2.0,4.0,3.0,3.0,3.0
E0234,F,Europe,1-3y,mid,onsite,2,4.0,4.0,3.0,5.0,3.0,5.0,4.0,3.0,3.0,5.0,3.0,4.0,3.0,4.0,5.0,5.0,4.0,5.0,3.0,3.0,4.0,5.0,4.0,5.0,5.0,3.0,4.0,4.0,5.0,3.0,5.0,3.0,5.0,5.0,4.0,4.0,3.0,5.0,5.0,5.0,5.0,5.0,4.0,3.0,4.0,5.0,4.0,3.0,4.0
E0235,B,UK,1-3y,junior,remote,2,5.0,5.0,5.0,9.0,4.0,3.0,3.0,5.0,5.0,4.0,3.0,4.0,4.0,3.0,5.0,3.0,4.0,3.0,5.0,5.0,3.0,4.0,4.0,4.0,4.0,3.0,4.0,10.0,4.0,4.0,5.0,3.0,3.0,3.0,4.0,4.0,3.0,5.0,3.0,4.0,3.0,2.0,3.0,3.0,2.0,3.0,4.0,4.0,4.0
E0236,Other (24),Israel,3-5y,lead,remote,2,3.0,4.0,4.0,6.0,4.0,3.0,2.0,4.0,1.0,5.0,4.0,5.0,1.0,4.0,1.0,5.0,1.0,3.0,4.0,4.0,2.0,4.0,5.0,4.0,5.0,2.0,4.0,5.0,4.0,2.0,3.0,2.0,3.0,4.0,4.0,4.0,5.0,4.0,4.0,3.0,4.0,5.0,3.0,3.0,3.0,4.0,4.0,5.0,4.0
E0237,Other (24),India,3-5y,mid,hybrid,2,4.0,3.0,3.0,4.0,3.0,5.0,4.0,3.0,3.0,2.0,1.0,2.0,3.0,3.0,3.0,4.0,1.0,4.0,2.0,3.0,4.0,3.0,3.0,4.0,3.0,2.0,3.0,9.0,2.0,2.0,2.0,2.0,3.0,1.0,4.0,4.0,4.0,2.0,2.0,3.0,5.0,5.0,4.0,4.0,3.0,4.0,5.0,4.0,3.0
E0238,H,US,<1y,junior,hybrid,2,5.0,5.0,5.0,10.0,5.0,5.0,5.0,5.0,5.0,5.0,5.0,5.0,5.0,5.0,5.0,5.0,4.0,5.0,5.0,5.0,5.0,5.0,4.0,5.0,5.0,4.0,5.0,9.0,5.0,5.0,5.0,4.0,4.0,5.0,5.0,5.0,5.0,4.0,5.0,5.0,4.0,4.0,4.0,5.0,4.0,4.0,3.0,5.0,5.0
E0239,F,US,>5y,senior,hybrid,2,4.0,5.0,4.0,9.0,3.0,4.0,3.0,4.0,4.0,4.0,4.0,4.0,4.0,4.0,4.0,4.0,4.0,3.0,5.0,3.0,4.0,5.0,3.0,4.0,5.0,3.0,5.0,9.0,3.0,3.0,5.0,3.0,3.0,3.0,5.0,5.0,5.0,4.0,3.0,3.0,3.0,2.0,4.0,4.0,4.0,3.0,4.0,4.0,3.0
E0240,F,US,1-3y,mid,remote,2,3.0,3.0,3.0,3.0,3.0,4.0,4.0,3.0,3.0,3.0,2.0,3.0,2.0,4.0,3.0,4.0,2.0,3.0,2.0,2.0,4.0,4.0,4.0,4.0,3.0,2.0,3.0,6.0,3.0,3.0,3.0,2.0,2.0,2.0,3.0,3.0,3.0,4.0,4.0,4.0,4.0,5.0,5.0,3.0,3.0,5.0,4.0,4.0,4.0
E0241,O,UK,1-3y,lead,hybrid,2,4.0,4.0,4.0,7.0,4.0,4.0,3.0,4.0,4.0,3.0,3.0,2.0,4.0,3.0,4.0,2.0,2.0,3.0,4.0,3.0,4.0,4.0,3.0,2.0,4.0,3.0,4.0,5.0,4.0,4.0,4.0,2.0,3.0,3.0,4.0,4.0,3.0,4.0,3.0,4.0,5.0,4.0,5.0,2.0,4.0,3.0,4.0,3.0,4.0
E0242,Other (24),US,3-5y,senior,onsite,2,4.0,3.0,4.0,9.0,3.0,5.0,4.0,3.0,3.0,3.0,2.0,3.0,3.0,2.0,2.0,3.0,2.0,4.0,4.0,3.0,4.0,3.0,2.0,3.0,3.0,2.0,2.0,5.0,3.0,2.0,4.0,3.0,3.0,1.0,3.0,3.0,2.0,4.0,4.0,4.0,3.0,3.0,3.0,3.0,3.0,4.0,4.0,4.0,2.0
E0243,Other (24),UK,3-5y,junior,hybrid,2,5.0,4.0,4.0,8.0,3.0,4.0,4.0,3.0,5.0,4.0,4.0,5.0,3.0,3.0,4.0,4.0,2.0,4.0,4.0,4.0,5.0,3.0,3.0,4.0,4.0,2.0,4.0,10.0,5.0,3.0,3.0,4.0,3.0,3.0,5.0,5.0,4.0,4.0,4.0,5.0,2.0,3.0,4.0,4.0,4.0,5.0,4.0,5.0,5.0
E0244,Other (24),US,1-3y,senior,onsite,2,3.0,5.0,4.0,8.0,4.0,3.0,3.0,3.0,3.0,3.0,4.0,4.0,2.0,4.0,3.0,4.0,2.0,4.0,3.0,4.0,4.0,3.0,4.0,4.0,4.0,2.0,2.0,6.0,4.0,1.0,4.0,3.0,2.0,1.0,3.0,4.0,5.0,3.0,4.0,3.0,4.0,3.0,3.0,3.0,5.0,5.0,5.0,4.0,4.0
E0245,N,US,3-5y,senior,hybrid,2,4.0,4.0,4.0,7.0,4.0,4.0,3.0,4.0,3.0,4.0,4.0,5.0,3.0,3.0,5.0,2.0,4.0,5.0,3.0,5.0,4.0,5.0,4.0,4.0,4.0,3.0,4.0,4.0,5.0,3.0,4.0,5.0,4.0,4.0,5.0,4.0,5.0,4.0,4.0,3.0,4.0,4.0,4.0,3.0,4.0,4.0,3.0,5.0,5.0
E0246,B,India,<1y,lead,remote,2,4.0,4.0,5.0,8.0,3.0,3.0,3.0,4.0,3.0,3.0,3.0,4.0,4.0,3.0,4.0,3.0,3.0,2.0,3.0,3.0,4.0,3.0,3.0,2.0,4.0,3.0,2.0,7.0,4.0,2.0,5.0,2.0,2.0,3.0,5.0,4.0,4.0,3.0,4.0,4.0,3.0,3.0,3.0,3.0,3.0,3.0,3.0,3.0,3.0
E0247,B,Israel,3-5y,junior,hybrid,2,4.0,5.0,5.0,6.0,3.0,4.0,3.0,3.0,4.0,5.0,4.0,5.0,4.0,2.0,2.0,4.0,4.0,4.0,3.0,5.0,3.0,5.0,3.0,4.0,5.0,4.0,3.0,6.0,5.0,3.0,4.0,3.0,3.0,4.0,3.0,3.0,3.0,4.0,5.0,3.0,4.0,3.0,3.0,4.0,3.0,5.0,3.0,4.0,3.0
E0248,O,UK,>5y,mid,onsite,2,2.0,4.0,5.0,6.0,4.0,4.0,4.0,3.0,4.0,3.0,5.0,4.0,3.0,4.0,4.0,4.0,4.0,2.0,4.0,3.0,3.0,5.0,5.0,5.0,4.0,2.0,5.0,8.0,3.0,4.0,5.0,3.0,4.0,4.0,5.0,4.0,4.0,4.0,4.0,5.0,5.0,5.0,4.0,4.0,4.0,5.0,5.0,4.0,4.0
E0249,Other (24),India,<1y,mid,remote,2,3.0,3.0,4.0,7.0,3.0,4.0,2.0,3.0,3.0,4.0,3.0,4.0,3.0,4.0,2.0,4.0,2.0,4.0,2.0,4.0,2.0,4.0,4.0,4.0,4.0,1.0,4.0,5.0,5.0,1.0,3.0,2.0,1.0,1.0,4.0,3.0,3.0,4.0,3.0,2.0,3.0,3.0,2.0,2.0,2.0,2.0,2.0,3.0,3.0
E0250,E,UK,>5y,lead,onsite,2,4.0,4.0,5.0,8.0,5.0,5.0,3.0,5.0,3.0,4.0,4.0,4.0,3.0,4.0,4.0,4.0,3.0,4.0,5.0,5.0,4.0,5.0,4.0,4.0,4.0,4.0,3.0,5.0,5.0,4.0,5.0,4.0,2.0,3.0,4.0,5.0,4.0,3.0,3.0,3.0,5.0,4.0,5.0,4.0,5.0,4.0,3.0,3.0,4.0
E0251,M,Europe,<1y,junior,remote,2,3.0,3.0,5.0,7.0,3.0,4.0,4.0,4.0,4.0,3.0,2.0,4.0,3.0,4.0,4.0,3.0,3.0,4.0,3.0,5.0,4.0,2.0,4.0,4.0,4.0,3.0,4.0,7.0,3.0,3.0,3.0,3.0,2.0,4.0,3.0,4.0,3.0,4.0,4.0,3.0,4.0,4.0,5.0,4.0,5.0,3.0,3.0,2.0,3.0
E0252,H,Israel,1-3y,mid,hybrid,2,5.0,5.0,5.0,8.0,3.0,5.0,5.0,3.0,3.0,4.0,4.0,4.0,4.0,3.0,4.0,5.0,4.0,4.0,4.0,5.0,4.0,4.0,4.0,5.0,5.0,3.0,5.0,7.0,3.0,3.0,5.0,3.0,4.0,4.0,3.0,3.0,3.0,3.0,2.0,3.0,5.0,4.0,4.0,4.0,5.0,5.0,4.0,3.0,3.0
E0253,A,UK,1-3y,mid,hybrid,2,4.0,3.0,3.0,8.0,4.0,5.0,5.0,4.0,3.0,4.0,2.0,3.0,3.0,4.0,4.0,4.0,2.0,4.0,4.0,4.0,4.0,3.0,3.0,4.0,3.0,2.0,3.0,7.0,3.0,4.0,5.0,3.0,4.0,4.0,3.0,4.0,2.0,3.0,3.0,3.0,4.0,4.0,4.0,3.0,3.0,3.0,4.0,2.0,3.0
E0254,Other (24),India,>5y,mid,hybrid,2,4.0,4.0,4.0,9.0,4.0,4.0,4.0,4.0,3.0,4.0,4.0,5.0,3.0,3.0,4.0,5.0,3.0,5.0,4.0,5.0,4.0,4.0,4.0,2.0,4.0,4.0,4.0,5.0,3.0,3.0,4.0,3.0,2.0,4.0,4.0,5.0,4.0,4.0,3.0,3.0,5.0,5.0,5.0,4.0,5.0,5.0,4.0,3.0,5.0
E0255,C,Europe,1-3y,mid,remote,2,3.0,4.0,4.0,6.0,3.0,4.0,3.0,4.0,3.0,5.0,3.0,3.0,4.0,4.0,3.0,4.0,3.0,4.0,2.0,3.0,2.0,2.0,4.0,3.0,4.0,4.0,2.0,9.0,3.0,3.0,4.0,3.0,2.0,3.0,2.0,3.0,4.0,5.0,4.0,4.0,3.0,4.0,4.0,4.0,3.0,4.0,3.0,3.0,4.0
E0256,K,UK,3-5y,mid,hybrid,2,3.0,4.0,3.0,8.0,4.0,4.0,3.0,4.0,4.0,4.0,2.0,4.0,3.0,4.0,3.0,5.0,4.0,3.0,3.0,5.0,4.0,4.0,4.0,4.0,4.0,3.0,5.0,8.0,4.0,3.0,4.0,2.0,3.0,4.0,3.0,3.0,4.0,3.0,5.0,4.0,5.0,4.0,5.0,5.0,4.0,5.0,5.0,4.0,4.0
E0257,B,India,>5y,junior,onsite,2,4.0,4.0,4.0,8.0,5.0,4.0,4.0,4.0,5.0,4.0,3.0,4.0,5.0,3.0,3.0,4.0,4.0,3.0,4.0,4.0,4.0,4.0,3.0,5.0,5.0,3.0,3.0,10.0,3.0,2.0,3.0,2.0,2.0,3.0,4.0,5.0,3.0,5.0,4.0,5.0,5.0,4.0,4.0,4.0,5.0,3.0,5.0,4.0,4.0
E0258,Other (24),Israel,<1y,mid,hybrid,2,2.0,3.0,4.0,4.0,3.0,3.0,3.0,2.0,2.0,4.0,2.0,3.0,3.0,2.0,2.0,4.0,2.0,2.0,3.0,3.0,2.0,4.0,3.0,3.0,3.0,2.0,3.0,8.0,3.0,3.0,3.0,5.0,4.0,3.0,2.0,3.0,1.0,1.0,2.0,3.0,3.0,5.0,4.0,5.0,4.0,3.0,5.0,4.0,3.0
E0259,E,Europe,1-3y,junior,onsite,2,4.0,5.0,4.0,10.0,5.0,5.0,4.0,5.0,4.0,4.0,4.0,3.0,3.0,2.0,4.0,3.0,3.0,5.0,5.0,4.0,4.0,4.0,3.0,4.0,4.0,4.0,4.0,10.0,3.0,5.0,5.0,4.0,3.0,4.0,4.0,4.0,4.0,2.0,2.0,3.0,4.0,4.0,4.0,5.0,5.0,5.0,5.0,4.0,4.0
E0260,J,India,<1y,senior,hybrid,2,2.0,5.0,3.0,4.0,4.0,3.0,1.0,4.0,1.0,3.0,3.0,3.0,2.0,3.0,2.0,4.0,2.0,2.0,2.0,4.0,2.0,2.0,3.0,3.0,4.0,2.0,4.0,6.0,3.0,2.0,5.0,1.0,1.0,4.0,3.0,3.0,4.0,2.0,3.0,2.0,3.0,3.0,4.0,3.0,2.0,4.0,4.0,4.0,4.0
E0261,Q,Europe,<1y,junior,onsite,2,5.0,4.0,4.0,5.0,5.0,4.0,5.0,5.0,4.0,4.0,4.0,4.0,5.0,5.0,5.0,4.0,4.0,4.0,3.0,4.0,5.0,4.0,4.0,4.0,4.0,4.0,5.0,10.0,4.0,3.0,5.0,3.0,3.0,3.0,5.0,5.0,5.0,4.0,3.0,3.0,4.0,4.0,4.0,3.0,5.0,3.0,3.0,3.0,3.0
E0262,Q,Israel,<1y,mid,hybrid,2,5.0,2.0,4.0,2.0,2.0,5.0,4.0,3.0,3.0,3.0,2.0,3.0,2.0,2.0,5.0,2.0,3.0,4.0,3.0,2.0,4.0,2.0,3.0,2.0,2.0,1.0,3.0,7.0,2.0,2.0,1.0,2.0,2.0,3.0,4.0,3.0,3.0,4.0,3.0,3.0,5.0,5.0,5.0,4.0,3.0,3.0,4.0,3.0,4.0
E0263,D,US,1-3y,junior,remote,2,4.0,4.0,5.0,5.0,4.0,5.0,3.0,4.0,5.0,5.0,5.0,5.0,5.0,5.0,5.0,5.0,2.0,5.0,3.0,5.0,4.0,5.0,5.0,5.0,5.0,4.0,5.0,8.0,5.0,5.0,5.0,3.0,3.0,4.0,4.0,5.0,5.0,5.0,5.0,4.0,5.0,4.0,5.0,4.0,4.0,4.0,4.0,4.0,3.0
E0264,D,India,>5y,mid,remote,2,4.0,4.0,4.0,7.0,3.0,3.0,4.0,4.0,5.0,4.0,2.0,3.0,3.0,4.0,5.0,3.0,3.0,3.0,3.0,3.0,3.0,5.0,4.0,4.0,4.0,3.0,4.0,8.0,4.0,3.0,3.0,2.0,2.0,4.0,3.0,3.0,3.0,3.0,2.0,3.0,3.0,3.0,3.0,2.0,3.0,4.0,4.0,5.0,5.0
E0265,Q,US,>5y,junior,hybrid,2,3.0,4.0,3.0,8.0,4.0,4.0,3.0,4.0,4.0,4.0,5.0,4.0,4.0,3.0,4.0,5.0,1.0,2.0,4.0,3.0,4.0,3.0,3.0,3.0,3.0,1.0,3.0,10.0,4.0,1.0,5.0,2.0,2.0,1.0,4.0,3.0,2.0,2.0,4.0,4.0,4.0,3.0,3.0,3.0,2.0,4.0,5.0,5.0,4.0
E0266,L,Europe,<1y,mid,hybrid,2,4.0,4.0,4.0,7.0,5.0,4.0,3.0,3.0,5.0,3.0,1.0,3.0,3.0,3.0,4.0,3.0,2.0,4.0,3.0,4.0,3.0,2.0,3.0,4.0,4.0,2.0,3.0,5.0,2.0,3.0,3.0,2.0,3.0,2.0,4.0,5.0,4.0,3.0,4.0,2.0,2.0,2.0,2.0,3.0,4.0,3.0,5.0,4.0,3.0
E0267,L,UK,1-3y,junior,hybrid,2,5.0,3.0,3.0,9.0,4.0,4.0,4.0,4.0,4.0,3.0,3.0,3.0,4.0,4.0,3.0,4.0,2.0,4.0,3.0,4.0,4.0,3.0,3.0,5.0,4.0,2.0,5.0,7.0,2.0,2.0,4.0,2.0,2.0,3.0,3.0,3.0,2.0,4.0,4.0,4.0,3.0,4.0,5.0,2.0,2.0,3.0,4.0,2.0,3.0
E0268,G,Europe,>5y,mid,hybrid,2,2.0,3.0,4.0,5.0,3.0,3.0,3.0,2.0,3.0,4.0,4.0,3.0,3.0,3.0,3.0,3.0,2.0,2.0,1.0,4.0,3.0,4.0,3.0,3.0,5.0,1.0,3.0,7.0,3.0,1.0,2.0,2.0,3.0,2.0,3.0,4.0,4.0,5.0,4.0,4.0,3.0,4.0,4.0,3.0,3.0,2.0,2.0,3.0,3.0
E0269,R,India,1-3y,junior,remote,2,3.0,3.0,4.0,7.0,4.0,4.0,2.0,5.0,3.0,4.0,5.0,3.0,4.0,3.0,2.0,3.0,4.0,2.0,3.0,4.0,2.0,3.0,3.0,2.0,5.0,4.0,4.0,7.0,3.0,4.0,4.0,2.0,4.0,3.0,3.0,4.0,3.0,4.0,4.0,3.0,5.0,3.0,4.0,5.0,4.0,4.0,4.0,5.0,4.0
E0270,Other (24),US,3-5y,mid,hybrid,2,4.0,5.0,4.0,6.0,5.0,4.0,4.0,4.0,2.0,5.0,3.0,5.0,3.0,2.0,3.0,5.0,1.0,3.0,3.0,4.0,3.0,4.0,3.0,4.0,5.0,2.0,2.0,4.0,3.0,3.0,4.0,3.0,3.0,2.0,3.0,4.0,4.0,3.0,5.0,3.0,4.0,4.0,3.0,4.0,4.0,3.0,3.0,2.0,3.0
E0271,I,Europe,1-3y,senior,hybrid,2,3.0,3.0,4.0,9.0,5.0,4.0,4.0,4.0,4.0,4.0,3.0,2.0,4.0,3.0,3.0,3.0,3.0,4.0,4.0,4.0,5.0,4.0,3.0,4.0,5.0,3.0,3.0,8.0,3.0,3.0,4.0,3.0,4.0,3.0,3.0,4.0,4.0,3.0,3.0,4.0,4.0,4.0,4.0,4.0,4.0,3.0,4.0,2.0,3.0
E0272,L,Europe,3-5y,junior,remote,2,2.0,3.0,3.0,5.0,3.0,4.0,3.0,3.0,3.0,3.0,1.0,2.0,3.0,1.0,3.0,2.0,2.0,2.0,3.0,3.0,3.0,2.0,2.0,2.0,1.0,3.0,3.0,6.0,1.0,2.0,2.0,3.0,1.0,1.0,4.0,4.0,4.0,5.0,4.0,4.0,4.0,4.0,3.0,3.0,4.0,3.0,3.0,3.0,4.0
E0273,N,UK,<1y,mid,remote,2,4.0,4.0,5.0,9.0,5.0,5.0,4.0,5.0,2.0,4.0,5.0,5.0,3.0,5.0,5.0,4.0,5.0,3.0,5.0,5.0,4.0,5.0,4.0,5.0,4.0,3.0,5.0,6.0,4.0,4.0,5.0,4.0,3.0,5.0,3.0,4.0,3.0,4.0,4.0,3.0,4.0,3.0,4.0,3.0,4.0,5.0,4.0,5.0,5.0
E0274,C,India,>5y,mid,onsite,2,2.0,3.0,3.0,4.0,3.0,4.0,3.0,2.0,2.0,4.0,3.0,3.0,3.0,2.0,4.0,3.0,2.0,3.0,3.0,4.0,3.0,2.0,3.0,4.0,4.0,2.0,3.0,8.0,3.0,1.0,4.0,1.0,2.0,2.0,3.0,4.0,3.0,3.0,3.0,4.0,3.0,4.0,4.0,3.0,3.0,2.0,3.0,5.0,3.0
E0275,Other (24),UK,1-3y,senior,hybrid,2,4.0,4.0,5.0,7.0,3.0,5.0,5.0,4.0,3.0,4.0,4.0,4.0,3.0,4.0,2.0,4.0,4.0,4.0,5.0,5.0,4.0,5.0,4.0,5.0,5.0,3.0,5.0,7.0,4.0,4.0,3.0,5.0,5.0,2.0,5.0,3.0,3.0,4.0,4.0,5.0,5.0,4.0,5.0,5.0,5.0,3.0,3.0,4.0,5.0
E0276,Other (24),Europe,1-3y,lead,remote,2,4.0,2.0,3.0,5.0,2.0,4.0,5.0,2.0,3.0,4.0,4.0,4.0,3.0,2.0,4.0,4.0,2.0,4.0,1.0,4.0,3.0,4.0,3.0,4.0,4.0,2.0,3.0,7.0,3.0,1.0,3.0,2.0,4.0,2.0,5.0,4.0,4.0,5.0,4.0,3.0,3.0,4.0,4.0,3.0,3.0,5.0,4.0,2.0,2.0
E0277,Other (24),UK,3-5y,junior,hybrid,2,4.0,4.0,5.0,9.0,3.0,4.0,3.0,3.0,3.0,4.0,3.0,4.0,3.0,3.0,3.0,5.0,1.0,4.0,3.0,5.0,3.0,4.0,3.0,4.0,5.0,1.0,3.0,8.0,4.0,1.0,3.0,2.0,2.0,2.0,3.0,3.0,5.0,4.0,3.0,4.0,4.0,4.0,3.0,3.0,3.0,3.0,2.0,2.0,3.0
E0278,J,Israel,<1y,mid,hybrid,2,3.0,4.0,3.0,5.0,4.0,3.0,2.0,4.0,2.0,3.0,4.0,4.0,4.0,2.0,2.0,4.0,2.0,1.0,4.0,4.0,2.0,3.0,4.0,4.0,4.0,2.0,4.0,6.0,2.0,2.0,4.0,3.0,2.0,3.0,5.0,4.0,5.0,4.0,3.0,4.0,4.0,4.0,3.0,3.0,3.0,4.0,4.0,4.0,4.0
E0279,K,US,1-3y,mid,onsite,2,2.0,3.0,4.0,6.0,3.0,3.0,4.0,3.0,3.0,4.0,5.0,4.0,2.0,3.0,3.0,3.0,2.0,3.0,4.0,4.0,3.0,3.0,4.0,4.0,3.0,3.0,4.0,4.0,5.0,3.0,3.0,3.0,4.0,4.0,2.0,3.0,3.0,2.0,5.0,4.0,3.0,4.0,4.0,4.0,3.0,4.0,3.0,3.0,3.0
E0280,I,UK,3-5y,junior,hybrid,2,4.0,1.0,4.0,5.0,3.0,5.0,3.0,3.0,3.0,3.0,3.0,4.0,3.0,3.0,4.0,2.0,4.0,5.0,2.0,4.0,4.0,4.0,3.0,3.0,5.0,2.0,4.0,8.0,2.0,2.0,2.0,3.0,4.0,1.0,3.0,3.0,2.0,2.0,2.0,3.0,2.0,4.0,3.0,4.0,3.0,3.0,4.0,4.0,4.0
E0281,P,India,1-3y,senior,hybrid,2,4.0,5.0,4.0,9.0,5.0,4.0,3.0,3.0,3.0,4.0,4.0,4.0,3.0,5.0,3.0,3.0,4.0,3.0,2.0,3.0,5.0,5.0,3.0,4.0,4.0,4.0,5.0,9.0,4.0,3.0,5.0,3.0,3.0,5.0,3.0,4.0,3.0,4.0,3.0,4.0,4.0,4.0,4.0,4.0,5.0,3.0,3.0,5.0,5.0
E0282,Other (24),UK,>5y,mid,hybrid,2,4.0,3.0,3.0,7.0,3.0,3.0,4.0,3.0,5.0,4.0,3.0,4.0,4.0,2.0,3.0,3.0,2.0,5.0,3.0,3.0,2.0,3.0,3.0,4.0,3.0,1.0,3.0,9.0,2.0,1.0,4.0,2.0,4.0,2.0,4.0,4.0,5.0,3.0,5.0,4.0,3.0,2.0,4.0,3.0,3.0,5.0,5.0,4.0,3.0
E0283,J,Israel,<1y,senior,remote,2,3.0,4.0,1.0,4.0,2.0,3.0,2.0,3.0,2.0,2.0,2.0,3.0,3.0,1.0,2.0,1.0,2.0,3.0,2.0,2.0,3.0,3.0,1.0,2.0,2.0,2.0,2.0,7.0,1.0,2.0,4.0,3.0,2.0,2.0,3.0,2.0,3.0,4.0,2.0,3.0,4.0,4.0,4.0,3.0,3.0,3.0,4.0,3.0,3.0
E0284,Other (24),US,3-5y,senior,onsite,2,3.0,4.0,4.0,4.0,3.0,3.0,3.0,2.0,2.0,3.0,4.0,3.0,2.0,2.0,3.0,3.0,3.0,5.0,3.0,3.0,2.0,2.0,3.0,3.0,4.0,2.0,4.0,6.0,4.0,2.0,3.0,3.0,3.0,2.0,3.0,4.0,4.0,4.0,4.0,5.0,4.0,4.0,4.0,5.0,4.0,5.0,3.0,3.0,3.0
E0285,H,India,3-5y,lead,onsite,2,5.0,5.0,4.0,10.0,4.0,5.0,4.0,4.0,3.0,4.0,3.0,3.0,5.0,4.0,4.0,3.0,3.0,5.0,4.0,3.0,5.0,4.0,4.0,5.0,4.0,2.0,4.0,9.0,2.0,3.0,4.0,3.0,3.0,4.0,3.0,4.0,4.0,4.0,4.0,4.0,4.0,5.0,3.0,3.0,3.0,5.0,4.0,4.0,4.0
E0286,Q,Israel,3-5y,senior,hybrid,2,5.0,5.0,3.0,9.0,5.0,5.0,4.0,5.0,5.0,4.0,4.0,4.0,4.0,5.0,4.0,5.0,2.0,4.0,3.0,5.0,5.0,4.0,4.0,5.0,4.0,4.0,3.0,8.0,5.0,4.0,4.0,3.0,3.0,4.0,5.0,4.0,5.0,4.0,5.0,3.0,5.0,5.0,5.0,4.0,5.0,4.0,4.0,5.0,5.0
E0287,O,India,3-5y,senior,hybrid,2,4.0,4.0,5.0,6.0,4.0,4.0,5.0,5.0,4.0,3.0,3.0,4.0,3.0,3.0,3.0,3.0,3.0,3.0,3.0,4.0,4.0,3.0,3.0,5.0,4.0,3.0,4.0,3.0,4.0,4.0,2.0,4.0,4.0,4.0,4.0,4.0,4.0,5.0,4.0,4.0,4.0,3.0,3.0,5.0,3.0,3.0,3.0,4.0,4.0
E0288,F,India,1-3y,mid,remote,2,3.0,3.0,4.0,5.0,3.0,3.0,3.0,3.0,3.0,4.0,3.0,3.0,2.0,5.0,4.0,4.0,4.0,3.0,4.0,3.0,3.0,3.0,5.0,5.0,4.0,3.0,4.0,6.0,4.0,4.0,4.0,2.0,2.0,4.0,3.0,4.0,4.0,5.0,4.0,4.0,4.0,4.0,3.0,4.0,5.0,4.0,4.0,3.0,3.0
E0289,Other (24),India,1-3y,senior,hybrid,2,3.0,4.0,5.0,8.0,4.0,3.0,3.0,4.0,3.0,5.0,4.0,5.0,4.0,4.0,2.0,5.0,3.0,4.0,3.0,5.0,4.0,5.0,5.0,4.0,5.0,1.0,5.0,9.0,5.0,2.0,4.0,4.0,4.0,2.0,5.0,5.0,4.0,5.0,5.0,5.0,5.0,4.0,5.0,4.0,4.0,5.0,5.0,4.0,4.0
E0290,E,India,>5y,mid,hybrid,2,3.0,4.0,5.0,10.0,3.0,3.0,3.0,5.0,3.0,4.0,3.0,3.0,3.0,3.0,3.0,3.0,2.0,3.0,5.0,4.0,4.0,2.0,3.0,2.0,3.0,3.0,2.0,9.0,2.0,3.0,5.0,3.0,2.0,2.0,4.0,3.0,5.0,5.0,3.0,4.0,4.0,4.0,2.0,4.0,4.0,5.0,4.0,3.0,4.0
E0291,J,India,3-5y,mid,hybrid,2,4.0,3.0,2.0,3.0,2.0,3.0,2.0,3.0,2.0,3.0,2.0,3.0,4.0,2.0,2.0,3.0,3.0,2.0,2.0,4.0,3.0,2.0,3.0,4.0,2.0,2.0,3.0,5.0,2.0,2.0,3.0,2.0,2.0,3.0,3.0,3.0,4.0,4.0,4.0,3.0,2.0,3.0,4.0,3.0,3.0,3.0,4.0,3.0,3.0
E0292,N,Israel,1-3y,mid,onsite,2,3.0,5.0,4.0,10.0,5.0,5.0,3.0,5.0,4.0,4.0,4.0,5.0,4.0,5.0,4.0,4.0,3.0,4.0,4.0,5.0,3.0,5.0,5.0,4.0,3.0,3.0,5.0,10.0,5.0,4.0,5.0,2.0,2.0,4.0,5.0,4.0,5.0,4.0,3.0,4.0,4.0,3.0,4.0,2.0,3.0,5.0,5.0,4.0,5.0
E0293,R,India,3-5y,senior,hybrid,2,3.0,4.0,3.0,8.0,4.0,3.0,3.0,3.0,4.0,4.0,4.0,5.0,3.0,2.0,2.0,4.0,2.0,3.0,3.0,3.0,3.0,3.0,4.0,3.0,5.0,2.0,3.0,6.0,3.0,1.0,4.0,1.0,3.0,1.0,4.0,3.0,4.0,3.0,3.0,3.0,5.0,5.0,5.0,2.0,4.0,4.0,5.0,3.0,3.0
E0294,K,UK,>5y,senior,hybrid,2,3.0,2.0,3.0,7.0,3.0,3.0,4.0,3.0,3.0,4.0,4.0,4.0,3.0,3.0,4.0,4.0,3.0,5.0,4.0,4.0,3.0,4.0,4.0,4.0,5.0,3.0,4.0,7.0,4.0,3.0,3.0,3.0,3.0,3.0,4.0,4.0,4.0,3.0,3.0,3.0,3.0,3.0,5.0,4.0,3.0,4.0,4.0,2.0,3.0
E0295,B,Israel,<1y,lead,hybrid,2,5.0,5.0,5.0,9.0,4.0,3.0,4.0,4.0,4.0,4.0,4.0,4.0,4.0,3.0,4.0,3.0,4.0,3.0,3.0,5.0,4.0,4.0,4.0,4.0,5.0,3.0,4.0,10.0,4.0,3.0,2.0,2.0,3.0,5.0,3.0,3.0,4.0,4.0,5.0,3.0,5.0,5.0,5.0,4.0,4.0,5.0,4.0,4.0,4.0
E0296,Other (24),Israel,1-3y,mid,hybrid,2,3.0,5.0,5.0,10.0,5.0,3.0,4.0,4.0,2.0,5.0,4.0,4.0,3.0,2.0,2.0,4.0,3.0,3.0,4.0,4.0,4.0,4.0,3.0,5.0,5.0,2.0,4.0,6.0,4.0,2.0,5.0,4.0,2.0,1.0,5.0,5.0,4.0,4.0,3.0,3.0,3.0,4.0,3.0,4.0,4.0,4.0,4.0,3.0,3.0
E0297,Other (24),US,>5y,mid,remote,2,5.0,3.0,5.0,5.0,4.0,4.0,4.0,3.0,3.0,4.0,3.0,4.0,3.0,4.0,3.0,4.0,3.0,5.0,1.0,5.0,4.0,4.0,4.0,3.0,4.0,1.0,3.0,7.0,3.0,1.0,3.0,4.0,3.0,1.0,3.0,4.0,3.0,4.0,4.0,3.0,5.0,3.0,4.0,3.0,3.0,4.0,5.0,3.0,4.0
E0298,O,India,1-3y,lead,onsite,2,3.0,3.0,4.0,5.0,4.0,3.0,2.0,3.0,2.0,1.0,2.0,3.0,2.0,2.0,3.0,3.0,3.0,3.0,4.0,4.0,3.0,3.0,5.0,3.0,3.0,2.0,3.0,3.0,3.0,3.0,3.0,3.0,3.0,4.0,1.0,2.0,3.0,4.0,3.0,4.0,5.0,4.0,4.0,3.0,3.0,3.0,4.0,4.0,4.0
E0299,G,India,1-3y,senior,hybrid,2,4.0,5.0,1.0,10.0,4.0,4.0,4.0,5.0,2.0,4.0,1.0,3.0,2.0,3.0,5.0,3.0,2.0,4.0,4.0,3.0,5.0,4.0,3.0,3.0,4.0,1.0,2.0,8.0,2.0,2.0,5.0,3.0,3.0,2.0,3.0,3.0,3.0,4.0,3.0,3.0,3.0,4.0,3.0,3.0,3.0,4.0,5.0,3.0,4.0
E0300,Other (24),Europe,<1y,senior,hybrid,2,4.0,4.0,4.0,5.0,2.0,4.0,3.0,3.0,3.0,4.0,4.0,5.0,1.0,3.0,2.0,5.0,5.0,3.0,3.0,4.0,4.0,4.0,3.0,4.0,5.0,2.0,3.0,5.0,3.0,3.0,3.0,3.0,4.0,3.0,4.0,3.0,4.0,4.0,5.0,5.0,4.0,5.0,4.0,3.0,4.0,4.0,4.0,4.0,3.0
E0301,Other (24),Israel,1-3y,mid,hybrid,2,4.0,4.0,3.0,5.0,4.0,4.0,3.0,4.0,3.0,4.0,3.0,4.0,2.0,2.0,2.0,5.0,3.0,4.0,4.0,4.0,4.0,4.0,3.0,5.0,4.0,3.0,4.0,9.0,5.0,3.0,4.0,4.0,4.0,3.0,3.0,5.0,3.0,2.0,2.0,2.0,4.0,3.0,2.0,4.0,5.0,4.0,5.0,4.0,3.0
E0302,J,Israel,<1y,junior,hybrid,2,2.0,4.0,3.0,4.0,4.0,2.0,3.0,3.0,1.0,3.0,3.0,4.0,1.0,2.0,1.0,5.0,2.0,2.0,2.0,3.0,2.0,4.0,2.0,3.0,4.0,1.0,3.0,5.0,3.0,2.0,3.0,2.0,2.0,3.0,4.0,4.0,4.0,2.0,3.0,3.0,3.0,2.0,3.0,3.0,5.0,3.0,3.0,3.0,3.0
E0303,O,Israel,>5y,lead,remote,2,3.0,5.0,4.0,7.0,4.0,4.0,2.0,4.0,5.0,3.0,3.0,2.0,4.0,2.0,3.0,2.0,3.0,2.0,3.0,2.0,3.0,4.0,4.0,3.0,3.0,2.0,3.0,8.0,1.0,3.0,3.0,3.0,4.0,2.0,5.0,4.0,4.0,4.0,4.0,5.0,3.0,4.0,3.0,3.0,5.0,5.0,4.0,2.0,2.0
E0304,N,US,1-3y,mid,hybrid,2,3.0,4.0,4.0,9.0,5.0,3.0,5.0,4.0,5.0,4.0,4.0,5.0,4.0,4.0,4.0,3.0,5.0,3.0,5.0,4.0,4.0,5.0,4.0,5.0,4.0,4.0,4.0,5.0,4.0,3.0,5.0,4.0,3.0,5.0,4.0,2.0,5.0,3.0,2.0,4.0,4.0,4.0,4.0,5.0,4.0,4.0,5.0,3.0,3.0
E0305,L,UK,>5y,mid,hybrid,2,3.0,4.0,4.0,5.0,2.0,5.0,3.0,3.0,2.0,4.0,2.0,4.0,3.0,3.0,4.0,2.0,4.0,4.0,2.0,3.0,4.0,3.0,3.0,3.0,4.0,4.0,4.0,7.0,2.0,3.0,3.0,4.0,2.0,3.0,3.0,2.0,3.0,4.0,4.0,4.0,5.0,3.0,5.0,4.0,5.0,4.0,4.0,3.0,3.0
E0306,B,India,<1y,junior,onsite,2,4.0,4.0,4.0,8.0,5.0,3.0,3.0,4.0,5.0,4.0,5.0,5.0,4.0,3.0,3.0,4.0,3.0,3.0,4.0,4.0,4.0,4.0,4.0,3.0,4.0,2.0,3.0,10.0,4.0,2.0,4.0,3.0,3.0,2.0,3.0,3.0,4.0,4.0,4.0,4.0,4.0,3.0,4.0,4.0,4.0,5.0,4.0,3.0,3.0
E0307,L,India,1-3y,mid,hybrid,2,3.0,3.0,5.0,4.0,3.0,4.0,4.0,3.0,4.0,4.0,2.0,2.0,3.0,4.0,5.0,3.0,3.0,3.0,2.0,4.0,4.0,3.0,3.0,3.0,3.0,4.0,2.0,7.0,3.0,2.0,3.0,3.0,2.0,3.0,3.0,3.0,2.0,3.0,3.0,4.0,2.0,3.0,3.0,3.0,3.0,5.0,4.0,2.0,3.0
E0308,Q,UK,<1y,mid,hybrid,2,5.0,3.0,4.0,7.0,2.0,3.0,3.0,5.0,5.0,2.0,4.0,4.0,5.0,5.0,4.0,5.0,4.0,4.0,3.0,5.0,4.0,3.0,4.0,5.0,5.0,2.0,5.0,10.0,4.0,3.0,3.0,3.0,3.0,3.0,3.0,3.0,4.0,3.0,4.0,3.0,4.0,4.0,3.0,3.0,4.0,3.0,4.0,4.0,5.0
E0309,Other (24),UK,>5y,mid,hybrid,2,3.0,4.0,4.0,7.0,4.0,3.0,2.0,5.0,1.0,5.0,3.0,4.0,2.0,4.0,3.0,3.0,3.0,3.0,3.0,4.0,3.0,3.0,3.0,4.0,3.0,2.0,4.0,6.0,3.0,3.0,4.0,4.0,4.0,3.0,3.0,3.0,4.0,4.0,4.0,4.0,3.0,4.0,4.0,5.0,5.0,4.0,5.0,3.0,3.0
E0310,O,Europe,>5y,mid,hybrid,2,3.0,3.0,4.0,3.0,3.0,4.0,3.0,2.0,3.0,3.0,2.0,3.0,3.0,2.0,4.0,3.0,3.0,3.0,3.0,5.0,3.0,5.0,3.0,4.0,4.0,2.0,5.0,6.0,3.0,3.0,4.0,1.0,3.0,2.0,2.0,2.0,3.0,3.0,4.0,3.0,4.0,3.0,2.0,3.0,2.0,4.0,4.0,4.0,3.0
E0311,C,US,1-3y,junior,hybrid,2,3.0,4.0,4.0,7.0,4.0,4.0,2.0,4.0,4.0,3.0,3.0,3.0,4.0,2.0,5.0,3.0,3.0,4.0,4.0,4.0,4.0,3.0,3.0,3.0,2.0,3.0,2.0,6.0,3.0,4.0,5.0,2.0,4.0,3.0,3.0,3.0,3.0,3.0,3.0,3.0,4.0,4.0,3.0,4.0,4.0,5.0,5.0,4.0,3.0
E0312,Q,UK,1-3y,mid,remote,2,3.0,3.0,5.0,7.0,5.0,3.0,3.0,5.0,4.0,4.0,3.0,5.0,4.0,4.0,4.0,5.0,4.0,3.0,3.0,5.0,5.0,4.0,4.0,4.0,4.0,3.0,5.0,8.0,4.0,3.0,2.0,3.0,3.0,4.0,4.0,4.0,4.0,3.0,3.0,3.0,4.0,3.0,3.0,5.0,5.0,4.0,4.0,4.0,3.0
E0313,K,India,1-3y,senior,onsite,2,3.0,2.0,4.0,4.0,3.0,3.0,3.0,3.0,3.0,5.0,4.0,3.0,3.0,3.0,3.0,3.0,3.0,4.0,4.0,3.0,3.0,3.0,4.0,3.0,5.0,2.0,4.0,3.0,3.0,2.0,3.0,3.0,3.0,3.0,4.0,4.0,4.0,3.0,4.0,5.0,3.0,2.0,4.0,3.0,4.0,3.0,2.0,3.0,3.0
E0314,J,US,<1y,mid,hybrid,2,4.0,4.0,3.0,5.0,4.0,3.0,4.0,3.0,1.0,3.0,4.0,4.0,2.0,5.0,3.0,4.0,3.0,2.0,5.0,5.0,4.0,4.0,3.0,4.0,5.0,3.0,4.0,8.0,4.0,2.0,4.0,3.0,2.0,4.0,4.0,5.0,5.0,3.0,3.0,5.0,5.0,4.0,5.0,3.0,4.0,4.0,4.0,4.0,3.0
E0315,I,Israel,>5y,junior,hybrid,2,4.0,5.0,5.0,9.0,5.0,4.0,5.0,4.0,3.0,5.0,3.0,4.0,3.0,4.0,4.0,3.0,3.0,5.0,5.0,4.0,5.0,3.0,3.0,4.0,5.0,3.0,4.0,6.0,3.0,4.0,5.0,3.0,4.0,4.0,4.0,4.0,5.0,4.0,3.0,5.0,5.0,4.0,4.0,4.0,5.0,3.0,4.0,4.0,4.0
E0316,A,UK,>5y,mid,remote,2,5.0,4.0,3.0,9.0,5.0,4.0,4.0,4.0,3.0,3.0,2.0,4.0,4.0,4.0,4.0,3.0,4.0,4.0,3.0,3.0,5.0,3.0,4.0,3.0,3.0,3.0,4.0,9.0,2.0,4.0,5.0,4.0,4.0,5.0,4.0,5.0,4.0,4.0,4.0,4.0,3.0,4.0,4.0,4.0,5.0,5.0,4.0,3.0,4.0
E0317,I,UK,1-3y,mid,remote,2,3.0,4.0,5.0,5.0,3.0,4.0,3.0,5.0,3.0,4.0,2.0,3.0,2.0,4.0,3.0,3.0,2.0,4.0,4.0,4.0,2.0,4.0,3.0,4.0,5.0,3.0,3.0,7.0,4.0,3.0,3.0,3.0,3.0,4.0,3.0,4.0,4.0,3.0,4.0,3.0,5.0,4.0,5.0,3.0,3.0,5.0,4.0,3.0,3.0
E0318,D,UK,1-3y,mid,hybrid,2,5.0,4.0,5.0,7.0,5.0,5.0,5.0,5.0,4.0,4.0,4.0,5.0,3.0,5.0,5.0,5.0,2.0,5.0,4.0,5.0,5.0,5.0,5.0,5.0,5.0,5.0,5.0,7.0,5.0,4.0,3.0,3.0,3.0,3.0,3.0,4.0,4.0,4.0,3.0,5.0,4.0,4.0,3.0,4.0,3.0,5.0,5.0,4.0,5.0
E0319,H,US,<1y,junior,onsite,2,5.0,5.0,5.0,10.0,4.0,5.0,4.0,4.0,4.0,4.0,4.0,4.0,3.0,4.0,3.0,4.0,4.0,4.0,4.0,4.0,5.0,5.0,5.0,4.0,5.0,4.0,5.0,7.0,3.0,5.0,5.0,4.0,4.0,5.0,3.0,5.0,3.0,2.0,2.0,3.0,4.0,3.0,5.0,3.0,5.0,4.0,4.0,4.0,3.0
E0320,D,US,>5y,mid,remote,2,2.0,3.0,4.0,3.0,3.0,4.0,4.0,3.0,4.0,3.0,2.0,3.0,3.0,3.0,4.0,3.0,4.0,2.0,3.0,3.0,3.0,4.0,4.0,3.0,3.0,4.0,4.0,4.0,4.0,4.0,4.0,3.0,2.0,5.0,4.0,4.0,4.0,4.0,4.0,4.0,4.0,4.0,3.0,4.0,3.0,4.0,3.0,2.0,3.0
E0321,C,UK,3-5y,mid,remote,2,4.0,4.0,3.0,9.0,4.0,4.0,3.0,4.0,3.0,3.0,3.0,3.0,4.0,3.0,3.0,4.0,3.0,4.0,4.0,4.0,2.0,4.0,3.0,2.0,3.0,2.0,3.0,8.0,3.0,4.0,5.0,3.0,4.0,2.0,4.0,5.0,4.0,4.0,5.0,5.0,5.0,4.0,5.0,3.0,3.0,4.0,4.0,4.0,4.0
E0322,Other (24),UK,>5y,mid,onsite,2,3.0,4.0,3.0,8.0,4.0,3.0,4.0,4.0,3.0,3.0,3.0,3.0,5.0,3.0,3.0,3.0,2.0,3.0,3.0,3.0,1.0,2.0,3.0,3.0,4.0,2.0,2.0,9.0,3.0,2.0,4.0,4.0,3.0,2.0,2.0,3.0,2.0,2.0,4.0,3.0,5.0,4.0,4.0,4.0,4.0,3.0,4.0,3.0,4.0
E0323,I,US,<1y,mid,hybrid,2,3.0,4.0,5.0,6.0,4.0,3.0,4.0,5.0,4.0,5.0,5.0,4.0,3.0,5.0,2.0,4.0,2.0,3.0,4.0,5.0,4.0,5.0,5.0,5.0,5.0,2.0,5.0,5.0,3.0,2.0,5.0,2.0,2.0,2.0,4.0,4.0,5.0,2.0,3.0,2.0,4.0,3.0,3.0,4.0,4.0,4.0,4.0,3.0,3.0
E0324,G,UK,3-5y,junior,hybrid,2,4.0,4.0,4.0,6.0,4.0,3.0,3.0,3.0,1.0,2.0,4.0,4.0,2.0,4.0,3.0,4.0,4.0,3.0,3.0,3.0,5.0,4.0,4.0,4.0,5.0,3.0,2.0,4.0,4.0,1.0,4.0,3.0,3.0,2.0,3.0,2.0,4.0,5.0,5.0,4.0,5.0,4.0,4.0,2.0,3.0,4.0,3.0,3.0,2.0
E0325,B,India,<1y,mid,hybrid,2,4.0,5.0,4.0,8.0,4.0,3.0,4.0,5.0,4.0,5.0,5.0,5.0,4.0,3.0,2.0,3.0,3.0,1.0,5.0,5.0,2.0,4.0,4.0,5.0,5.0,2.0,5.0,6.0,4.0,1.0,5.0,2.0,2.0,3.0,4.0,5.0,5.0,3.0,4.0,4.0,3.0,4.0,3.0,2.0,3.0,3.0,3.0,5.0,4.0
E0326,Other (24),India,>5y,senior,hybrid,2,4.0,4.0,5.0,6.0,4.0,4.0,3.0,3.0,2.0,3.0,4.0,4.0,2.0,4.0,4.0,4.0,2.0,5.0,4.0,5.0,4.0,4.0,3.0,5.0,5.0,3.0,3.0,3.0,4.0,3.0,4.0,2.0,3.0,3.0,4.0,3.0,4.0,5.0,4.0,5.0,4.0,4.0,5.0,4.0,3.0,4.0,5.0,3.0,4.0
E0327,M,US,1-3y,junior,hybrid,2,5.0,3.0,4.0,6.0,4.0,5.0,4.0,3.0,3.0,4.0,2.0,4.0,3.0,4.0,4.0,2.0,1.0,2.0,3.0,4.0,3.0,2.0,2.0,3.0,4.0,2.0,2.0,6.0,3.0,2.0,3.0,2.0,2.0,3.0,4.0,3.0,3.0,4.0,3.0,4.0,3.0,3.0,4.0,3.0,4.0,3.0,3.0,3.0,3.0
E0328,A,UK,1-3y,mid,onsite,2,4.0,5.0,5.0,9.0,5.0,3.0,4.0,5.0,4.0,3.0,3.0,4.0,5.0,4.0,3.0,4.0,2.0,4.0,5.0,5.0,2.0,3.0,5.0,3.0,5.0,3.0,4.0,8.0,3.0,3.0,5.0,4.0,4.0,3.0,5.0,5.0,4.0,4.0,3.0,4.0,4.0,3.0,4.0,5.0,4.0,5.0,5.0,5.0,4.0
E0329,D,US,1-3y,mid,hybrid,2,3.0,4.0,4.0,6.0,4.0,3.0,3.0,3.0,5.0,5.0,3.0,4.0,2.0,4.0,3.0,4.0,3.0,2.0,3.0,4.0,3.0,4.0,4.0,4.0,4.0,3.0,4.0,3.0,3.0,3.0,3.0,2.0,2.0,3.0,4.0,4.0,4.0,3.0,2.0,2.0,4.0,3.0,4.0,3.0,4.0,2.0,3.0,3.0,2.0
E0330,C,Israel,>5y,mid,hybrid,2,3.0,2.0,5.0,6.0,3.0,2.0,2.0,3.0,3.0,5.0,3.0,5.0,1.0,4.0,3.0,4.0,2.0,3.0,3.0,3.0,3.0,4.0,4.0,5.0,3.0,5.0,4.0,6.0,5.0,3.0,5.0,2.0,4.0,3.0,3.0,4.0,4.0,4.0,4.0,4.0,4.0,5.0,5.0,4.0,4.0,4.0,4.0,4.0,4.0
E0331,K,UK,1-3y,junior,onsite,2,2.0,3.0,3.0,5.0,3.0,3.0,3.0,3.0,3.0,5.0,4.0,4.0,3.0,4.0,3.0,3.0,2.0,4.0,4.0,4.0,3.0,4.0,3.0,4.0,3.0,3.0,4.0,5.0,4.0,3.0,4.0,3.0,3.0,3.0,1.0,3.0,3.0,4.0,3.0,4.0,4.0,4.0,5.0,4.0,3.0,4.0,5.0,4.0,4.0
E0332,E,US,1-3y,mid,hybrid,2,5.0,5.0,5.0,8.0,5.0,2.0,3.0,5.0,3.0,5.0,4.0,4.0,4.0,4.0,2.0,4.0,3.0,4.0,4.0,5.0,3.0,4.0,4.0,4.0,5.0,3.0,3.0,7.0,5.0,4.0,5.0,3.0,3.0,4.0,2.0,5.0,4.0,3.0,5.0,4.0,5.0,5.0,5.0,5.0,5.0,4.0,4.0,5.0,3.0
E0333,Other (24),India,<1y,mid,onsite,2,2.0,4.0,3.0,9.0,5.0,3.0,3.0,4.0,4.0,3.0,2.0,4.0,2.0,2.0,3.0,4.0,3.0,3.0,4.0,4.0,3.0,3.0,3.0,3.0,3.0,2.0,3.0,6.0,3.0,2.0,3.0,3.0,3.0,2.0,3.0,5.0,3.0,5.0,3.0,5.0,3.0,2.0,3.0,4.0,4.0,5.0,5.0,5.0,4.0
E0334,E,Israel,<1y,mid,onsite,2,3.0,5.0,4.0,6.0,5.0,4.0,4.0,5.0,4.0,3.0,2.0,3.0,4.0,2.0,4.0,3.0,3.0,4.0,4.0,4.0,4.0,4.0,3.0,3.0,3.0,4.0,3.0,7.0,3.0,3.0,5.0,3.0,2.0,2.0,4.0,4.0,4.0,5.0,5.0,5.0,4.0,3.0,4.0,4.0,4.0,3.0,4.0,3.0,4.0
E0335,K,UK,1-3y,junior,hybrid,2,3.0,4.0,4.0,7.0,4.0,4.0,3.0,3.0,3.0,4.0,3.0,2.0,4.0,4.0,3.0,3.0,1.0,2.0,3.0,4.0,2.0,4.0,3.0,5.0,3.0,1.0,4.0,6.0,5.0,2.0,5.0,1.0,3.0,1.0,4.0,5.0,4.0,4.0,3.0,4.0,5.0,4.0,5.0,2.0,3.0,5.0,4.0,4.0,3.0
E0336,Other (24),Europe,<1y,lead,remote,2,3.0,5.0,5.0,6.0,4.0,5.0,4.0,4.0,3.0,4.0,5.0,5.0,2.0,4.0,3.0,5.0,5.0,4.0,4.0,5.0,4.0,4.0,4.0,5.0,5.0,3.0,5.0,7.0,4.0,4.0,5.0,5.0,4.0,4.0,5.0,4.0,5.0,3.0,5.0,4.0,5.0,3.0,4.0,4.0,5.0,3.0,3.0,5.0,5.0
E0337,L,UK,>5y,senior,hybrid,2,4.0,3.0,5.0,4.0,3.0,5.0,4.0,2.0,4.0,3.0,3.0,4.0,4.0,3.0,4.0,4.0,3.0,5.0,3.0,5.0,4.0,4.0,3.0,3.0,4.0,2.0,3.0,7.0,3.0,4.0,2.0,2.0,3.0,1.0,3.0,4.0,3.0,5.0,3.0,3.0,3.0,4.0,4.0,4.0,4.0,4.0,5.0,2.0,2.0
E0338,M,UK,1-3y,mid,onsite,2,4.0,5.0,5.0,9.0,4.0,4.0,5.0,5.0,3.0,3.0,3.0,4.0,4.0,4.0,4.0,3.0,1.0,4.0,4.0,5.0,5.0,3.0,4.0,3.0,4.0,2.0,2.0,5.0,2.0,2.0,5.0,1.0,1.0,3.0,4.0,5.0,5.0,2.0,1.0,2.0,2.0,1.0,3.0,4.0,4.0,3.0,4.0,3.0,3.0
E0339,E,UK,>5y,mid,hybrid,2,3.0,4.0,5.0,8.0,4.0,2.0,3.0,3.0,2.0,5.0,3.0,4.0,1.0,3.0,3.0,3.0,2.0,3.0,3.0,5.0,4.0,4.0,3.0,4.0,5.0,3.0,4.0,5.0,4.0,4.0,4.0,1.0,2.0,3.0,3.0,2.0,2.0,2.0,3.0,3.0,3.0,4.0,4.0,3.0,3.0,5.0,3.0,2.0,3.0
E0340,L,Europe,1-3y,senior,onsite,2,3.0,2.0,3.0,3.0,2.0,3.0,2.0,3.0,4.0,3.0,2.0,3.0,4.0,3.0,2.0,5.0,3.0,2.0,3.0,3.0,3.0,3.0,2.0,3.0,3.0,3.0,3.0,7.0,2.0,2.0,4.0,2.0,2.0,2.0,3.0,1.0,3.0,4.0,4.0,4.0,4.0,4.0,3.0,4.0,3.0,4.0,3.0,3.0,4.0
E0341,H,US,<1y,junior,hybrid,2,5.0,5.0,5.0,10.0,5.0,5.0,5.0,5.0,4.0,5.0,4.0,4.0,4.0,5.0,5.0,5.0,2.0,4.0,5.0,5.0,5.0,5.0,5.0,5.0,5.0,4.0,4.0,8.0,4.0,3.0,5.0,3.0,3.0,4.0,5.0,4.0,5.0,4.0,4.0,4.0,5.0,5.0,5.0,3.0,4.0,4.0,5.0,3.0,1.0
E0342,P,US,3-5y,junior,remote,2,4.0,5.0,4.0,9.0,4.0,4.0,4.0,5.0,2.0,4.0,4.0,5.0,2.0,5.0,4.0,3.0,4.0,4.0,5.0,3.0,5.0,4.0,3.0,4.0,5.0,4.0,4.0,7.0,4.0,3.0,5.0,4.0,3.0,4.0,4.0,4.0,5.0,5.0,5.0,5.0,4.0,1.0,4.0,5.0,4.0,5.0,5.0,5.0,4.0
E0343,Q,Europe,1-3y,mid,hybrid,2,4.0,4.0,5.0,9.0,5.0,4.0,4.0,5.0,4.0,4.0,4.0,3.0,3.0,4.0,4.0,5.0,4.0,4.0,4.0,4.0,4.0,4.0,3.0,5.0,3.0,4.0,4.0,6.0,4.0,5.0,5.0,4.0,4.0,4.0,5.0,4.0,5.0,5.0,4.0,5.0,3.0,4.0,4.0,5.0,4.0,4.0,4.0,3.0,2.0
E0344,Other (24),Israel,<1y,mid,onsite,2,4.0,4.0,3.0,9.0,4.0,3.0,4.0,4.0,3.0,3.0,4.0,4.0,4.0,1.0,2.0,3.0,4.0,5.0,4.0,5.0,3.0,2.0,2.0,2.0,4.0,3.0,2.0,6.0,3.0,4.0,4.0,3.0,4.0,3.0,4.0,3.0,4.0,3.0,2.0,3.0,5.0,4.0,3.0,4.0,4.0,4.0,5.0,3.0,4.0
E0345,J,UK,1-3y,lead,hybrid,2,2.0,2.0,2.0,1.0,1.0,2.0,2.0,3.0,2.0,2.0,2.0,2.0,3.0,2.0,2.0,3.0,4.0,1.0,1.0,5.0,2.0,4.0,3.0,3.0,3.0,3.0,3.0,4.0,2.0,3.0,2.0,2.0,2.0,3.0,4.0,2.0,2.0,4.0,5.0,3.0,3.0,3.0,3.0,4.0,4.0,5.0,4.0,2.0,1.0
E0346,H,Europe,1-3y,junior,hybrid,2,4.0,5.0,5.0,10.0,5.0,4.0,4.0,5.0,3.0,5.0,3.0,5.0,3.0,4.0,3.0,5.0,2.0,2.0,5.0,4.0,4.0,5.0,4.0,5.0,5.0,3.0,5.0,5.0,5.0,5.0,5.0,4.0,3.0,4.0,4.0,5.0,5.0,4.0,5.0,5.0,3.0,3.0,2.0,3.0,3.0,5.0,5.0,3.0,4.0
E0347,L,US,1-3y,mid,onsite,2,5.0,4.0,5.0,4.0,4.0,5.0,4.0,3.0,5.0,4.0,2.0,2.0,3.0,3.0,5.0,3.0,2.0,4.0,2.0,3.0,3.0,3.0,4.0,4.0,3.0,4.0,4.0,9.0,3.0,2.0,3.0,3.0,2.0,1.0,3.0,4.0,3.0,4.0,3.0,3.0,4.0,5.0,5.0,3.0,4.0,5.0,4.0,5.0,4.0
E0348,D,India,<1y,mid,hybrid,2,4.0,5.0,5.0,5.0,5.0,5.0,4.0,5.0,4.0,4.0,4.0,5.0,3.0,4.0,5.0,4.0,3.0,3.0,3.0,5.0,4.0,5.0,5.0,4.0,5.0,5.0,4.0,5.0,5.0,4.0,4.0,4.0,3.0,5.0,4.0,3.0,4.0,5.0,5.0,5.0,5.0,4.0,5.0,5.0,3.0,4.0,5.0,3.0,3.0
E0349,H,Israel,>5y,senior,hybrid,2,5.0,5.0,5.0,10.0,5.0,5.0,5.0,4.0,5.0,5.0,5.0,5.0,5.0,5.0,3.0,4.0,4.0,5.0,4.0,5.0,5.0,5.0,5.0,5.0,5.0,3.0,5.0,10.0,5.0,5.0,5.0,4.0,4.0,5.0,4.0,5.0,5.0,4.0,4.0,4.0,4.0,4.0,2.0,5.0,5.0,4.0,4.0,5.0,5.0
E0350,A,Israel,<1y,senior,hybrid,2,4.0,4.0,3.0,7.0,4.0,4.0,3.0,4.0,2.0,3.0,3.0,4.0,3.0,4.0,3.0,3.0,2.0,3.0,5.0,4.0,5.0,4.0,4.0,4.0,3.0,3.0,4.0,6.0,2.0,2.0,4.0,2.0,4.0,2.0,3.0,4.0,3.0,2.0,4.0,3.0,3.0,3.0,3.0,3.0,3.0,4.0,4.0,4.0,5.0
E0351,J,US,>5y,mid,onsite,2,2.0,4.0,4.0,4.0,3.0,3.0,3.0,4.0,1.0,3.0,4.0,3.0,3.0,3.0,3.0,4.0,2.0,3.0,2.0,4.0,4.0,3.0,3.0,4.0,2.0,4.0,2.0,3.0,4.0,2.0,4.0,3.0,2.0,4.0,3.0,4.0,4.0,3.0,4.0,4.0,4.0,3.0,5.0,5.0,4.0,4.0,5.0,3.0,3.0
E0352,Other (24),Europe,1-3y,mid,remote,2,3.0,4.0,3.0,5.0,2.0,4.0,2.0,3.0,4.0,3.0,3.0,4.0,3.0,3.0,2.0,3.0,3.0,2.0,2.0,3.0,2.0,3.0,3.0,3.0,4.0,3.0,3.0,8.0,4.0,3.0,3.0,4.0,5.0,3.0,3.0,4.0,4.0,3.0,4.0,4.0,4.0,4.0,4.0,4.0,5.0,3.0,4.0,5.0,5.0
E0353,Other (24),Europe,1-3y,senior,onsite,2,3.0,4.0,3.0,7.0,3.0,3.0,2.0,3.0,2.0,4.0,2.0,3.0,2.0,1.0,3.0,2.0,4.0,4.0,3.0,3.0,3.0,3.0,2.0,3.0,3.0,3.0,3.0,5.0,2.0,2.0,3.0,4.0,3.0,2.0,3.0,2.0,3.0,3.0,3.0,2.0,5.0,5.0,5.0,3.0,3.0,3.0,4.0,1.0,4.0
E0354,H,Israel,1-3y,mid,hybrid,2,5.0,4.0,5.0,10.0,3.0,4.0,4.0,3.0,3.0,5.0,4.0,5.0,2.0,5.0,4.0,5.0,2.0,3.0,4.0,5.0,5.0,5.0,4.0,5.0,5.0,4.0,5.0,8.0,4.0,3.0,3.0,3.0,3.0,4.0,4.0,3.0,4.0,5.0,5.0,5.0,4.0,3.0,4.0,3.0,3.0,3.0,3.0,4.0,5.0
E0355,J,Europe,1-3y,senior,hybrid,2,3.0,5.0,4.0,2.0,3.0,3.0,3.0,4.0,3.0,3.0,3.0,2.0,4.0,3.0,3.0,3.0,3.0,2.0,3.0,5.0,3.0,3.0,3.0,4.0,3.0,3.0,2.0,8.0,3.0,3.0,3.0,3.0,2.0,5.0,3.0,5.0,5.0,3.0,5.0,4.0,4.0,3.0,5.0,4.0,4.0,5.0,4.0,3.0,3.0
E0356,P,US,3-5y,senior,hybrid,2,3.0,5.0,5.0,9.0,5.0,5.0,2.0,5.0,3.0,5.0,4.0,5.0,3.0,5.0,4.0,4.0,5.0,5.0,4.0,5.0,5.0,4.0,4.0,5.0,4.0,4.0,5.0,7.0,5.0,3.0,5.0,4.0,3.0,3.0,4.0,4.0,5.0,4.0,4.0,4.0,5.0,4.0,5.0,4.0,4.0,5.0,4.0,3.0,5.0
E0357,K,Europe,1-3y,mid,hybrid,2,4.0,2.0,3.0,8.0,3.0,3.0,2.0,3.0,2.0,3.0,3.0,3.0,2.0,1.0,3.0,2.0,2.0,3.0,2.0,3.0,2.0,3.0,2.0,4.0,2.0,2.0,2.0,2.0,2.0,3.0,3.0,4.0,2.0,3.0,2.0,1.0,2.0,3.0,4.0,2.0,3.0,3.0,2.0,4.0,4.0,4.0,3.0,3.0,3.0
E0358,C,India,1-3y,mid,remote,2,3.0,3.0,4.0,5.0,3.0,4.0,2.0,3.0,3.0,4.0,3.0,3.0,2.0,3.0,5.0,4.0,3.0,2.0,4.0,4.0,3.0,2.0,2.0,4.0,3.0,4.0,3.0,7.0,3.0,4.0,5.0,2.0,3.0,3.0,4.0,4.0,5.0,4.0,4.0,3.0,4.0,4.0,5.0,4.0,4.0,4.0,4.0,3.0,3.0
E0359,I,Israel,<1y,junior,onsite,2,4.0,3.0,5.0,6.0,4.0,4.0,4.0,4.0,2.0,4.0,3.0,3.0,4.0,3.0,4.0,2.0,2.0,3.0,5.0,4.0,5.0,4.0,4.0,5.0,5.0,3.0,2.0,9.0,3.0,2.0,3.0,2.0,2.0,2.0,4.0,2.0,3.0,3.0,3.0,3.0,2.0,4.0,4.0,3.0,3.0,4.0,4.0,2.0,3.0
E0360,D,UK,1-3y,senior,hybrid,2,4.0,5.0,5.0,7.0,5.0,4.0,3.0,3.0,4.0,5.0,5.0,5.0,3.0,4.0,4.0,5.0,1.0,2.0,4.0,4.0,3.0,5.0,5.0,5.0,5.0,3.0,5.0,4.0,4.0,2.0,5.0,1.0,1.0,2.0,3.0,4.0,3.0,3.0,4.0,4.0,4.0,4.0,5.0,2.0,2.0,3.0,5.0,3.0,3.0
E0361,Other (24),Europe,3-5y,mid,hybrid,2,2.0,5.0,1.0,9.0,5.0,3.0,2.0,5.0,3.0,3.0,2.0,4.0,2.0,1.0,1.0,3.0,2.0,2.0,4.0,3.0,3.0,2.0,2.0,2.0,4.0,2.0,3.0,8.0,3.0,3.0,3.0,3.0,2.0,2.0,4.0,4.0,4.0,4.0,4.0,4.0,2.0,4.0,3.0,3.0,3.0,3.0,4.0,2.0,2.0
E0362,O,India,3-5y,junior,remote,2,3.0,3.0,5.0,4.0,3.0,3.0,4.0,2.0,4.0,4.0,4.0,3.0,5.0,4.0,3.0,3.0,2.0,3.0,3.0,4.0,4.0,4.0,4.0,5.0,5.0,1.0,5.0,5.0,2.0,1.0,2.0,2.0,1.0,2.0,4.0,4.0,2.0,3.0,4.0,4.0,3.0,4.0,3.0,3.0,1.0,5.0,5.0,3.0,3.0
E0363,A,Israel,<1y,lead,onsite,2,3.0,3.0,3.0,7.0,3.0,3.0,4.0,5.0,3.0,3.0,3.0,4.0,3.0,3.0,3.0,3.0,2.0,3.0,3.0,3.0,5.0,3.0,3.0,3.0,3.0,2.0,4.0,7.0,2.0,3.0,4.0,3.0,4.0,4.0,3.0,4.0,3.0,2.0,4.0,5.0,5.0,4.0,5.0,4.0,4.0,4.0,5.0,4.0,5.0
E0364,G,US,1-3y,mid,hybrid,2,3.0,5.0,3.0,9.0,5.0,3.0,2.0,4.0,3.0,4.0,4.0,4.0,3.0,3.0,5.0,4.0,3.0,3.0,4.0,4.0,3.0,4.0,3.0,4.0,5.0,3.0,4.0,6.0,3.0,3.0,5.0,4.0,4.0,3.0,4.0,4.0,5.0,4.0,4.0,3.0,4.0,3.0,4.0,3.0,4.0,5.0,3.0,4.0,4.0
E0365,K,Israel,>5y,junior,onsite,2,4.0,4.0,5.0,6.0,3.0,3.0,3.0,1.0,4.0,4.0,4.0,3.0,4.0,3.0,4.0,4.0,2.0,1.0,3.0,3.0,4.0,3.0,4.0,4.0,4.0,2.0,5.0,6.0,5.0,3.0,4.0,3.0,2.0,3.0,3.0,4.0,5.0,4.0,5.0,4.0,4.0,4.0,4.0,4.0,4.0,4.0,4.0,3.0,4.0
E0366,G,UK,>5y,mid,onsite,2,4.0,3.0,4.0,6.0,4.0,3.0,3.0,3.0,3.0,4.0,4.0,4.0,2.0,4.0,3.0,4.0,3.0,4.0,2.0,4.0,5.0,4.0,2.0,2.0,4.0,2.0,3.0,6.0,3.0,3.0,3.0,3.0,4.0,4.0,5.0,3.0,4.0,5.0,4.0,5.0,4.0,5.0,3.0,4.0,5.0,3.0,3.0,3.0,3.0
E0367,I,India,3-5y,mid,hybrid,2,4.0,5.0,5.0,8.0,5.0,3.0,4.0,4.0,5.0,4.0,2.0,3.0,3.0,3.0,3.0,3.0,2.0,4.0,4.0,4.0,4.0,4.0,3.0,4.0,5.0,3.0,4.0,10.0,3.0,2.0,4.0,3.0,2.0,2.0,4.0,3.0,4.0,3.0,4.0,4.0,4.0,4.0,3.0,4.0,4.0,3.0,3.0,3.0,3.0
E0368,P,UK,1-3y,junior,hybrid,2,1.0,5.0,5.0,8.0,5.0,2.0,2.0,5.0,4.0,5.0,4.0,4.0,4.0,4.0,3.0,4.0,3.0,2.0,4.0,4.0,2.0,5.0,4.0,4.0,4.0,3.0,5.0,8.0,5.0,1.0,5.0,2.0,2.0,3.0,4.0,3.0,4.0,4.0,4.0,3.0,4.0,4.0,4.0,3.0,3.0,5.0,4.0,5.0,5.0
E0369,J,UK,<1y,mid,hybrid,2,4.0,2.0,2.0,3.0,2.0,4.0,2.0,2.0,3.0,2.0,2.0,2.0,4.0,2.0,2.0,1.0,2.0,3.0,3.0,3.0,3.0,2.0,3.0,2.0,3.0,2.0,3.0,7.0,2.0,2.0,3.0,2.0,2.0,4.0,4.0,4.0,5.0,3.0,4.0,3.0,4.0,5.0,3.0,3.0,4.0,3.0,3.0,3.0,4.0
E0370,Other (24),Europe,1-3y,senior,hybrid,2,2.0,1.0,3.0,5.0,4.0,2.0,3.0,2.0,2.0,4.0,2.0,4.0,2.0,4.0,2.0,4.0,2.0,5.0,2.0,2.0,2.0,3.0,4.0,3.0,4.0,2.0,3.0,6.0,4.0,1.0,2.0,2.0,2.0,2.0,3.0,3.0,3.0,2.0,3.0,2.0,2.0,3.0,2.0,3.0,3.0,4.0,4.0,3.0,3.0
E0371,Other (24),UK,>5y,mid,remote,2,5.0,4.0,4.0,9.0,5.0,5.0,5.0,4.0,4.0,4.0,3.0,3.0,3.0,3.0,3.0,4.0,2.0,5.0,4.0,5.0,4.0,3.0,3.0,4.0,4.0,2.0,3.0,6.0,3.0,2.0,4.0,3.0,3.0,3.0,5.0,4.0,5.0,5.0,4.0,4.0,5.0,5.0,4.0,3.0,4.0,4.0,4.0,4.0,4.0
E0372,J,Israel,3-5y,mid,hybrid,2,2.0,3.0,4.0,1.0,3.0,2.0,2.0,2.0,2.0,4.0,3.0,3.0,2.0,3.0,2.0,3.0,2.0,2.0,2.0,4.0,3.0,5.0,3.0,4.0,4.0,1.0,3.0,4.0,3.0,1.0,4.0,1.0,2.0,2.0,4.0,3.0,3.0,4.0,3.0,3.0,2.0,3.0,3.0,3.0,2.0,4.0,4.0,3.0,3.0
E0373,B,Israel,1-3y,mid,remote,2,3.0,4.0,4.0,8.0,4.0,2.0,4.0,4.0,5.0,3.0,3.0,5.0,3.0,4.0,3.0,3.0,4.0,2.0,4.0,4.0,3.0,2.0,4.0,3.0,4.0,3.0,3.0,8.0,4.0,4.0,5.0,3.0,3.0,3.0,3.0,4.0,5.0,5.0,5.0,5.0,3.0,4.0,3.0,5.0,3.0,5.0,3.0,5.0,4.0
E0374,J,Israel,3-5y,senior,remote,2,3.0,5.0,2.0,4.0,4.0,3.0,4.0,4.0,2.0,1.0,2.0,1.0,3.0,2.0,3.0,2.0,2.0,2.0,3.0,3.0,4.0,2.0,1.0,2.0,3.0,2.0,2.0,9.0,2.0,2.0,4.0,2.0,1.0,2.0,2.0,2.0,3.0,3.0,3.0,2.0,2.0,3.0,3.0,3.0,5.0,4.0,4.0,3.0,3.0
E0375,P,UK,1-3y,junior,remote,2,3.0,5.0,3.0,8.0,5.0,3.0,3.0,5.0,1.0,4.0,3.0,3.0,1.0,3.0,2.0,3.0,3.0,4.0,4.0,3.0,3.0,3.0,4.0,3.0,3.0,2.0,4.0,5.0,3.0,2.0,5.0,2.0,2.0,2.0,3.0,4.0,4.0,3.0,4.0,3.0,3.0,4.0,3.0,2.0,4.0,5.0,5.0,4.0,4.0
E0376,I,UK,<1y,mid,hybrid,2,4.0,4.0,5.0,8.0,3.0,5.0,5.0,4.0,3.0,4.0,2.0,4.0,3.0,5.0,3.0,3.0,3.0,4.0,4.0,5.0,5.0,5.0,3.0,5.0,5.0,3.0,5.0,6.0,3.0,3.0,4.0,2.0,2.0,3.0,3.0,5.0,4.0,5.0,5.0,5.0,4.0,3.0,4.0,4.0,4.0,5.0,3.0,5.0,3.0
E0377,G,India,3-5y,junior,remote,2,3.0,2.0,2.0,6.0,3.0,3.0,3.0,4.0,3.0,3.0,2.0,3.0,2.0,2.0,3.0,3.0,3.0,4.0,2.0,3.0,4.0,3.0,2.0,3.0,4.0,3.0,4.0,7.0,1.0,3.0,3.0,4.0,4.0,3.0,4.0,3.0,3.0,5.0,4.0,4.0,3.0,3.0,3.0,4.0,4.0,5.0,5.0,4.0,4.0
E0378,G,US,<1y,senior,remote,2,4.0,5.0,3.0,7.0,4.0,5.0,3.0,3.0,5.0,4.0,3.0,4.0,4.0,3.0,5.0,5.0,3.0,3.0,2.0,4.0,5.0,3.0,3.0,2.0,5.0,4.0,4.0,8.0,2.0,4.0,3.0,3.0,3.0,4.0,5.0,5.0,5.0,4.0,4.0,5.0,4.0,4.0,5.0,5.0,4.0,4.0,5.0,3.0,4.0
E0379,Q,Israel,1-3y,senior,onsite,2,4.0,3.0,4.0,7.0,3.0,4.0,5.0,5.0,4.0,4.0,4.0,4.0,2.0,3.0,5.0,4.0,4.0,3.0,3.0,4.0,5.0,3.0,4.0,3.0,3.0,4.0,3.0,8.0,2.0,1.0,4.0,2.0,2.0,4.0,2.0,4.0,3.0,4.0,4.0,3.0,4.0,3.0,4.0,4.0,3.0,5.0,5.0,4.0,4.0
E0380,N,UK,1-3y,mid,onsite,2,5.0,5.0,5.0,6.0,5.0,4.0,3.0,4.0,4.0,5.0,3.0,5.0,3.0,4.0,5.0,4.0,5.0,4.0,2.0,5.0,4.0,5.0,5.0,5.0,3.0,5.0,5.0,6.0,5.0,5.0,4.0,4.0,4.0,5.0,4.0,5.0,5.0,4.0,5.0,5.0,4.0,4.0,4.0,5.0,5.0,3.0,4.0,3.0,3.0
E0381,A,UK,<1y,senior,onsite,2,3.0,2.0,3.0,7.0,4.0,2.0,4.0,5.0,4.0,3.0,3.0,3.0,4.0,3.0,2.0,4.0,3.0,3.0,2.0,3.0,2.0,2.0,3.0,3.0,3.0,3.0,4.0,9.0,3.0,3.0,4.0,4.0,5.0,4.0,4.0,4.0,4.0,4.0,3.0,4.0,3.0,4.0,4.0,4.0,4.0,3.0,4.0,3.0,4.0
E0382,Other (24),US,>5y,senior,hybrid,2,4.0,5.0,4.0,9.0,4.0,4.0,4.0,3.0,4.0,5.0,2.0,4.0,3.0,4.0,3.0,3.0,2.0,4.0,3.0,3.0,4.0,3.0,4.0,4.0,3.0,3.0,2.0,9.0,3.0,2.0,4.0,4.0,4.0,3.0,4.0,4.0,4.0,4.0,3.0,3.0,4.0,5.0,4.0,3.0,3.0,3.0,4.0,2.0,3.0
E0383,Other (24),Israel,1-3y,lead,onsite,2,4.0,5.0,5.0,9.0,5.0,3.0,4.0,4.0,4.0,3.0,3.0,4.0,3.0,4.0,2.0,4.0,3.0,4.0,4.0,5.0,3.0,4.0,4.0,4.0,4.0,4.0,3.0,10.0,4.0,3.0,4.0,4.0,4.0,3.0,4.0,4.0,3.0,4.0,5.0,5.0,5.0,4.0,5.0,5.0,4.0,5.0,4.0,4.0,4.0
E0384,K,India,1-3y,lead,hybrid,2,3.0,4.0,5.0,7.0,2.0,3.0,3.0,3.0,2.0,5.0,4.0,4.0,1.0,3.0,3.0,4.0,3.0,3.0,3.0,4.0,4.0,4.0,5.0,4.0,4.0,2.0,5.0,4.0,5.0,3.0,4.0,3.0,2.0,3.0,3.0,4.0,4.0,4.0,5.0,5.0,3.0,3.0,3.0,4.0,3.0,4.0,2.0,4.0,4.0
E0385,J,Israel,3-5y,mid,hybrid,2,3.0,4.0,3.0,3.0,3.0,4.0,2.0,3.0,1.0,3.0,1.0,4.0,4.0,2.0,3.0,2.0,2.0,2.0,3.0,4.0,3.0,4.0,3.0,3.0,4.0,2.0,4.0,6.0,3.0,2.0,4.0,2.0,2.0,3.0,3.0,4.0,2.0,4.0,4.0,4.0,3.0,4.0,4.0,3.0,3.0,3.0,4.0,3.0,3.0
E0386,H,Europe,1-3y,junior,hybrid,2,5.0,4.0,5.0,10.0,5.0,5.0,5.0,4.0,5.0,4.0,5.0,5.0,5.0,5.0,5.0,5.0,4.0,5.0,5.0,5.0,5.0,5.0,4.0,5.0,5.0,4.0,5.0,10.0,5.0,5.0,5.0,3.0,4.0,5.0,5.0,5.0,4.0,5.0,5.0,5.0,5.0,5.0,5.0,4.0,4.0,4.0,5.0,4.0,4.0
E0387,Other (24),UK,1-3y,mid,onsite,2,4.0,4.0,4.0,8.0,4.0,4.0,3.0,4.0,3.0,4.0,4.0,4.0,2.0,3.0,2.0,5.0,2.0,4.0,3.0,3.0,2.0,4.0,3.0,5.0,3.0,2.0,4.0,6.0,3.0,3.0,4.0,3.0,4.0,2.0,3.0,4.0,2.0,4.0,4.0,3.0,3.0,3.0,3.0,4.0,3.0,4.0,3.0,4.0,4.0
E0388,D,UK,1-3y,senior,hybrid,2,3.0,5.0,4.0,9.0,5.0,4.0,3.0,5.0,4.0,4.0,4.0,4.0,3.0,5.0,4.0,4.0,2.0,3.0,4.0,3.0,3.0,5.0,4.0,4.0,5.0,5.0,5.0,6.0,3.0,4.0,5.0,3.0,2.0,3.0,4.0,4.0,4.0,4.0,3.0,4.0,3.0,4.0,4.0,4.0,5.0,5.0,5.0,3.0,4.0
E0389,R,India,3-5y,mid,onsite,2,2.0,5.0,4.0,10.0,5.0,4.0,3.0,5.0,4.0,4.0,4.0,4.0,4.0,4.0,2.0,4.0,4.0,4.0,4.0,4.0,2.0,5.0,3.0,3.0,4.0,3.0,4.0,9.0,4.0,4.0,5.0,3.0,4.0,4.0,4.0,4.0,5.0,5.0,5.0,3.0,5.0,5.0,5.0,4.0,5.0,3.0,5.0,5.0,5.0
E0390,Other (24),US,1-3y,junior,hybrid,2,4.0,4.0,4.0,6.0,3.0,4.0,4.0,3.0,2.0,3.0,2.0,4.0,3.0,3.0,4.0,4.0,2.0,5.0,3.0,3.0,5.0,4.0,3.0,4.0,4.0,2.0,3.0,6.0,3.0,1.0,4.0,2.0,3.0,1.0,3.0,4.0,4.0,5.0,5.0,5.0,4.0,4.0,4.0,3.0,2.0,4.0,4.0,4.0,3.0
E0391,C,US,<1y,mid,hybrid,2,4.0,3.0,4.0,6.0,4.0,3.0,3.0,4.0,4.0,4.0,4.0,3.0,3.0,3.0,3.0,4.0,4.0,3.0,3.0,4.0,4.0,3.0,4.0,4.0,4.0,1.0,4.0,3.0,4.0,2.0,4.0,2.0,3.0,2.0,3.0,4.0,4.0,3.0,4.0,4.0,3.0,4.0,3.0,3.0,3.0,3.0,3.0,3.0,3.0
E0392,B,Europe,>5y,lead,hybrid,2,4.0,4.0,5.0,7.0,5.0,4.0,4.0,5.0,5.0,4.0,5.0,5.0,4.0,4.0,4.0,4.0,2.0,3.0,4.0,5.0,2.0,3.0,4.0,4.0,5.0,2.0,4.0,10.0,4.0,2.0,4.0,3.0,2.0,2.0,4.0,4.0,5.0,3.0,3.0,3.0,4.0,4.0,4.0,3.0,3.0,4.0,4.0,3.0,3.0
E0393,F,US,3-5y,mid,hybrid,2,2.0,2.0,2.0,1.0,2.0,3.0,1.0,2.0,3.0,4.0,3.0,4.0,4.0,3.0,4.0,2.0,3.0,2.0,2.0,3.0,2.0,3.0,3.0,3.0,3.0,3.0,3.0,6.0,3.0,3.0,3.0,2.0,3.0,4.0,2.0,2.0,3.0,3.0,4.0,3.0,2.0,3.0,3.0,4.0,3.0,1.0,1.0,4.0,5.0
E0394,G,Israel,1-3y,mid,hybrid,2,4.0,3.0,3.0,6.0,2.0,4.0,2.0,3.0,4.0,3.0,3.0,3.0,2.0,3.0,5.0,4.0,3.0,2.0,2.0,3.0,3.0,3.0,3.0,2.0,5.0,2.0,3.0,6.0,2.0,3.0,2.0,2.0,2.0,2.0,3.0,4.0,3.0,3.0,3.0,5.0,4.0,4.0,4.0,2.0,4.0,3.0,3.0,4.0,3.0
E0395,M,Israel,<1y,mid,hybrid,2,3.0,5.0,4.0,7.0,5.0,4.0,4.0,5.0,4.0,3.0,3.0,4.0,4.0,2.0,5.0,3.0,4.0,4.0,4.0,5.0,5.0,3.0,4.0,3.0,4.0,5.0,4.0,6.0,2.0,4.0,5.0,2.0,3.0,4.0,4.0,5.0,5.0,5.0,5.0,4.0,3.0,4.0,4.0,4.0,5.0,5.0,4.0,3.0,5.0
E0396,Q,UK,<1y,mid,hybrid,2,4.0,2.0,3.0,7.0,3.0,5.0,4.0,4.0,5.0,3.0,3.0,3.0,3.0,4.0,4.0,4.0,3.0,4.0,4.0,4.0,4.0,3.0,4.0,2.0,2.0,2.0,3.0,6.0,3.0,3.0,4.0,2.0,3.0,3.0,3.0,3.0,4.0,4.0,5.0,4.0,3.0,3.0,4.0,4.0,3.0,4.0,2.0,3.0,4.0
E0397,Other (24),India,>5y,mid,onsite,2,3.0,4.0,2.0,10.0,3.0,4.0,4.0,4.0,2.0,4.0,3.0,3.0,3.0,3.0,2.0,4.0,3.0,3.0,4.0,3.0,2.0,3.0,3.0,3.0,3.0,3.0,3.0,6.0,3.0,3.0,4.0,4.0,5.0,3.0,4.0,4.0,4.0,3.0,3.0,3.0,4.0,4.0,4.0,4.0,5.0,3.0,3.0,5.0,5.0
E0398,Other (24),Israel,1-3y,lead,hybrid,2,3.0,4.0,5.0,7.0,4.0,5.0,3.0,3.0,4.0,5.0,4.0,5.0,3.0,3.0,4.0,3.0,3.0,5.0,3.0,5.0,4.0,5.0,5.0,4.0,5.0,3.0,4.0,3.0,4.0,3.0,3.0,3.0,3.0,4.0,5.0,4.0,5.0,5.0,5.0,4.0,5.0,4.0,4.0,4.0,5.0,4.0,5.0,2.0,3.0
E0399,D,UK,>5y,mid,remote,2,4.0,4.0,4.0,6.0,4.0,5.0,5.0,2.0,3.0,4.0,5.0,5.0,4.0,5.0,5.0,4.0,3.0,5.0,2.0,5.0,5.0,5.0,5.0,4.0,4.0,5.0,5.0,6.0,4.0,5.0,5.0,3.0,4.0,5.0,5.0,3.0,4.0,4.0,3.0,4.0,3.0,3.0,3.0,5.0,5.0,4.0,5.0,5.0,3.0
E0400,Other (24),US,1-3y,junior,remote,2,3.0,3.0,3.0,7.0,3.0,4.0,2.0,3.0,4.0,4.0,4.0,5.0,3.0,2.0,1.0,4.0,2.0,2.0,2.0,4.0,1.0,3.0,4.0,5.0,4.0,2.0,4.0,6.0,5.0,1.0,1.0,2.0,3.0,1.0,2.0,3.0,3.0,3.0,3.0,3.0,3.0,3.0,3.0,3.0,3.0,3.0,3.0,4.0,3.0
E0401,F,US,<1y,junior,hybrid,2,3.0,4.0,4.0,5.0,4.0,5.0,5.0,4.0,5.0,5.0,5.0,4.0,5.0,4.0,4.0,5.0,3.0,4.0,3.0,5.0,4.0,4.0,5.0,4.0,5.0,4.0,4.0,10.0,3.0,4.0,4.0,5.0,3.0,4.0,4.0,4.0,5.0,3.0,3.0,3.0,4.0,4.0,3.0,4.0,4.0,4.0,4.0,4.0,5.0
E0402,L,Europe,1-3y,senior,remote,2,3.0,3.0,5.0,3.0,2.0,4.0,4.0,2.0,3.0,3.0,2.0,4.0,3.0,4.0,3.0,3.0,1.0,3.0,2.0,3.0,3.0,3.0,4.0,4.0,4.0,1.0,3.0,6.0,3.0,3.0,2.0,2.0,2.0,2.0,3.0,4.0,3.0,4.0,4.0,3.0,4.0,3.0,4.0,4.0,2.0,4.0,3.0,3.0,3.0
E0403,Other (24),Europe,>5y,mid,hybrid,2,3.0,4.0,5.0,9.0,4.0,5.0,4.0,3.0,4.0,5.0,4.0,5.0,3.0,5.0,4.0,4.0,3.0,4.0,3.0,5.0,5.0,4.0,4.0,5.0,5.0,3.0,5.0,7.0,5.0,3.0,5.0,4.0,4.0,1.0,4.0,3.0,3.0,5.0,4.0,4.0,3.0,3.0,4.0,4.0,5.0,5.0,3.0,3.0,3.0
E0404,Q,US,>5y,mid,remote,2,3.0,3.0,3.0,7.0,4.0,4.0,3.0,3.0,4.0,4.0,3.0,3.0,4.0,3.0,3.0,4.0,3.0,3.0,3.0,3.0,4.0,3.0,3.0,4.0,3.0,1.0,4.0,7.0,2.0,1.0,4.0,4.0,3.0,3.0,5.0,4.0,4.0,4.0,5.0,4.0,4.0,5.0,4.0,3.0,4.0,4.0,4.0,3.0,3.0
E0405,N,UK,3-5y,junior,remote,2,4.0,4.0,4.0,8.0,5.0,4.0,4.0,4.0,5.0,4.0,2.0,5.0,2.0,4.0,4.0,4.0,4.0,3.0,4.0,4.0,4.0,4.0,5.0,5.0,3.0,4.0,4.0,3.0,4.0,4.0,5.0,3.0,4.0,4.0,5.0,5.0,3.0,3.0,4.0,3.0,2.0,4.0,3.0,3.0,3.0,4.0,4.0,4.0,3.0
E0406,F,India,<1y,junior,hybrid,2,4.0,5.0,4.0,6.0,5.0,5.0,3.0,5.0,2.0,4.0,3.0,4.0,3.0,4.0,4.0,5.0,4.0,3.0,4.0,2.0,3.0,5.0,3.0,4.0,4.0,3.0,3.0,9.0,4.0,5.0,5.0,4.0,4.0,4.0,4.0,5.0,5.0,4.0,3.0,5.0,3.0,4.0,4.0,5.0,5.0,4.0,5.0,3.0,4.0
E0407,L,US,<1y,senior,onsite,2,4.0,2.0,5.0,6.0,2.0,4.0,3.0,3.0,4.0,4.0,2.0,4.0,2.0,3.0,4.0,4.0,1.0,3.0,3.0,4.0,2.0,2.0,3.0,4.0,3.0,2.0,4.0,8.0,3.0,3.0,3.0,2.0,3.0,1.0,3.0,4.0,3.0,3.0,2.0,3.0,3.0,4.0,2.0,3.0,4.0,4.0,4.0,4.0,4.0
E0408,D,US,<1y,senior,remote,2,5.0,5.0,3.0,7.0,4.0,4.0,3.0,5.0,3.0,4.0,3.0,3.0,1.0,2.0,4.0,2.0,2.0,3.0,5.0,4.0,4.0,5.0,3.0,3.0,5.0,4.0,3.0,6.0,3.0,4.0,5.0,2.0,3.0,4.0,5.0,5.0,3.0,4.0,4.0,5.0,4.0,2.0,3.0,5.0,4.0,4.0,5.0,5.0,5.0
E0409,R,Europe,3-5y,mid,hybrid,2,3.0,5.0,3.0,10.0,5.0,4.0,4.0,5.0,5.0,4.0,5.0,4.0,3.0,3.0,3.0,3.0,3.0,4.0,5.0,4.0,3.0,4.0,3.0,4.0,5.0,3.0,3.0,7.0,4.0,3.0,5.0,3.0,3.0,4.0,4.0,5.0,5.0,4.0,4.0,3.0,5.0,5.0,4.0,3.0,3.0,5.0,5.0,2.0,2.0
E0410,Other (24),UK,<1y,junior,hybrid,2,4.0,4.0,3.0,9.0,1.0,4.0,4.0,2.0,2.0,3.0,2.0,3.0,2.0,1.0,2.0,2.0,2.0,4.0,3.0,3.0,4.0,3.0,2.0,3.0,4.0,2.0,2.0,4.0,3.0,2.0,5.0,3.0,3.0,3.0,4.0,4.0,4.0,4.0,4.0,4.0,3.0,3.0,4.0,3.0,4.0,4.0,4.0,3.0,5.0
E0411,M,UK,1-3y,junior,remote,2,4.0,4.0,4.0,10.0,4.0,3.0,3.0,3.0,3.0,3.0,3.0,3.0,3.0,2.0,3.0,2.0,2.0,3.0,2.0,5.0,4.0,3.0,3.0,3.0,3.0,5.0,2.0,6.0,3.0,3.0,3.0,3.0,2.0,4.0,3.0,3.0,3.0,5.0,4.0,4.0,4.0,4.0,4.0,5.0,4.0,3.0,4.0,3.0,3.0
E0412,N,US,>5y,senior,hybrid,2,4.0,5.0,5.0,8.0,4.0,3.0,3.0,4.0,3.0,4.0,3.0,4.0,4.0,5.0,4.0,4.0,5.0,4.0,4.0,5.0,4.0,5.0,5.0,4.0,4.0,4.0,4.0,7.0,5.0,4.0,5.0,3.0,4.0,5.0,4.0,5.0,4.0,3.0,4.0,4.0,5.0,4.0,3.0,4.0,4.0,5.0,5.0,5.0,5.0
E0413,Other (24),Israel,3-5y,mid,remote,2,3.0,4.0,3.0,8.0,4.0,3.0,3.0,3.0,3.0,4.0,4.0,3.0,2.0,2.0,3.0,3.0,2.0,3.0,3.0,3.0,2.0,4.0,3.0,4.0,4.0,2.0,4.0,5.0,3.0,2.0,4.0,3.0,4.0,2.0,4.0,3.0,4.0,3.0,3.0,3.0,3.0,4.0,3.0,3.0,2.0,5.0,4.0,4.0,3.0
E0414,A,UK,1-3y,junior,hybrid,2,4.0,4.0,2.0,9.0,4.0,5.0,3.0,4.0,2.0,3.0,2.0,2.0,2.0,3.0,3.0,2.0,1.0,4.0,4.0,3.0,3.0,3.0,2.0,3.0,2.0,2.0,2.0,5.0,3.0,2.0,5.0,3.0,2.0,2.0,4.0,3.0,4.0,1.0,3.0,5.0,5.0,3.0,4.0,1.0,1.0,4.0,4.0,4.0,4.0
E0415,D,Europe,<1y,junior,hybrid,2,4.0,3.0,5.0,7.0,5.0,5.0,5.0,3.0,5.0,5.0,4.0,5.0,4.0,5.0,5.0,4.0,2.0,4.0,3.0,4.0,3.0,5.0,5.0,4.0,5.0,5.0,5.0,7.0,3.0,4.0,4.0,3.0,2.0,4.0,4.0,4.0,4.0,5.0,4.0,4.0,4.0,4.0,5.0,4.0,4.0,4.0,4.0,4.0,3.0
E0416,G,US,1-3y,senior,hybrid,2,5.0,4.0,2.0,9.0,4.0,5.0,4.0,3.0,4.0,3.0,2.0,3.0,3.0,3.0,4.0,2.0,3.0,5.0,3.0,3.0,5.0,3.0,3.0,2.0,3.0,3.0,2.0,7.0,2.0,4.0,3.0,3.0,3.0,4.0,4.0,5.0,4.0,3.0,3.0,3.0,4.0,4.0,4.0,5.0,5.0,5.0,5.0,4.0,5.0
E0417,H,Europe,1-3y,mid,hybrid,2,5.0,4.0,5.0,10.0,5.0,5.0,5.0,5.0,5.0,4.0,5.0,5.0,4.0,4.0,5.0,5.0,3.0,5.0,5.0,5.0,5.0,4.0,5.0,5.0,5.0,3.0,5.0,8.0,4.0,4.0,5.0,5.0,4.0,4.0,4.0,4.0,5.0,4.0,5.0,5.0,4.0,4.0,5.0,4.0,3.0,5.0,5.0,5.0,4.0
E0418,B,Israel,1-3y,junior,hybrid,2,5.0,4.0,5.0,9.0,5.0,4.0,5.0,5.0,5.0,5.0,5.0,4.0,4.0,4.0,5.0,4.0,4.0,3.0,4.0,5.0,4.0,4.0,4.0,5.0,5.0,5.0,4.0,10.0,4.0,4.0,5.0,5.0,4.0,5.0,5.0,4.0,4.0,5.0,5.0,5.0,5.0,5.0,4.0,5.0,3.0,5.0,4.0,4.0,4.0
E0419,Other (24),US,<1y,junior,hybrid,2,4.0,3.0,5.0,6.0,3.0,3.0,4.0,3.0,3.0,5.0,5.0,5.0,1.0,4.0,5.0,5.0,2.0,5.0,3.0,5.0,4.0,5.0,5.0,5.0,5.0,2.0,5.0,6.0,5.0,3.0,4.0,3.0,4.0,2.0,4.0,3.0,5.0,3.0,3.0,5.0,5.0,3.0,3.0,5.0,4.0,5.0,5.0,4.0,4.0
E0420,Other (24),Europe,1-3y,lead,onsite,2,4.0,4.0,3.0,6.0,4.0,5.0,4.0,4.0,2.0,3.0,3.0,2.0,2.0,2.0,4.0,3.0,3.0,4.0,4.0,5.0,5.0,2.0,3.0,3.0,3.0,2.0,3.0,6.0,2.0,4.0,4.0,4.0,4.0,3.0,3.0,3.0,3.0,3.0,4.0,3.0,4.0,3.0,3.0,4.0,4.0,4.0,4.0,3.0,3.0
E0421,J,US,>5y,senior,hybrid,2,3.0,3.0,3.0,4.0,4.0,3.0,3.0,3.0,1.0,3.0,2.0,2.0,1.0,3.0,2.0,2.0,2.0,2.0,3.0,2.0,4.0,3.0,2.0,3.0,3.0,2.0,3.0,5.0,2.0,2.0,3.0,2.0,1.0,1.0,3.0,4.0,4.0,4.0,4.0,3.0,3.0,2.0,3.0,3.0,2.0,3.0,4.0,2.0,2.0
E0422,H,US,<1y,junior,onsite,2,5.0,4.0,5.0,10.0,5.0,5.0,5.0,4.0,4.0,4.0,4.0,4.0,4.0,4.0,3.0,4.0,3.0,4.0,4.0,3.0,3.0,5.0,4.0,4.0,5.0,4.0,5.0,7.0,3.0,4.0,5.0,3.0,4.0,4.0,4.0,3.0,3.0,3.0,3.0,4.0,4.0,4.0,4.0,3.0,4.0,4.0,4.0,3.0,3.0
E0423,B,Europe,1-3y,senior,hybrid,2,3.0,4.0,4.0,9.0,4.0,4.0,3.0,5.0,3.0,2.0,2.0,3.0,4.0,2.0,4.0,3.0,3.0,3.0,4.0,4.0,4.0,3.0,4.0,3.0,5.0,2.0,3.0,9.0,4.0,3.0,5.0,4.0,3.0,3.0,3.0,4.0,3.0,4.0,3.0,4.0,4.0,3.0,3.0,4.0,4.0,2.0,3.0,3.0,4.0
E0424,Other (24),US,<1y,mid,onsite,2,3.0,4.0,3.0,4.0,3.0,2.0,2.0,2.0,4.0,2.0,3.0,3.0,3.0,2.0,2.0,2.0,1.0,2.0,3.0,3.0,2.0,3.0,3.0,3.0,3.0,1.0,2.0,8.0,2.0,1.0,5.0,2.0,1.0,1.0,4.0,4.0,2.0,3.0,2.0,2.0,2.0,3.0,3.0,3.0,1.0,2.0,3.0,3.0,3.0
E0425,J,UK,3-5y,lead,hybrid,2,2.0,4.0,3.0,5.0,3.0,2.0,2.0,4.0,1.0,3.0,4.0,4.0,2.0,3.0,2.0,3.0,3.0,1.0,2.0,4.0,3.0,4.0,2.0,3.0,4.0,2.0,4.0,1.0,2.0,1.0,4.0,2.0,2.0,2.0,3.0,3.0,4.0,5.0,4.0,4.0,3.0,2.0,3.0,3.0,3.0,5.0,5.0,4.0,3.0
E0426,C,US,>5y,mid,onsite,2,2.0,4.0,5.0,7.0,3.0,3.0,2.0,3.0,4.0,3.0,5.0,4.0,4.0,2.0,3.0,4.0,4.0,3.0,3.0,2.0,4.0,3.0,3.0,4.0,4.0,4.0,3.0,8.0,3.0,2.0,5.0,3.0,2.0,2.0,4.0,4.0,3.0,4.0,4.0,5.0,4.0,4.0,4.0,3.0,3.0,4.0,4.0,5.0,4.0
E0427,O,Israel,3-5y,lead,remote,2,1.0,5.0,5.0,8.0,5.0,1.0,2.0,5.0,2.0,4.0,4.0,4.0,1.0,4.0,2.0,4.0,1.0,2.0,5.0,5.0,2.0,4.0,5.0,5.0,5.0,2.0,5.0,6.0,4.0,1.0,5.0,2.0,2.0,3.0,4.0,4.0,4.0,5.0,5.0,5.0,3.0,3.0,3.0,3.0,2.0,4.0,3.0,4.0,3.0
E0428,Other (24),US,1-3y,mid,onsite,2,4.0,4.0,5.0,9.0,4.0,5.0,4.0,4.0,2.0,5.0,5.0,5.0,2.0,5.0,4.0,5.0,4.0,5.0,4.0,5.0,4.0,5.0,5.0,5.0,5.0,2.0,5.0,7.0,5.0,4.0,3.0,4.0,4.0,4.0,5.0,5.0,5.0,5.0,5.0,5.0,3.0,4.0,5.0,5.0,5.0,4.0,5.0,5.0,5.0
E0429,Other (24),US,>5y,junior,remote,2,4.0,4.0,3.0,7.0,4.0,4.0,4.0,3.0,2.0,4.0,3.0,4.0,3.0,3.0,3.0,3.0,3.0,3.0,4.0,3.0,3.0,4.0,4.0,5.0,4.0,3.0,3.0,5.0,4.0,1.0,4.0,4.0,3.0,3.0,3.0,4.0,4.0,4.0,4.0,3.0,4.0,4.0,5.0,3.0,4.0,4.0,4.0,4.0,2.0
E0430,R,UK,3-5y,mid,remote,2,5.0,5.0,5.0,7.0,5.0,4.0,3.0,5.0,4.0,5.0,4.0,4.0,3.0,4.0,3.0,3.0,1.0,4.0,4.0,4.0,3.0,5.0,3.0,5.0,5.0,3.0,4.0,7.0,3.0,3.0,5.0,1.0,2.0,2.0,5.0,5.0,5.0,4.0,3.0,3.0,4.0,2.0,4.0,3.0,3.0,5.0,5.0,4.0,4.0
E0431,H,US,<1y,senior,remote,2,4.0,4.0,5.0,8.0,5.0,4.0,4.0,5.0,5.0,5.0,4.0,5.0,4.0,4.0,3.0,5.0,3.0,3.0,4.0,4.0,4.0,5.0,3.0,5.0,5.0,5.0,5.0,8.0,3.0,4.0,3.0,3.0,2.0,3.0,4.0,4.0,3.0,3.0,3.0,3.0,4.0,3.0,4.0,3.0,3.0,3.0,2.0,2.0,4.0
E0432,R,UK,>5y,mid,hybrid,2,4.0,5.0,5.0,8.0,5.0,4.0,4.0,5.0,5.0,5.0,5.0,5.0,5.0,4.0,5.0,5.0,3.0,3.0,4.0,5.0,3.0,4.0,5.0,5.0,5.0,3.0,5.0,8.0,5.0,3.0,5.0,3.0,4.0,2.0,5.0,5.0,4.0,4.0,3.0,3.0,4.0,5.0,2.0,4.0,4.0,3.0,5.0,4.0,2.0
E0433,O,UK,<1y,mid,remote,2,4.0,5.0,4.0,6.0,5.0,5.0,5.0,4.0,2.0,3.0,2.0,3.0,1.0,2.0,5.0,3.0,2.0,4.0,4.0,3.0,4.0,3.0,3.0,4.0,3.0,3.0,3.0,3.0,2.0,3.0,5.0,4.0,3.0,4.0,4.0,3.0,3.0,2.0,4.0,4.0,3.0,3.0,3.0,5.0,3.0,5.0,4.0,4.0,5.0
E0434,Other (24),UK,1-3y,mid,hybrid,2,3.0,4.0,4.0,4.0,2.0,5.0,4.0,2.0,2.0,3.0,3.0,4.0,3.0,2.0,4.0,3.0,2.0,4.0,2.0,4.0,3.0,3.0,3.0,3.0,4.0,2.0,3.0,7.0,3.0,2.0,3.0,3.0,2.0,3.0,3.0,4.0,3.0,3.0,3.0,4.0,2.0,4.0,2.0,4.0,4.0,2.0,2.0,2.0,3.0
E0435,E,UK,>5y,lead,remote,2,4.0,4.0,3.0,7.0,5.0,2.0,2.0,5.0,2.0,3.0,2.0,3.0,4.0,3.0,2.0,3.0,1.0,3.0,5.0,4.0,3.0,3.0,3.0,3.0,4.0,4.0,3.0,9.0,4.0,3.0,4.0,1.0,3.0,2.0,5.0,4.0,4.0,4.0,5.0,4.0,3.0,3.0,3.0,4.0,2.0,3.0,3.0,4.0,5.0
E0436,L,US,<1y,junior,remote,2,4.0,4.0,5.0,4.0,4.0,5.0,5.0,3.0,3.0,4.0,4.0,4.0,2.0,3.0,5.0,4.0,4.0,5.0,2.0,3.0,4.0,3.0,3.0,2.0,4.0,5.0,4.0,6.0,3.0,4.0,4.0,4.0,3.0,3.0,5.0,4.0,3.0,5.0,4.0,4.0,4.0,4.0,4.0,5.0,5.0,3.0,3.0,3.0,4.0
E0437,L,Israel,1-3y,junior,onsite,2,3.0,3.0,3.0,1.0,3.0,4.0,4.0,3.0,2.0,3.0,2.0,3.0,2.0,2.0,3.0,4.0,2.0,2.0,1.0,3.0,2.0,4.0,3.0,4.0,5.0,2.0,4.0,7.0,3.0,2.0,3.0,2.0,3.0,2.0,3.0,1.0,3.0,3.0,3.0,2.0,4.0,3.0,3.0,3.0,2.0,4.0,4.0,3.0,2.0
E0438,Other (24),US,3-5y,mid,hybrid,2,5.0,4.0,4.0,7.0,4.0,3.0,4.0,3.0,3.0,4.0,4.0,5.0,3.0,3.0,2.0,5.0,3.0,5.0,3.0,5.0,3.0,4.0,5.0,4.0,3.0,2.0,3.0,4.0,3.0,3.0,5.0,4.0,3.0,3.0,4.0,4.0,4.0,4.0,4.0,3.0,4.0,5.0,5.0,3.0,3.0,5.0,5.0,5.0,5.0
E0439,I,India,3-5y,mid,onsite,2,3.0,4.0,5.0,4.0,4.0,5.0,3.0,3.0,3.0,4.0,2.0,3.0,3.0,4.0,4.0,3.0,3.0,3.0,3.0,4.0,4.0,3.0,4.0,3.0,4.0,3.0,3.0,9.0,2.0,2.0,4.0,4.0,3.0,4.0,3.0,4.0,4.0,5.0,4.0,4.0,4.0,4.0,4.0,3.0,5.0,3.0,3.0,4.0,3.0
E0440,L,US,1-3y,senior,onsite,2,3.0,3.0,5.0,5.0,4.0,5.0,4.0,4.0,5.0,5.0,4.0,4.0,4.0,4.0,4.0,4.0,4.0,5.0,3.0,4.0,4.0,4.0,3.0,5.0,5.0,2.0,5.0,6.0,4.0,4.0,5.0,3.0,3.0,3.0,5.0,5.0,4.0,2.0,5.0,4.0,2.0,3.0,3.0,5.0,4.0,5.0,4.0,4.0,2.0
E0441,M,UK,1-3y,junior,hybrid,2,5.0,4.0,5.0,9.0,4.0,4.0,5.0,4.0,4.0,4.0,4.0,4.0,3.0,4.0,5.0,4.0,2.0,4.0,4.0,5.0,4.0,4.0,4.0,3.0,4.0,4.0,3.0,7.0,3.0,4.0,5.0,3.0,3.0,4.0,4.0,4.0,4.0,5.0,5.0,5.0,5.0,5.0,5.0,4.0,4.0,4.0,4.0,5.0,4.0
E0442,A,UK,3-5y,junior,onsite,2,3.0,3.0,4.0,8.0,4.0,5.0,5.0,4.0,3.0,4.0,3.0,3.0,4.0,4.0,4.0,4.0,3.0,4.0,3.0,4.0,5.0,3.0,4.0,3.0,3.0,2.0,4.0,10.0,3.0,3.0,5.0,4.0,5.0,3.0,4.0,4.0,4.0,4.0,3.0,4.0,4.0,4.0,4.0,4.0,4.0,5.0,5.0,5.0,5.0
E0443,N,US,<1y,mid,hybrid,2,4.0,5.0,5.0,9.0,5.0,4.0,3.0,4.0,3.0,4.0,3.0,4.0,2.0,5.0,5.0,5.0,4.0,4.0,3.0,5.0,4.0,4.0,3.0,5.0,4.0,3.0,4.0,5.0,5.0,4.0,5.0,4.0,3.0,4.0,4.0,5.0,4.0,5.0,5.0,4.0,4.0,4.0,4.0,3.0,4.0,4.0,4.0,4.0,4.0
E0444,B,US,>5y,senior,hybrid,2,3.0,5.0,4.0,7.0,5.0,5.0,5.0,5.0,5.0,3.0,3.0,5.0,5.0,4.0,4.0,3.0,1.0,4.0,4.0,5.0,4.0,3.0,3.0,3.0,5.0,2.0,5.0,10.0,3.0,2.0,5.0,3.0,2.0,3.0,4.0,5.0,4.0,5.0,3.0,4.0,4.0,4.0,5.0,2.0,3.0,5.0,5.0,3.0,4.0
E0445,B,Israel,1-3y,mid,remote,2,4.0,4.0,3.0,7.0,5.0,3.0,4.0,5.0,3.0,5.0,3.0,4.0,3.0,3.0,4.0,3.0,4.0,3.0,4.0,5.0,4.0,2.0,4.0,4.0,5.0,3.0,4.0,7.0,3.0,3.0,5.0,3.0,4.0,4.0,3.0,3.0,3.0,4.0,4.0,4.0,5.0,4.0,5.0,3.0,4.0,4.0,4.0,3.0,4.0
E0446,R,Israel,>5y,mid,hybrid,2,3.0,4.0,5.0,7.0,4.0,4.0,3.0,4.0,4.0,5.0,5.0,5.0,3.0,4.0,4.0,5.0,2.0,3.0,3.0,4.0,3.0,5.0,5.0,4.0,5.0,4.0,4.0,9.0,3.0,4.0,4.0,3.0,3.0,5.0,5.0,4.0,4.0,3.0,3.0,4.0,5.0,5.0,5.0,3.0,3.0,4.0,5.0,5.0,5.0
E0447,G,UK,>5y,mid,onsite,2,3.0,3.0,3.0,9.0,4.0,3.0,3.0,3.0,3.0,4.0,4.0,4.0,3.0,4.0,3.0,3.0,3.0,3.0,3.0,4.0,4.0,4.0,4.0,3.0,5.0,3.0,4.0,6.0,4.0,2.0,3.0,1.0,4.0,3.0,3.0,3.0,3.0,3.0,4.0,5.0,4.0,3.0,5.0,3.0,3.0,4.0,5.0,3.0,1.0
E0448,I,UK,>5y,mid,remote,2,3.0,5.0,5.0,9.0,4.0,5.0,4.0,5.0,4.0,3.0,5.0,4.0,3.0,4.0,5.0,4.0,2.0,4.0,5.0,5.0,5.0,4.0,4.0,4.0,5.0,3.0,5.0,4.0,2.0,3.0,4.0,3.0,3.0,3.0,3.0,4.0,4.0,5.0,5.0,4.0,4.0,4.0,4.0,4.0,3.0,5.0,4.0,3.0,4.0
E0449,Other (24),US,1-3y,mid,onsite,2,3.0,4.0,4.0,7.0,3.0,3.0,4.0,2.0,3.0,4.0,3.0,4.0,1.0,3.0,2.0,3.0,2.0,3.0,2.0,4.0,3.0,4.0,4.0,3.0,4.0,2.0,4.0,6.0,3.0,2.0,3.0,3.0,2.0,3.0,3.0,4.0,4.0,5.0,4.0,3.0,3.0,4.0,3.0,3.0,3.0,5.0,4.0,3.0,2.0
E0450,Other (24),Israel,>5y,mid,hybrid,2,4.0,3.0,2.0,7.0,4.0,5.0,4.0,3.0,4.0,3.0,2.0,3.0,3.0,1.0,3.0,2.0,3.0,3.0,3.0,4.0,5.0,2.0,3.0,3.0,3.0,3.0,4.0,9.0,1.0,2.0,3.0,3.0,4.0,2.0,4.0,4.0,5.0,4.0,5.0,5.0,2.0,3.0,4.0,4.0,3.0,2.0,5.0,3.0,3.0
E0451,J,UK,1-3y,junior,onsite,2,4.0,3.0,3.0,7.0,3.0,4.0,4.0,3.0,1.0,2.0,3.0,3.0,1.0,4.0,3.0,3.0,2.0,5.0,3.0,4.0,4.0,3.0,4.0,3.0,4.0,1.0,2.0,3.0,2.0,1.0,4.0,2.0,1.0,1.0,4.0,4.0,3.0,3.0,4.0,4.0,4.0,2.0,3.0,2.0,4.0,3.0,3.0,4.0,4.0
E0452,E,UK,<1y,mid,remote,2,2.0,3.0,4.0,5.0,4.0,3.0,3.0,4.0,3.0,3.0,2.0,3.0,4.0,2.0,1.0,3.0,2.0,3.0,3.0,3.0,3.0,2.0,3.0,2.0,3.0,4.0,2.0,8.0,3.0,2.0,5.0,1.0,2.0,3.0,3.0,3.0,3.0,4.0,4.0,3.0,3.0,3.0,4.0,3.0,4.0,4.0,2.0,3.0,2.0
E0453,Other (24),UK,3-5y,senior,hybrid,2,4.0,5.0,3.0,10.0,5.0,4.0,4.0,4.0,4.0,2.0,1.0,3.0,2.0,2.0,4.0,4.0,2.0,4.0,4.0,5.0,4.0,3.0,3.0,1.0,3.0,2.0,3.0,6.0,3.0,4.0,4.0,3.0,4.0,2.0,5.0,4.0,4.0,4.0,4.0,4.0,4.0,3.0,4.0,5.0,4.0,4.0,5.0,3.0,3.0
E0454,D,Europe,<1y,senior,remote,2,3.0,5.0,4.0,8.0,5.0,3.0,4.0,4.0,2.0,4.0,4.0,4.0,3.0,4.0,5.0,4.0,2.0,4.0,4.0,3.0,2.0,4.0,4.0,3.0,4.0,4.0,5.0,4.0,3.0,3.0,5.0,1.0,2.0,3.0,4.0,4.0,4.0,3.0,3.0,3.0,5.0,4.0,4.0,2.0,3.0,4.0,4.0,3.0,4.0
E0455,Other (24),Europe,3-5y,mid,hybrid,2,5.0,4.0,4.0,9.0,4.0,5.0,4.0,4.0,3.0,4.0,3.0,4.0,2.0,2.0,4.0,4.0,3.0,5.0,4.0,4.0,4.0,3.0,4.0,3.0,3.0,3.0,3.0,6.0,5.0,1.0,4.0,4.0,3.0,3.0,3.0,4.0,4.0,4.0,3.0,4.0,4.0,4.0,5.0,4.0,4.0,5.0,5.0,3.0,4.0
E0456,H,US,1-3y,senior,onsite,2,4.0,3.0,3.0,10.0,4.0,4.0,3.0,4.0,3.0,4.0,4.0,4.0,3.0,3.0,3.0,4.0,5.0,3.0,2.0,3.0,3.0,4.0,3.0,4.0,4.0,5.0,5.0,8.0,2.0,5.0,3.0,4.0,5.0,4.0,3.0,3.0,4.0,4.0,3.0,4.0,2.0,3.0,2.0,5.0,4.0,4.0,4.0,3.0,3.0
E0457,Other (24),UK,1-3y,mid,hybrid,2,4.0,4.0,4.0,10.0,4.0,5.0,5.0,4.0,2.0,4.0,3.0,5.0,2.0,3.0,5.0,3.0,2.0,5.0,3.0,4.0,5.0,3.0,3.0,4.0,4.0,4.0,4.0,4.0,3.0,4.0,5.0,5.0,4.0,3.0,4.0,4.0,4.0,4.0,4.0,5.0,5.0,4.0,4.0,4.0,5.0,3.0,4.0,5.0,5.0
E0458,B,US,>5y,mid,hybrid,2,3.0,4.0,4.0,3.0,4.0,3.0,3.0,4.0,5.0,3.0,4.0,5.0,3.0,4.0,3.0,3.0,2.0,3.0,2.0,5.0,3.0,3.0,2.0,3.0,5.0,3.0,4.0,7.0,3.0,2.0,3.0,2.0,1.0,3.0,3.0,3.0,2.0,4.0,3.0,3.0,3.0,2.0,2.0,4.0,3.0,2.0,2.0,3.0,3.0
E0459,I,UK,<1y,mid,hybrid,2,3.0,4.0,5.0,8.0,5.0,5.0,4.0,5.0,5.0,5.0,4.0,4.0,3.0,5.0,3.0,4.0,5.0,5.0,5.0,5.0,5.0,5.0,4.0,5.0,5.0,5.0,4.0,9.0,4.0,5.0,5.0,4.0,4.0,4.0,4.0,3.0,3.0,4.0,4.0,3.0,4.0,4.0,4.0,4.0,5.0,3.0,4.0,4.0,4.0
E0460,B,UK,>5y,senior,onsite,2,4.0,5.0,4.0,9.0,5.0,4.0,4.0,5.0,4.0,5.0,5.0,4.0,4.0,5.0,4.0,4.0,3.0,3.0,4.0,5.0,5.0,4.0,5.0,5.0,5.0,2.0,4.0,10.0,5.0,1.0,4.0,2.0,2.0,3.0,5.0,4.0,5.0,3.0,3.0,4.0,4.0,5.0,4.0,3.0,4.0,5.0,3.0,4.0,4.0
E0461,Other (24),UK,1-3y,junior,hybrid,2,4.0,5.0,3.0,9.0,5.0,5.0,5.0,5.0,3.0,4.0,3.0,4.0,3.0,2.0,4.0,4.0,1.0,4.0,5.0,4.0,4.0,3.0,3.0,4.0,4.0,1.0,2.0,6.0,3.0,2.0,5.0,2.0,4.0,1.0,5.0,4.0,3.0,3.0,4.0,4.0,4.0,4.0,5.0,4.0,3.0,3.0,3.0,2.0,4.0
E0462,F,Israel,<1y,senior,hybrid,2,4.0,3.0,2.0,4.0,3.0,5.0,3.0,4.0,4.0,4.0,3.0,3.0,2.0,4.0,4.0,5.0,3.0,4.0,4.0,4.0,4.0,5.0,4.0,5.0,2.0,4.0,3.0,10.0,4.0,4.0,3.0,4.0,4.0,4.0,3.0,5.0,4.0,4.0,3.0,4.0,5.0,5.0,4.0,5.0,4.0,5.0,5.0,3.0,4.0
E0463,F,US,>5y,mid,hybrid,2,3.0,3.0,4.0,5.0,3.0,5.0,4.0,3.0,4.0,5.0,3.0,4.0,3.0,4.0,4.0,4.0,2.0,3.0,3.0,4.0,3.0,4.0,4.0,5.0,3.0,2.0,4.0,8.0,4.0,2.0,3.0,3.0,3.0,3.0,4.0,4.0,4.0,3.0,3.0,4.0,3.0,5.0,3.0,4.0,3.0,4.0,3.0,4.0,4.0
E0464,I,UK,>5y,lead,onsite,2,3.0,3.0,4.0,8.0,3.0,3.0,3.0,4.0,3.0,4.0,3.0,2.0,4.0,3.0,3.0,2.0,2.0,4.0,3.0,4.0,4.0,3.0,3.0,4.0,4.0,2.0,3.0,7.0,3.0,1.0,4.0,1.0,2.0,1.0,3.0,3.0,2.0,4.0,5.0,4.0,3.0,4.0,3.0,2.0,3.0,3.0,3.0,4.0,3.0
E0465,L,US,3-5y,mid,hybrid,2,4.0,4.0,5.0,6.0,5.0,3.0,4.0,4.0,3.0,4.0,3.0,3.0,3.0,3.0,3.0,4.0,3.0,3.0,3.0,5.0,3.0,3.0,5.0,5.0,5.0,3.0,4.0,5.0,4.0,2.0,5.0,4.0,3.0,3.0,3.0,4.0,4.0,3.0,3.0,4.0,4.0,5.0,4.0,5.0,5.0,4.0,4.0,3.0,4.0
E0466,B,India,<1y,senior,hybrid,2,5.0,5.0,5.0,8.0,5.0,3.0,4.0,4.0,4.0,5.0,5.0,5.0,2.0,5.0,5.0,5.0,4.0,3.0,4.0,5.0,4.0,5.0,5.0,5.0,5.0,3.0,5.0,9.0,5.0,3.0,5.0,3.0,4.0,4.0,5.0,5.0,4.0,5.0,4.0,5.0,5.0,5.0,4.0,3.0,4.0,3.0,4.0,5.0,4.0
E0467,Other (24),US,1-3y,senior,hybrid,2,3.0,5.0,4.0,9.0,4.0,3.0,4.0,2.0,2.0,4.0,4.0,4.0,3.0,3.0,3.0,4.0,3.0,3.0,3.0,5.0,3.0,4.0,5.0,5.0,5.0,2.0,4.0,4.0,3.0,2.0,5.0,3.0,4.0,3.0,3.0,3.0,2.0,3.0,2.0,3.0,4.0,4.0,2.0,5.0,3.0,4.0,4.0,4.0,3.0
E0468,E,UK,1-3y,junior,hybrid,2,3.0,3.0,2.0,5.0,4.0,3.0,2.0,4.0,2.0,3.0,3.0,3.0,1.0,2.0,3.0,2.0,1.0,2.0,3.0,4.0,3.0,3.0,2.0,2.0,4.0,4.0,2.0,5.0,4.0,2.0,3.0,2.0,1.0,3.0,3.0,4.0,4.0,4.0,3.0,4.0,4.0,5.0,4.0,2.0,3.0,3.0,3.0,1.0,2.0
E0469,D,UK,1-3y,senior,hybrid,2,4.0,3.0,5.0,7.0,4.0,4.0,5.0,4.0,3.0,5.0,4.0,5.0,3.0,5.0,5.0,4.0,2.0,2.0,4.0,5.0,4.0,5.0,5.0,4.0,5.0,4.0,5.0,5.0,5.0,3.0,4.0,2.0,3.0,4.0,3.0,4.0,3.0,4.0,3.0,4.0,3.0,3.0,4.0,5.0,4.0,4.0,4.0,4.0,4.0
E0470,H,UK,1-3y,senior,hybrid,2,5.0,5.0,5.0,10.0,5.0,5.0,5.0,4.0,3.0,4.0,4.0,5.0,3.0,4.0,5.0,5.0,4.0,5.0,5.0,4.0,5.0,4.0,3.0,5.0,5.0,5.0,5.0,8.0,5.0,5.0,3.0,3.0,4.0,5.0,3.0,3.0,4.0,4.0,3.0,3.0,4.0,4.0,4.0,4.0,5.0,4.0,5.0,3.0,5.0
E0471,Other (24),UK,1-3y,junior,remote,2,3.0,4.0,4.0,8.0,4.0,3.0,3.0,3.0,3.0,5.0,4.0,5.0,3.0,2.0,3.0,5.0,1.0,4.0,3.0,4.0,4.0,4.0,4.0,4.0,3.0,1.0,4.0,7.0,5.0,2.0,4.0,1.0,3.0,2.0,3.0,4.0,4.0,5.0,3.0,4.0,3.0,3.0,4.0,3.0,2.0,2.0,5.0,5.0,4.0
E0472,B,US,1-3y,senior,hybrid,2,5.0,3.0,4.0,8.0,4.0,3.0,4.0,4.0,4.0,4.0,4.0,4.0,5.0,4.0,4.0,4.0,3.0,4.0,4.0,4.0,4.0,4.0,5.0,4.0,5.0,3.0,2.0,9.0,5.0,3.0,5.0,4.0,3.0,4.0,5.0,5.0,5.0,4.0,5.0,4.0,5.0,5.0,5.0,4.0,4.0,3.0,4.0,4.0,5.0
E0473,I,India,<1y,mid,hybrid,2,3.0,4.0,5.0,8.0,4.0,5.0,4.0,4.0,4.0,4.0,4.0,3.0,4.0,4.0,3.0,4.0,2.0,5.0,4.0,4.0,4.0,4.0,4.0,5.0,5.0,2.0,4.0,9.0,4.0,2.0,4.0,1.0,3.0,2.0,4.0,4.0,4.0,3.0,4.0,4.0,2.0,3.0,4.0,4.0,3.0,3.0,4.0,3.0,2.0
E0474,D,US,1-3y,mid,hybrid,2,4.0,5.0,3.0,6.0,5.0,4.0,4.0,4.0,4.0,4.0,2.0,4.0,2.0,3.0,5.0,4.0,2.0,3.0,3.0,3.0,4.0,4.0,4.0,3.0,3.0,2.0,4.0,6.0,3.0,2.0,5.0,3.0,4.0,4.0,5.0,5.0,5.0,4.0,5.0,3.0,4.0,4.0,4.0,4.0,3.0,4.0,5.0,2.0,3.0
E0475,L,US,1-3y,mid,hybrid,2,4.0,4.0,5.0,5.0,4.0,5.0,4.0,3.0,3.0,5.0,3.0,3.0,3.0,3.0,4.0,4.0,3.0,4.0,2.0,4.0,4.0,4.0,3.0,3.0,5.0,2.0,4.0,7.0,3.0,2.0,4.0,3.0,3.0,4.0,4.0,3.0,4.0,4.0,4.0,4.0,4.0,4.0,5.0,3.0,4.0,5.0,5.0,4.0,4.0
E0476,M,India,3-5y,lead,hybrid,2,4.0,4.0,5.0,7.0,3.0,4.0,4.0,4.0,3.0,5.0,3.0,5.0,3.0,2.0,3.0,4.0,2.0,4.0,3.0,4.0,3.0,2.0,4.0,4.0,4.0,3.0,3.0,7.0,2.0,3.0,4.0,2.0,2.0,3.0,3.0,4.0,4.0,3.0,3.0,3.0,4.0,3.0,3.0,4.0,4.0,5.0,4.0,4.0,3.0
E0477,Other (24),Europe,3-5y,junior,hybrid,2,4.0,3.0,4.0,6.0,3.0,4.0,4.0,3.0,3.0,3.0,2.0,4.0,3.0,2.0,3.0,4.0,2.0,3.0,3.0,3.0,3.0,4.0,4.0,3.0,5.0,1.0,4.0,5.0,5.0,2.0,2.0,3.0,3.0,2.0,2.0,2.0,3.0,3.0,3.0,4.0,5.0,4.0,5.0,3.0,2.0,4.0,5.0,3.0,4.0
E0478,A,Israel,1-3y,mid,hybrid,2,3.0,3.0,4.0,9.0,4.0,4.0,5.0,4.0,3.0,3.0,4.0,4.0,3.0,4.0,4.0,3.0,2.0,4.0,4.0,3.0,4.0,4.0,3.0,3.0,4.0,1.0,4.0,8.0,3.0,3.0,4.0,3.0,2.0,2.0,5.0,5.0,5.0,3.0,5.0,4.0,3.0,3.0,4.0,3.0,4.0,4.0,4.0,3.0,3.0
E0479,O,Israel,3-5y,junior,remote,2,4.0,4.0,4.0,8.0,4.0,5.0,4.0,3.0,3.0,2.0,3.0,3.0,4.0,2.0,5.0,3.0,3.0,3.0,5.0,4.0,5.0,4.0,3.0,4.0,4.0,2.0,4.0,6.0,3.0,2.0,4.0,1.0,2.0,2.0,5.0,5.0,3.0,4.0,3.0,3.0,4.0,4.0,3.0,3.0,3.0,3.0,3.0,2.0,3.0
E0480,R,Europe,<1y,lead,hybrid,2,3.0,5.0,5.0,9.0,5.0,3.0,2.0,4.0,4.0,5.0,5.0,5.0,3.0,3.0,1.0,5.0,2.0,2.0,3.0,5.0,2.0,5.0,5.0,4.0,5.0,2.0,4.0,8.0,5.0,2.0,4.0,2.0,3.0,3.0,4.0,5.0,3.0,4.0,4.0,4.0,3.0,4.0,4.0,4.0,4.0,4.0,4.0,4.0,4.0
E0481,C,UK,<1y,mid,onsite,2,3.0,3.0,3.0,7.0,3.0,3.0,2.0,3.0,3.0,3.0,1.0,2.0,3.0,2.0,3.0,3.0,4.0,3.0,2.0,3.0,2.0,3.0,2.0,2.0,2.0,3.0,2.0,5.0,2.0,2.0,4.0,2.0,2.0,2.0,3.0,2.0,2.0,3.0,3.0,2.0,4.0,4.0,5.0,4.0,4.0,3.0,4.0,4.0,5.0
E0482,Q,India,<1y,mid,hybrid,2,4.0,4.0,5.0,7.0,4.0,3.0,4.0,5.0,4.0,4.0,4.0,4.0,4.0,3.0,3.0,5.0,3.0,4.0,4.0,4.0,3.0,3.0,3.0,2.0,4.0,2.0,4.0,9.0,4.0,3.0,3.0,2.0,2.0,4.0,3.0,3.0,4.0,4.0,4.0,2.0,4.0,4.0,4.0,4.0,3.0,5.0,4.0,3.0,4.0
E0483,N,Israel,<1y,mid,hybrid,2,4.0,4.0,3.0,8.0,5.0,5.0,4.0,5.0,2.0,3.0,3.0,4.0,3.0,2.0,5.0,2.0,4.0,4.0,5.0,3.0,4.0,5.0,3.0,4.0,2.0,4.0,3.0,5.0,3.0,4.0,5.0,3.0,4.0,5.0,4.0,4.0,4.0,4.0,4.0,3.0,4.0,3.0,4.0,4.0,5.0,5.0,4.0,4.0,3.0
E0484,R,UK,>5y,junior,onsite,2,1.0,2.0,4.0,6.0,3.0,2.0,1.0,3.0,3.0,5.0,3.0,4.0,2.0,2.0,2.0,4.0,2.0,1.0,2.0,4.0,2.0,4.0,3.0,3.0,5.0,2.0,3.0,6.0,3.0,2.0,4.0,1.0,2.0,2.0,2.0,3.0,2.0,3.0,4.0,4.0,5.0,4.0,4.0,4.0,4.0,3.0,3.0,3.0,3.0
E0485,C,India,1-3y,senior,hybrid,2,3.0,3.0,4.0,8.0,4.0,3.0,3.0,3.0,1.0,4.0,4.0,5.0,3.0,3.0,4.0,4.0,3.0,4.0,3.0,4.0,4.0,4.0,4.0,4.0,4.0,3.0,3.0,6.0,4.0,2.0,4.0,2.0,2.0,2.0,5.0,3.0,3.0,4.0,4.0,4.0,5.0,4.0,4.0,3.0,4.0,4.0,3.0,4.0,2.0
E0486,O,Israel,1-3y,mid,hybrid,2,2.0,4.0,3.0,4.0,4.0,3.0,3.0,3.0,1.0,2.0,2.0,3.0,2.0,3.0,1.0,3.0,3.0,1.0,3.0,2.0,2.0,3.0,3.0,3.0,3.0,1.0,4.0,4.0,2.0,1.0,3.0,1.0,1.0,1.0,2.0,2.0,3.0,3.0,4.0,2.0,3.0,2.0,3.0,2.0,3.0,3.0,3.0,1.0,2.0
E0487,J,UK,1-3y,mid,onsite,2,3.0,3.0,2.0,4.0,4.0,3.0,2.0,4.0,2.0,1.0,2.0,1.0,2.0,2.0,2.0,2.0,1.0,2.0,3.0,4.0,3.0,2.0,2.0,2.0,3.0,2.0,3.0,4.0,2.0,1.0,4.0,3.0,1.0,2.0,4.0,4.0,4.0,3.0,3.0,3.0,3.0,2.0,3.0,3.0,3.0,4.0,5.0,3.0,3.0
E0488,Other (24),UK,<1y,mid,hybrid,2,4.0,5.0,4.0,8.0,4.0,5.0,5.0,5.0,3.0,4.0,3.0,5.0,2.0,4.0,4.0,5.0,3.0,3.0,4.0,4.0,4.0,3.0,3.0,4.0,5.0,3.0,4.0,7.0,4.0,2.0,5.0,4.0,4.0,4.0,5.0,4.0,4.0,5.0,4.0,4.0,4.0,4.0,4.0,4.0,4.0,5.0,5.0,4.0,5.0
E0489,K,US,>5y,junior,remote,2,3.0,4.0,4.0,6.0,3.0,4.0,3.0,4.0,3.0,3.0,3.0,4.0,4.0,2.0,4.0,2.0,3.0,3.0,4.0,3.0,4.0,3.0,3.0,4.0,3.0,4.0,4.0,6.0,4.0,3.0,5.0,5.0,4.0,4.0,4.0,5.0,4.0,5.0,5.0,5.0,4.0,4.0,4.0,4.0,5.0,4.0,4.0,4.0,4.0
E0490,K,UK,1-3y,lead,hybrid,2,3.0,5.0,3.0,7.0,5.0,4.0,3.0,3.0,4.0,4.0,4.0,5.0,4.0,3.0,4.0,4.0,4.0,3.0,4.0,3.0,4.0,4.0,3.0,3.0,4.0,4.0,3.0,7.0,5.0,2.0,5.0,2.0,3.0,3.0,4.0,4.0,5.0,4.0,3.0,3.0,5.0,4.0,4.0,5.0,4.0,4.0,4.0,5.0,5.0
E0491,P,India,1-3y,mid,hybrid,2,2.0,4.0,4.0,5.0,5.0,3.0,1.0,4.0,3.0,5.0,4.0,4.0,5.0,4.0,2.0,3.0,2.0,2.0,4.0,3.0,4.0,5.0,2.0,4.0,4.0,2.0,4.0,8.0,3.0,2.0,5.0,3.0,2.0,3.0,3.0,3.0,3.0,4.0,4.0,3.0,4.0,4.0,4.0,3.0,3.0,3.0,3.0,4.0,5.0
E0492,Other (24),US,1-3y,mid,hybrid,2,3.0,4.0,3.0,6.0,5.0,4.0,3.0,3.0,2.0,2.0,1.0,3.0,4.0,2.0,2.0,3.0,3.0,4.0,3.0,2.0,3.0,1.0,1.0,3.0,2.0,3.0,2.0,6.0,2.0,3.0,3.0,4.0,4.0,2.0,3.0,5.0,4.0,4.0,4.0,4.0,3.0,2.0,3.0,4.0,5.0,4.0,4.0,4.0,4.0
E0493,K,India,3-5y,mid,remote,2,3.0,4.0,3.0,5.0,2.0,3.0,3.0,3.0,3.0,4.0,4.0,5.0,2.0,3.0,3.0,3.0,3.0,2.0,3.0,4.0,3.0,2.0,4.0,5.0,5.0,3.0,5.0,6.0,4.0,2.0,4.0,4.0,3.0,3.0,3.0,3.0,4.0,3.0,3.0,3.0,3.0,4.0,4.0,5.0,4.0,4.0,4.0,5.0,3.0
E0494,M,UK,1-3y,junior,hybrid,2,5.0,4.0,4.0,10.0,5.0,5.0,4.0,3.0,3.0,5.0,3.0,4.0,4.0,3.0,4.0,4.0,2.0,5.0,5.0,4.0,5.0,3.0,3.0,4.0,4.0,3.0,3.0,5.0,3.0,3.0,5.0,3.0,3.0,2.0,5.0,5.0,4.0,4.0,4.0,5.0,4.0,4.0,5.0,4.0,4.0,4.0,5.0,5.0,4.0
E0495,Other (24),US,1-3y,mid,hybrid,2,5.0,4.0,4.0,8.0,5.0,5.0,5.0,4.0,4.0,4.0,3.0,4.0,2.0,3.0,5.0,4.0,3.0,4.0,4.0,4.0,4.0,5.0,4.0,3.0,4.0,3.0,4.0,6.0,4.0,2.0,4.0,3.0,4.0,3.0,4.0,5.0,4.0,4.0,3.0,3.0,4.0,4.0,5.0,5.0,3.0,4.0,4.0,3.0,3.0
E0496,L,US,1-3y,mid,hybrid,2,4.0,3.0,3.0,5.0,2.0,3.0,3.0,2.0,3.0,3.0,2.0,3.0,4.0,3.0,3.0,5.0,2.0,3.0,2.0,4.0,4.0,2.0,3.0,4.0,3.0,2.0,5.0,5.0,2.0,2.0,4.0,1.0,2.0,2.0,3.0,2.0,5.0,3.0,2.0,3.0,3.0,4.0,3.0,3.0,2.0,3.0,3.0,2.0,3.0
E0497,P,Israel,1-3y,mid,remote,2,3.0,4.0,5.0,7.0,4.0,3.0,2.0,4.0,2.0,5.0,4.0,5.0,3.0,5.0,3.0,4.0,4.0,3.0,3.0,4.0,4.0,5.0,3.0,5.0,5.0,5.0,5.0,8.0,4.0,4.0,5.0,4.0,3.0,4.0,4.0,4.0,4.0,4.0,4.0,4.0,5.0,5.0,5.0,5.0,4.0,5.0,5.0,2.0,4.0
E0498,F,Israel,<1y,junior,hybrid,2,5.0,3.0,3.0,4.0,3.0,5.0,4.0,1.0,3.0,3.0,2.0,2.0,4.0,5.0,4.0,4.0,3.0,4.0,2.0,3.0,5.0,5.0,3.0,4.0,3.0,2.0,4.0,10.0,4.0,2.0,3.0,2.0,4.0,3.0,4.0,3.0,3.0,4.0,3.0,1.0,4.0,4.0,3.0,3.0,2.0,4.0,3.0,3.0,4.0
E0499,A,Israel,1-3y,junior,remote,2,2.0,2.0,3.0,4.0,3.0,3.0,3.0,3.0,3.0,2.0,3.0,2.0,2.0,4.0,2.0,4.0,1.0,2.0,3.0,4.0,3.0,4.0,4.0,2.0,4.0,1.0,5.0,7.0,1.0,3.0,3.0,3.0,3.0,4.0,4.0,4.0,3.0,2.0,3.0,4.0,3.0,2.0,2.0,3.0,3.0,3.0,2.0,1.0,2.0
E0500,I,US,<1y,junior,remote,2,4.0,4.0,5.0,6.0,4.0,4.0,4.0,4.0,3.0,4.0,4.0,4.0,4.0,5.0,4.0,3.0,5.0,4.0,4.0,5.0,5.0,4.0,3.0,4.0,5.0,3.0,4.0,10.0,3.0,5.0,4.0,4.0,5.0,5.0,4.0,5.0,5.0,4.0,3.0,4.0,4.0,4.0,3.0,3.0,5.0,4.0,4.0,4.0,4.0
E0501,O,Israel,3-5y,junior,hybrid,2,2.0,4.0,4.0,4.0,5.0,3.0,3.0,4.0,4.0,3.0,3.0,2.0,3.0,3.0,3.0,2.0,3.0,1.0,4.0,4.0,4.0,4.0,3.0,2.0,4.0,3.0,3.0,9.0,3.0,2.0,2.0,1.0,4.0,3.0,2.0,4.0,4.0,2.0,3.0,3.0,2.0,3.0,2.0,4.0,3.0,4.0,4.0,4.0,4.0
E0502,E,US,<1y,junior,hybrid,2,4.0,5.0,5.0,7.0,5.0,5.0,4.0,5.0,2.0,4.0,3.0,4.0,3.0,4.0,3.0,4.0,4.0,4.0,3.0,5.0,4.0,4.0,4.0,4.0,3.0,4.0,4.0,9.0,4.0,5.0,5.0,3.0,4.0,3.0,2.0,3.0,4.0,4.0,3.0,4.0,3.0,3.0,4.0,4.0,4.0,4.0,5.0,4.0,3.0
E0503,N,Israel,1-3y,lead,remote,2,5.0,4.0,4.0,7.0,4.0,4.0,3.0,4.0,3.0,4.0,3.0,4.0,4.0,3.0,5.0,4.0,5.0,3.0,3.0,5.0,5.0,5.0,5.0,5.0,3.0,4.0,4.0,7.0,4.0,3.0,4.0,5.0,3.0,4.0,4.0,4.0,3.0,5.0,5.0,5.0,5.0,4.0,5.0,5.0,5.0,5.0,4.0,4.0,4.0
E0504,N,Europe,1-3y,junior,hybrid,2,4.0,3.0,5.0,8.0,3.0,5.0,3.0,4.0,3.0,3.0,4.0,5.0,3.0,4.0,4.0,4.0,4.0,3.0,3.0,5.0,4.0,5.0,4.0,5.0,4.0,2.0,4.0,7.0,5.0,4.0,4.0,3.0,2.0,4.0,4.0,4.0,3.0,4.0,5.0,4.0,4.0,5.0,2.0,4.0,3.0,4.0,3.0,4.0,4.0
E0505,Other (24),UK,>5y,mid,remote,2,4.0,5.0,4.0,9.0,5.0,5.0,5.0,5.0,3.0,4.0,3.0,3.0,1.0,4.0,3.0,4.0,2.0,5.0,5.0,4.0,3.0,4.0,4.0,4.0,3.0,3.0,3.0,7.0,4.0,3.0,4.0,4.0,4.0,2.0,4.0,4.0,4.0,4.0,5.0,5.0,4.0,3.0,5.0,4.0,4.0,5.0,5.0,4.0,4.0
E0506,D,US,1-3y,mid,hybrid,2,4.0,3.0,4.0,7.0,5.0,3.0,3.0,4.0,4.0,4.0,3.0,5.0,3.0,4.0,4.0,5.0,3.0,1.0,3.0,4.0,2.0,5.0,5.0,5.0,4.0,5.0,4.0,10.0,4.0,5.0,5.0,3.0,3.0,4.0,3.0,3.0,3.0,3.0,2.0,2.0,4.0,4.0,4.0,4.0,5.0,5.0,5.0,3.0,3.0
E0507,E,US,1-3y,mid,hybrid,2,3.0,4.0,5.0,6.0,5.0,4.0,4.0,4.0,3.0,3.0,4.0,3.0,3.0,1.0,3.0,2.0,3.0,4.0,4.0,3.0,3.0,3.0,2.0,2.0,5.0,2.0,3.0,8.0,2.0,3.0,5.0,2.0,1.0,3.0,3.0,3.0,3.0,3.0,3.0,4.0,2.0,2.0,2.0,4.0,3.0,2.0,3.0,3.0,3.0
E0508,K,UK,1-3y,senior,hybrid,2,3.0,4.0,4.0,8.0,3.0,3.0,2.0,3.0,4.0,5.0,4.0,3.0,4.0,4.0,3.0,3.0,2.0,2.0,3.0,3.0,4.0,3.0,4.0,4.0,4.0,2.0,4.0,8.0,3.0,2.0,5.0,2.0,2.0,3.0,5.0,4.0,4.0,3.0,4.0,5.0,5.0,5.0,4.0,3.0,4.0,3.0,4.0,4.0,4.0
E0509,R,Israel,1-3y,mid,onsite,2,2.0,4.0,4.0,7.0,4.0,5.0,3.0,4.0,5.0,4.0,4.0,3.0,4.0,4.0,3.0,4.0,3.0,3.0,3.0,3.0,2.0,3.0,2.0,3.0,5.0,2.0,3.0,10.0,4.0,3.0,4.0,3.0,3.0,4.0,5.0,4.0,4.0,4.0,3.0,4.0,4.0,4.0,4.0,4.0,3.0,4.0,4.0,2.0,3.0
E0510,J,India,1-3y,senior,remote,2,3.0,3.0,3.0,4.0,3.0,3.0,1.0,4.0,1.0,2.0,3.0,3.0,2.0,3.0,2.0,3.0,4.0,2.0,1.0,4.0,3.0,4.0,4.0,4.0,3.0,2.0,4.0,8.0,3.0,3.0,3.0,3.0,2.0,3.0,4.0,3.0,4.0,4.0,3.0,3.0,3.0,3.0,3.0,3.0,5.0,4.0,3.0,5.0,5.0
E0511,I,UK,1-3y,junior,hybrid,2,4.0,4.0,5.0,8.0,5.0,5.0,4.0,5.0,2.0,4.0,3.0,4.0,3.0,4.0,4.0,4.0,3.0,4.0,4.0,4.0,5.0,5.0,4.0,4.0,5.0,2.0,5.0,6.0,3.0,4.0,3.0,3.0,2.0,3.0,2.0,3.0,3.0,3.0,4.0,2.0,4.0,4.0,4.0,4.0,5.0,3.0,4.0,3.0,5.0
E0512,G,Israel,3-5y,junior,hybrid,2,4.0,4.0,4.0,7.0,4.0,5.0,3.0,3.0,2.0,4.0,4.0,3.0,3.0,3.0,4.0,4.0,2.0,2.0,3.0,3.0,4.0,4.0,1.0,2.0,4.0,2.0,4.0,5.0,3.0,2.0,4.0,2.0,3.0,2.0,5.0,5.0,5.0,4.0,4.0,5.0,3.0,4.0,4.0,3.0,4.0,2.0,4.0,5.0,4.0
E0513,Other (24),UK,>5y,junior,hybrid,2,2.0,4.0,2.0,9.0,5.0,4.0,4.0,4.0,3.0,4.0,2.0,4.0,3.0,2.0,2.0,2.0,2.0,3.0,3.0,3.0,3.0,2.0,3.0,3.0,3.0,1.0,2.0,7.0,3.0,2.0,4.0,3.0,2.0,2.0,4.0,4.0,4.0,3.0,5.0,5.0,4.0,4.0,4.0,3.0,3.0,4.0,4.0,4.0,3.0
E0514,R,US,1-3y,junior,onsite,2,3.0,5.0,4.0,9.0,4.0,3.0,4.0,5.0,3.0,4.0,4.0,4.0,2.0,3.0,3.0,3.0,3.0,4.0,4.0,4.0,2.0,4.0,3.0,2.0,4.0,3.0,3.0,7.0,4.0,2.0,5.0,2.0,3.0,4.0,3.0,3.0,3.0,3.0,4.0,3.0,3.0,4.0,4.0,4.0,4.0,4.0,3.0,4.0,3.0
E0515,F,US,<1y,junior,hybrid,2,3.0,4.0,3.0,8.0,4.0,3.0,3.0,4.0,3.0,3.0,3.0,3.0,2.0,4.0,3.0,4.0,3.0,3.0,4.0,4.0,4.0,4.0,5.0,4.0,4.0,3.0,4.0,8.0,4.0,4.0,5.0,3.0,3.0,4.0,5.0,5.0,5.0,4.0,4.0,4.0,4.0,4.0,5.0,4.0,4.0,4.0,4.0,4.0,4.0
E0516,I,UK,>5y,senior,hybrid,2,3.0,3.0,5.0,6.0,4.0,4.0,4.0,3.0,2.0,3.0,3.0,3.0,2.0,4.0,3.0,4.0,2.0,5.0,4.0,4.0,5.0,4.0,3.0,3.0,5.0,3.0,5.0,9.0,3.0,3.0,3.0,2.0,1.0,2.0,3.0,3.0,3.0,3.0,3.0,2.0,5.0,4.0,4.0,3.0,3.0,4.0,3.0,4.0,4.0
E0517,Other (24),Europe,1-3y,mid,hybrid,2,4.0,3.0,4.0,6.0,3.0,4.0,3.0,2.0,4.0,3.0,3.0,3.0,3.0,2.0,2.0,4.0,1.0,3.0,2.0,3.0,2.0,3.0,4.0,4.0,3.0,1.0,4.0,8.0,4.0,1.0,2.0,2.0,2.0,1.0,4.0,4.0,4.0,3.0,3.0,4.0,3.0,3.0,4.0,2.0,2.0,4.0,4.0,4.0,3.0
E0518,Other (24),India,1-3y,mid,remote,2,2.0,3.0,4.0,9.0,3.0,4.0,4.0,3.0,3.0,5.0,3.0,4.0,3.0,2.0,3.0,3.0,1.0,4.0,5.0,4.0,3.0,5.0,3.0,5.0,4.0,1.0,3.0,9.0,4.0,1.0,4.0,2.0,2.0,1.0,4.0,5.0,5.0,5.0,4.0,5.0,4.0,5.0,5.0,3.0,4.0,4.0,5.0,5.0,4.0
E0519,A,Europe,1-3y,junior,hybrid,2,4.0,4.0,3.0,8.0,4.0,4.0,4.0,5.0,4.0,3.0,3.0,3.0,3.0,3.0,4.0,3.0,3.0,4.0,3.0,4.0,5.0,3.0,3.0,3.0,4.0,2.0,3.0,8.0,3.0,4.0,4.0,3.0,4.0,3.0,5.0,4.0,4.0,4.0,4.0,3.0,5.0,4.0,4.0,4.0,4.0,3.0,3.0,4.0,3.0
E0520,G,US,1-3y,mid,hybrid,2,4.0,3.0,3.0,5.0,3.0,3.0,2.0,2.0,3.0,3.0,2.0,3.0,1.0,3.0,2.0,3.0,2.0,5.0,3.0,3.0,4.0,3.0,1.0,3.0,4.0,2.0,3.0,5.0,3.0,2.0,4.0,2.0,3.0,3.0,4.0,2.0,2.0,4.0,4.0,5.0,4.0,4.0,4.0,4.0,4.0,3.0,2.0,5.0,3.0
E0521,H,UK,3-5y,lead,remote,2,5.0,5.0,5.0,10.0,5.0,5.0,4.0,5.0,4.0,4.0,5.0,5.0,3.0,4.0,4.0,5.0,4.0,4.0,4.0,5.0,4.0,5.0,5.0,5.0,5.0,4.0,5.0,9.0,4.0,5.0,4.0,4.0,5.0,5.0,5.0,5.0,5.0,5.0,5.0,5.0,4.0,4.0,3.0,5.0,5.0,4.0,4.0,3.0,4.0
E0522,Other (24),US,1-3y,junior,hybrid,2,3.0,5.0,3.0,9.0,5.0,5.0,4.0,4.0,2.0,5.0,3.0,4.0,2.0,3.0,4.0,5.0,2.0,5.0,3.0,3.0,5.0,4.0,2.0,4.0,5.0,2.0,4.0,5.0,3.0,1.0,5.0,2.0,3.0,2.0,5.0,3.0,3.0,4.0,3.0,3.0,3.0,3.0,3.0,4.0,4.0,4.0,5.0,4.0,3.0
E0523,A,Europe,1-3y,mid,hybrid,2,5.0,3.0,4.0,7.0,3.0,5.0,5.0,3.0,4.0,3.0,3.0,4.0,3.0,4.0,5.0,5.0,3.0,5.0,3.0,5.0,5.0,4.0,5.0,5.0,4.0,4.0,4.0,7.0,3.0,3.0,4.0,2.0,4.0,4.0,4.0,4.0,4.0,5.0,5.0,5.0,5.0,5.0,5.0,3.0,4.0,4.0,3.0,4.0,4.0
E0524,A,US,<1y,mid,hybrid,2,5.0,4.0,5.0,7.0,4.0,4.0,5.0,4.0,2.0,4.0,3.0,5.0,3.0,4.0,4.0,4.0,4.0,4.0,3.0,5.0,5.0,5.0,5.0,4.0,5.0,3.0,5.0,6.0,4.0,4.0,4.0,4.0,4.0,3.0,5.0,4.0,4.0,4.0,3.0,4.0,4.0,3.0,3.0,5.0,5.0,4.0,4.0,5.0,4.0
E0525,L,US,1-3y,junior,onsite,2,4.0,4.0,5.0,4.0,5.0,4.0,3.0,3.0,3.0,4.0,1.0,3.0,3.0,4.0,4.0,3.0,1.0,4.0,4.0,5.0,2.0,3.0,2.0,3.0,4.0,2.0,4.0,10.0,3.0,1.0,5.0,2.0,3.0,1.0,3.0,4.0,3.0,4.0,3.0,4.0,3.0,3.0,4.0,3.0,2.0,5.0,4.0,4.0,5.0
E0526,E,UK,1-3y,mid,hybrid,2,3.0,4.0,4.0,9.0,5.0,5.0,4.0,5.0,2.0,4.0,3.0,4.0,2.0,3.0,5.0,3.0,3.0,5.0,4.0,4.0,4.0,3.0,3.0,4.0,4.0,3.0,4.0,8.0,4.0,3.0,5.0,3.0,2.0,2.0,5.0,5.0,5.0,4.0,4.0,5.0,4.0,4.0,5.0,5.0,2.0,5.0,5.0,3.0,4.0
E0527,Other (24),Israel,1-3y,mid,remote,2,4.0,4.0,5.0,7.0,4.0,4.0,4.0,5.0,3.0,4.0,5.0,5.0,2.0,4.0,2.0,5.0,4.0,3.0,3.0,5.0,3.0,5.0,4.0,4.0,4.0,4.0,5.0,5.0,4.0,4.0,5.0,4.0,5.0,3.0,5.0,5.0,4.0,3.0,5.0,4.0,3.0,3.0,3.0,5.0,5.0,5.0,4.0,5.0,5.0
E0528,I,UK,<1y,junior,remote,2,4.0,4.0,5.0,6.0,4.0,4.0,4.0,3.0,5.0,5.0,3.0,4.0,3.0,5.0,4.0,3.0,3.0,4.0,4.0,4.0,4.0,5.0,4.0,5.0,5.0,3.0,4.0,10.0,5.0,3.0,3.0,3.0,3.0,4.0,3.0,3.0,4.0,3.0,5.0,4.0,4.0,3.0,3.0,3.0,4.0,3.0,4.0,3.0,4.0
E0529,I,UK,<1y,lead,hybrid,2,4.0,3.0,5.0,9.0,5.0,5.0,3.0,5.0,4.0,3.0,3.0,3.0,4.0,5.0,2.0,3.0,3.0,2.0,4.0,4.0,4.0,3.0,3.0,4.0,5.0,2.0,3.0,6.0,3.0,1.0,3.0,2.0,2.0,1.0,2.0,5.0,3.0,3.0,3.0,3.0,4.0,4.0,3.0,3.0,4.0,3.0,2.0,3.0,3.0
E0530,Other (24),Europe,1-3y,mid,hybrid,2,4.0,3.0,3.0,7.0,3.0,5.0,5.0,2.0,3.0,5.0,3.0,4.0,3.0,3.0,3.0,5.0,3.0,4.0,2.0,4.0,4.0,3.0,4.0,5.0,5.0,3.0,4.0,7.0,4.0,3.0,4.0,4.0,4.0,3.0,5.0,4.0,5.0,5.0,5.0,4.0,4.0,5.0,4.0,3.0,5.0,4.0,4.0,4.0,3.0
E0531,L,India,3-5y,senior,hybrid,2,4.0,3.0,5.0,6.0,4.0,5.0,4.0,4.0,4.0,4.0,3.0,4.0,4.0,4.0,5.0,4.0,1.0,4.0,2.0,3.0,5.0,3.0,3.0,4.0,3.0,3.0,5.0,8.0,3.0,3.0,4.0,3.0,2.0,2.0,4.0,4.0,4.0,2.0,5.0,4.0,4.0,3.0,3.0,4.0,2.0,2.0,4.0,4.0,4.0
E0532,Q,UK,>5y,mid,remote,2,5.0,4.0,3.0,6.0,5.0,4.0,4.0,4.0,4.0,3.0,5.0,4.0,4.0,4.0,5.0,5.0,3.0,5.0,4.0,3.0,5.0,3.0,3.0,4.0,3.0,2.0,4.0,7.0,4.0,3.0,4.0,3.0,2.0,2.0,4.0,2.0,3.0,5.0,3.0,3.0,3.0,2.0,3.0,3.0,3.0,3.0,3.0,3.0,4.0
E0533,E,UK,3-5y,junior,onsite,2,4.0,4.0,4.0,9.0,5.0,4.0,4.0,5.0,3.0,3.0,4.0,4.0,4.0,3.0,3.0,2.0,3.0,4.0,4.0,4.0,4.0,2.0,3.0,2.0,5.0,4.0,3.0,8.0,3.0,4.0,4.0,5.0,3.0,4.0,4.0,4.0,5.0,4.0,3.0,4.0,4.0,5.0,5.0,3.0,5.0,4.0,4.0,3.0,3.0
E0534,Q,UK,3-5y,mid,remote,2,3.0,5.0,4.0,7.0,5.0,3.0,2.0,5.0,5.0,4.0,3.0,4.0,5.0,5.0,4.0,5.0,4.0,3.0,5.0,5.0,3.0,4.0,3.0,3.0,5.0,3.0,5.0,8.0,5.0,4.0,5.0,4.0,3.0,3.0,4.0,4.0,3.0,4.0,4.0,4.0,3.0,4.0,4.0,5.0,5.0,5.0,4.0,4.0,4.0
E0535,J,UK,<1y,junior,remote,2,3.0,4.0,2.0,5.0,3.0,4.0,3.0,4.0,1.0,3.0,2.0,3.0,1.0,2.0,4.0,3.0,2.0,3.0,3.0,4.0,4.0,2.0,3.0,2.0,3.0,2.0,3.0,5.0,3.0,3.0,4.0,2.0,1.0,2.0,4.0,4.0,4.0,5.0,4.0,5.0,3.0,3.0,3.0,4.0,3.0,4.0,3.0,3.0,3.0
E0536,Q,UK,3-5y,mid,hybrid,2,5.0,3.0,2.0,6.0,3.0,5.0,5.0,3.0,4.0,4.0,3.0,4.0,4.0,4.0,5.0,4.0,4.0,3.0,4.0,3.0,5.0,3.0,4.0,3.0,4.0,3.0,3.0,6.0,4.0,3.0,3.0,3.0,2.0,3.0,5.0,4.0,5.0,4.0,4.0,4.0,5.0,5.0,5.0,4.0,3.0,4.0,3.0,4.0,4.0
E0537,M,India,1-3y,mid,remote,2,3.0,4.0,3.0,7.0,3.0,4.0,4.0,3.0,1.0,5.0,4.0,3.0,2.0,2.0,3.0,4.0,2.0,4.0,3.0,5.0,4.0,3.0,3.0,3.0,5.0,3.0,3.0,4.0,3.0,2.0,3.0,2.0,2.0,2.0,3.0,2.0,4.0,4.0,4.0,4.0,4.0,4.0,4.0,3.0,3.0,5.0,4.0,5.0,4.0
E0538,G,US,>5y,senior,onsite,2,3.0,5.0,3.0,10.0,3.0,4.0,3.0,4.0,2.0,4.0,3.0,4.0,1.0,3.0,4.0,4.0,2.0,3.0,3.0,4.0,3.0,3.0,4.0,3.0,5.0,2.0,4.0,5.0,3.0,3.0,4.0,3.0,3.0,3.0,3.0,3.0,3.0,3.0,3.0,3.0,4.0,4.0,4.0,5.0,3.0,4.0,4.0,5.0,5.0
E0539,Other (24),US,<1y,mid,hybrid,2,4.0,4.0,3.0,9.0,5.0,4.0,4.0,4.0,3.0,3.0,3.0,4.0,3.0,2.0,4.0,3.0,2.0,4.0,3.0,5.0,3.0,3.0,4.0,3.0,3.0,1.0,3.0,5.0,3.0,1.0,4.0,2.0,3.0,1.0,4.0,4.0,4.0,4.0,4.0,5.0,4.0,4.0,5.0,3.0,3.0,5.0,5.0,3.0,5.0
E0540,Other (24),US,1-3y,junior,hybrid,2,4.0,4.0,3.0,8.0,4.0,3.0,3.0,4.0,3.0,3.0,2.0,4.0,3.0,3.0,2.0,5.0,2.0,4.0,3.0,3.0,3.0,4.0,3.0,3.0,5.0,2.0,4.0,5.0,3.0,1.0,4.0,1.0,3.0,2.0,4.0,5.0,4.0,3.0,3.0,3.0,5.0,5.0,4.0,5.0,3.0,3.0,5.0,3.0,4.0
E0541,Q,Israel,1-3y,junior,hybrid,2,5.0,5.0,5.0,8.0,4.0,5.0,5.0,5.0,4.0,4.0,3.0,5.0,5.0,3.0,5.0,5.0,4.0,5.0,4.0,5.0,5.0,3.0,5.0,5.0,4.0,4.0,4.0,5.0,5.0,2.0,3.0,3.0,2.0,3.0,5.0,4.0,4.0,3.0,3.0,3.0,3.0,4.0,4.0,4.0,4.0,5.0,4.0,3.0,4.0
E0542,J,US,3-5y,senior,hybrid,2,4.0,4.0,1.0,3.0,3.0,4.0,3.0,4.0,1.0,3.0,1.0,3.0,4.0,2.0,3.0,3.0,3.0,3.0,4.0,3.0,3.0,3.0,3.0,2.0,4.0,2.0,3.0,7.0,1.0,2.0,4.0,3.0,2.0,2.0,5.0,3.0,4.0,4.0,3.0,3.0,3.0,4.0,2.0,4.0,4.0,3.0,3.0,4.0,4.0
E0543,Other (24),India,<1y,mid,hybrid,2,4.0,3.0,3.0,6.0,3.0,4.0,5.0,3.0,2.0,4.0,2.0,3.0,2.0,2.0,4.0,3.0,2.0,3.0,3.0,4.0,5.0,4.0,3.0,4.0,4.0,2.0,3.0,5.0,3.0,2.0,2.0,3.0,3.0,2.0,4.0,3.0,4.0,5.0,5.0,5.0,3.0,5.0,5.0,3.0,3.0,4.0,5.0,3.0,4.0
E0544,Q,US,<1y,senior,hybrid,2,5.0,4.0,4.0,9.0,5.0,5.0,5.0,5.0,5.0,3.0,4.0,4.0,4.0,4.0,4.0,4.0,5.0,3.0,4.0,5.0,5.0,3.0,4.0,4.0,4.0,4.0,4.0,7.0,3.0,4.0,5.0,4.0,3.0,5.0,5.0,4.0,4.0,5.0,4.0,4.0,5.0,5.0,4.0,5.0,5.0,5.0,4.0,4.0,4.0
E0545,P,US,3-5y,mid,hybrid,2,3.0,5.0,4.0,8.0,4.0,5.0,5.0,3.0,3.0,4.0,3.0,5.0,5.0,5.0,4.0,4.0,4.0,3.0,4.0,3.0,4.0,5.0,5.0,4.0,5.0,4.0,5.0,8.0,4.0,4.0,5.0,3.0,3.0,4.0,4.0,4.0,4.0,4.0,5.0,5.0,5.0,4.0,5.0,5.0,4.0,4.0,4.0,2.0,3.0
E0546,Other (24),Israel,<1y,mid,hybrid,2,4.0,3.0,4.0,5.0,3.0,4.0,3.0,3.0,4.0,4.0,4.0,5.0,3.0,4.0,3.0,4.0,1.0,4.0,3.0,4.0,3.0,4.0,3.0,5.0,3.0,1.0,4.0,6.0,5.0,1.0,3.0,4.0,2.0,2.0,3.0,3.0,3.0,2.0,3.0,3.0,4.0,4.0,4.0,2.0,3.0,4.0,4.0,5.0,4.0
E0547,L,UK,1-3y,mid,hybrid,2,4.0,3.0,5.0,6.0,4.0,5.0,3.0,4.0,3.0,5.0,2.0,4.0,3.0,4.0,4.0,5.0,3.0,4.0,3.0,4.0,4.0,3.0,4.0,4.0,3.0,3.0,4.0,7.0,3.0,3.0,4.0,4.0,3.0,3.0,4.0,5.0,3.0,3.0,5.0,3.0,5.0,5.0,4.0,4.0,5.0,5.0,5.0,3.0,2.0
E0548,O,India,1-3y,mid,onsite,2,2.0,4.0,5.0,6.0,4.0,4.0,3.0,3.0,4.0,4.0,5.0,4.0,4.0,4.0,3.0,3.0,3.0,3.0,4.0,5.0,3.0,5.0,5.0,3.0,5.0,4.0,5.0,7.0,4.0,4.0,2.0,3.0,2.0,4.0,3.0,4.0,4.0,3.0,2.0,3.0,5.0,4.0,4.0,4.0,4.0,4.0,3.0,3.0,4.0
E0549,A,Europe,1-3y,junior,hybrid,2,4.0,4.0,4.0,8.0,3.0,4.0,4.0,3.0,2.0,4.0,4.0,5.0,3.0,5.0,4.0,5.0,2.0,4.0,4.0,5.0,4.0,5.0,5.0,5.0,3.0,2.0,5.0,5.0,4.0,5.0,4.0,3.0,3.0,3.0,4.0,4.0,3.0,4.0,3.0,5.0,3.0,3.0,3.0,5.0,3.0,5.0,4.0,4.0,3.0
E0550,Other (24),US,1-3y,lead,remote,2,4.0,4.0,2.0,8.0,4.0,3.0,3.0,3.0,4.0,4.0,4.0,4.0,3.0,3.0,2.0,4.0,3.0,2.0,4.0,4.0,3.0,4.0,4.0,4.0,3.0,3.0,5.0,6.0,4.0,1.0,3.0,2.0,3.0,2.0,4.0,3.0,5.0,4.0,3.0,3.0,4.0,4.0,4.0,3.0,3.0,4.0,3.0,3.0,5.0
E0551,Q,India,<1y,senior,onsite,2,3.0,3.0,4.0,5.0,4.0,4.0,5.0,4.0,4.0,4.0,4.0,4.0,4.0,3.0,5.0,5.0,3.0,2.0,3.0,4.0,3.0,4.0,3.0,3.0,4.0,2.0,5.0,8.0,5.0,1.0,3.0,4.0,3.0,3.0,4.0,1.0,3.0,3.0,3.0,4.0,3.0,4.0,4.0,4.0,4.0,5.0,5.0,4.0,5.0
E0552,G,US,1-3y,mid,hybrid,2,2.0,5.0,3.0,9.0,5.0,3.0,3.0,4.0,2.0,3.0,4.0,4.0,2.0,3.0,3.0,3.0,2.0,4.0,2.0,4.0,3.0,4.0,3.0,3.0,5.0,3.0,2.0,6.0,3.0,2.0,5.0,3.0,3.0,2.0,3.0,3.0,3.0,4.0,4.0,4.0,5.0,3.0,4.0,3.0,4.0,4.0,5.0,4.0,5.0
E0553,Other (24),India,1-3y,junior,hybrid,2,4.0,4.0,4.0,7.0,4.0,3.0,4.0,4.0,4.0,4.0,4.0,4.0,4.0,3.0,3.0,5.0,4.0,5.0,4.0,5.0,3.0,4.0,4.0,5.0,5.0,3.0,4.0,10.0,4.0,2.0,4.0,4.0,3.0,2.0,3.0,5.0,3.0,5.0,4.0,4.0,3.0,4.0,4.0,4.0,3.0,5.0,3.0,4.0,4.0
E0554,E,UK,<1y,senior,hybrid,2,4.0,5.0,5.0,8.0,5.0,4.0,4.0,5.0,4.0,3.0,3.0,4.0,3.0,2.0,3.0,3.0,3.0,4.0,4.0,4.0,4.0,4.0,3.0,4.0,4.0,3.0,5.0,9.0,4.0,4.0,5.0,4.0,5.0,3.0,4.0,4.0,4.0,4.0,4.0,4.0,4.0,4.0,5.0,4.0,4.0,5.0,5.0,5.0,5.0
E0555,B,UK,<1y,lead,onsite,2,3.0,4.0,5.0,8.0,3.0,4.0,4.0,5.0,4.0,5.0,4.0,5.0,4.0,5.0,5.0,4.0,4.0,3.0,5.0,5.0,4.0,3.0,3.0,5.0,5.0,4.0,4.0,6.0,5.0,4.0,4.0,4.0,3.0,4.0,5.0,4.0,5.0,5.0,5.0,3.0,4.0,5.0,4.0,4.0,4.0,4.0,4.0,4.0,5.0
E0556,Other (24),Israel,1-3y,lead,hybrid,2,4.0,2.0,4.0,4.0,2.0,5.0,4.0,2.0,2.0,4.0,4.0,3.0,1.0,2.0,3.0,3.0,1.0,4.0,1.0,5.0,4.0,3.0,2.0,3.0,3.0,2.0,4.0,6.0,3.0,1.0,3.0,3.0,2.0,2.0,3.0,3.0,3.0,3.0,3.0,3.0,3.0,1.0,4.0,3.0,3.0,2.0,3.0,3.0,2.0
E0557,B,Israel,3-5y,senior,hybrid,2,3.0,5.0,3.0,9.0,4.0,3.0,3.0,5.0,4.0,3.0,3.0,4.0,4.0,3.0,3.0,3.0,2.0,2.0,3.0,3.0,4.0,3.0,3.0,3.0,4.0,2.0,3.0,10.0,3.0,2.0,5.0,2.0,2.0,3.0,4.0,4.0,4.0,5.0,5.0,4.0,4.0,4.0,4.0,4.0,4.0,3.0,3.0,3.0,2.0
E0558,P,US,>5y,lead,hybrid,2,3.0,4.0,4.0,6.0,4.0,5.0,4.0,3.0,1.0,4.0,4.0,4.0,2.0,4.0,3.0,4.0,2.0,3.0,3.0,3.0,4.0,5.0,4.0,4.0,4.0,3.0,4.0,6.0,4.0,3.0,4.0,3.0,1.0,4.0,4.0,3.0,3.0,3.0,4.0,3.0,3.0,2.0,4.0,3.0,4.0,4.0,3.0,4.0,5.0
E0559,O,UK,<1y,senior,hybrid,2,4.0,5.0,5.0,7.0,4.0,4.0,4.0,3.0,3.0,4.0,4.0,4.0,1.0,4.0,4.0,4.0,3.0,4.0,4.0,4.0,3.0,4.0,4.0,5.0,5.0,3.0,4.0,5.0,4.0,3.0,4.0,3.0,2.0,3.0,5.0,5.0,5.0,5.0,4.0,5.0,4.0,5.0,5.0,4.0,4.0,5.0,4.0,4.0,4.0
E0560,B,UK,<1y,senior,remote,2,4.0,4.0,4.0,7.0,4.0,4.0,3.0,3.0,4.0,3.0,3.0,4.0,4.0,4.0,4.0,3.0,2.0,4.0,2.0,4.0,4.0,3.0,4.0,4.0,5.0,3.0,4.0,10.0,4.0,2.0,4.0,1.0,1.0,1.0,5.0,4.0,4.0,4.0,3.0,3.0,3.0,3.0,4.0,4.0,3.0,3.0,5.0,3.0,4.0
E0561,Other (24),India,<1y,junior,hybrid,2,4.0,5.0,4.0,8.0,5.0,5.0,4.0,5.0,3.0,4.0,3.0,4.0,3.0,2.0,4.0,3.0,2.0,4.0,4.0,3.0,5.0,3.0,3.0,4.0,4.0,2.0,4.0,5.0,2.0,1.0,5.0,3.0,3.0,2.0,3.0,4.0,4.0,5.0,5.0,4.0,4.0,3.0,4.0,3.0,3.0,4.0,4.0,3.0,3.0
E0562,Other (24),Israel,3-5y,junior,remote,2,5.0,3.0,4.0,6.0,4.0,5.0,5.0,4.0,2.0,4.0,3.0,5.0,1.0,3.0,4.0,3.0,2.0,4.0,4.0,3.0,4.0,3.0,3.0,3.0,3.0,2.0,4.0,7.0,2.0,2.0,5.0,3.0,2.0,3.0,3.0,3.0,3.0,4.0,4.0,5.0,3.0,3.0,4.0,4.0,4.0,3.0,4.0,4.0,4.0
E0563,J,UK,3-5y,mid,remote,2,4.0,3.0,1.0,7.0,3.0,2.0,3.0,2.0,2.0,1.0,2.0,3.0,2.0,2.0,3.0,3.0,3.0,3.0,3.0,4.0,3.0,2.0,3.0,2.0,2.0,3.0,3.0,4.0,2.0,3.0,5.0,3.0,2.0,3.0,4.0,3.0,4.0,4.0,4.0,4.0,3.0,4.0,4.0,4.0,4.0,4.0,3.0,4.0,3.0
E0564,Other (24),Europe,3-5y,mid,remote,2,4.0,5.0,3.0,6.0,4.0,5.0,4.0,4.0,2.0,5.0,1.0,3.0,2.0,3.0,4.0,3.0,3.0,4.0,3.0,4.0,3.0,2.0,2.0,4.0,5.0,3.0,2.0,7.0,3.0,2.0,4.0,5.0,5.0,4.0,3.0,4.0,4.0,4.0,3.0,4.0,4.0,4.0,3.0,5.0,4.0,4.0,4.0,3.0,4.0
E0565,I,US,3-5y,mid,onsite,2,5.0,4.0,5.0,8.0,4.0,5.0,4.0,3.0,3.0,5.0,5.0,5.0,4.0,5.0,4.0,4.0,4.0,5.0,5.0,4.0,5.0,5.0,5.0,5.0,5.0,4.0,5.0,9.0,5.0,4.0,5.0,3.0,3.0,3.0,2.0,4.0,3.0,4.0,5.0,5.0,3.0,2.0,3.0,3.0,5.0,4.0,5.0,4.0,3.0
E0566,J,Israel,>5y,mid,hybrid,2,5.0,3.0,3.0,5.0,3.0,4.0,4.0,3.0,1.0,3.0,3.0,3.0,3.0,3.0,3.0,3.0,2.0,4.0,2.0,4.0,3.0,2.0,4.0,5.0,3.0,2.0,3.0,5.0,3.0,3.0,3.0,2.0,2.0,3.0,4.0,5.0,4.0,4.0,5.0,4.0,1.0,3.0,2.0,4.0,5.0,3.0,3.0,3.0,4.0
E0567,Q,India,<1y,senior,onsite,2,4.0,4.0,4.0,5.0,4.0,3.0,3.0,4.0,5.0,2.0,4.0,4.0,4.0,4.0,4.0,4.0,2.0,2.0,2.0,4.0,4.0,4.0,4.0,3.0,3.0,2.0,4.0,8.0,3.0,2.0,4.0,2.0,2.0,2.0,4.0,4.0,4.0,4.0,2.0,3.0,3.0,4.0,4.0,2.0,5.0,4.0,4.0,4.0,3.0
E0568,F,UK,>5y,mid,hybrid,2,5.0,4.0,3.0,7.0,4.0,5.0,5.0,4.0,3.0,5.0,3.0,4.0,4.0,5.0,5.0,3.0,3.0,4.0,3.0,4.0,4.0,5.0,4.0,4.0,4.0,4.0,5.0,9.0,3.0,4.0,4.0,4.0,3.0,4.0,4.0,5.0,3.0,4.0,4.0,3.0,4.0,4.0,5.0,4.0,4.0,4.0,5.0,4.0,4.0
E0569,H,Europe,1-3y,junior,remote,2,5.0,5.0,5.0,10.0,4.0,5.0,4.0,5.0,5.0,5.0,5.0,5.0,5.0,5.0,5.0,5.0,4.0,4.0,5.0,5.0,5.0,5.0,5.0,5.0,5.0,4.0,5.0,10.0,5.0,4.0,5.0,3.0,5.0,5.0,5.0,5.0,4.0,5.0,4.0,5.0,5.0,5.0,5.0,3.0,4.0,4.0,5.0,4.0,5.0
E0570,Other (24),UK,<1y,senior,hybrid,2,3.0,5.0,4.0,10.0,4.0,4.0,3.0,4.0,4.0,4.0,3.0,5.0,5.0,5.0,3.0,5.0,3.0,4.0,4.0,4.0,3.0,4.0,4.0,3.0,5.0,2.0,4.0,8.0,5.0,3.0,5.0,5.0,3.0,3.0,4.0,4.0,5.0,5.0,5.0,4.0,3.0,4.0,2.0,3.0,4.0,5.0,4.0,3.0,3.0
E0571,P,US,<1y,junior,remote,2,3.0,5.0,5.0,4.0,3.0,2.0,3.0,3.0,2.0,5.0,5.0,5.0,2.0,5.0,4.0,5.0,3.0,3.0,3.0,4.0,5.0,5.0,4.0,4.0,5.0,4.0,5.0,7.0,5.0,5.0,4.0,4.0,2.0,4.0,4.0,4.0,5.0,3.0,4.0,5.0,4.0,5.0,5.0,4.0,3.0,4.0,4.0,4.0,4.0
E0572,J,India,<1y,senior,onsite,2,2.0,4.0,3.0,3.0,2.0,4.0,3.0,3.0,2.0,2.0,3.0,4.0,3.0,4.0,3.0,4.0,3.0,2.0,2.0,3.0,5.0,3.0,4.0,4.0,4.0,3.0,5.0,7.0,3.0,4.0,4.0,3.0,3.0,4.0,5.0,5.0,5.0,4.0,4.0,4.0,3.0,4.0,3.0,4.0,5.0,5.0,5.0,4.0,5.0
E0573,O,India,>5y,mid,remote,2,4.0,4.0,5.0,6.0,4.0,5.0,4.0,4.0,4.0,5.0,5.0,5.0,3.0,3.0,4.0,5.0,4.0,5.0,4.0,4.0,5.0,5.0,4.0,5.0,5.0,4.0,5.0,6.0,4.0,4.0,3.0,4.0,5.0,5.0,5.0,3.0,3.0,3.0,5.0,5.0,4.0,4.0,4.0,5.0,5.0,5.0,4.0,3.0,5.0
E0574,E,India,1-3y,senior,hybrid,2,3.0,3.0,5.0,6.0,4.0,4.0,3.0,5.0,3.0,3.0,4.0,3.0,2.0,2.0,4.0,2.0,2.0,3.0,4.0,5.0,4.0,5.0,3.0,3.0,4.0,2.0,4.0,7.0,3.0,2.0,3.0,2.0,3.0,2.0,3.0,4.0,5.0,4.0,3.0,4.0,5.0,5.0,5.0,3.0,3.0,3.0,2.0,5.0,4.0
E0575,D,Europe,3-5y,mid,remote,2,4.0,4.0,3.0,8.0,5.0,3.0,3.0,4.0,5.0,5.0,5.0,4.0,4.0,4.0,4.0,4.0,3.0,4.0,5.0,5.0,3.0,5.0,4.0,5.0,4.0,5.0,5.0,7.0,4.0,5.0,4.0,3.0,2.0,4.0,5.0,5.0,5.0,4.0,4.0,5.0,4.0,4.0,5.0,3.0,4.0,3.0,4.0,2.0,3.0
E0576,H,India,1-3y,mid,onsite,2,5.0,5.0,5.0,10.0,5.0,5.0,4.0,5.0,5.0,5.0,5.0,5.0,4.0,5.0,4.0,5.0,3.0,4.0,5.0,4.0,5.0,5.0,5.0,5.0,5.0,4.0,5.0,9.0,5.0,5.0,5.0,5.0,4.0,4.0,5.0,5.0,5.0,5.0,5.0,4.0,4.0,5.0,4.0,5.0,4.0,5.0,5.0,5.0,4.0
E0577,J,India,3-5y,mid,hybrid,2,4.0,5.0,3.0,7.0,4.0,4.0,2.0,4.0,1.0,3.0,4.0,4.0,3.0,3.0,2.0,4.0,2.0,3.0,3.0,4.0,3.0,2.0,4.0,3.0,3.0,2.0,4.0,5.0,2.0,2.0,4.0,2.0,1.0,4.0,5.0,4.0,5.0,5.0,3.0,4.0,4.0,4.0,5.0,3.0,3.0,4.0,5.0,5.0,5.0
E0578,O,US,<1y,mid,onsite,2,1.0,3.0,4.0,5.0,3.0,3.0,1.0,3.0,3.0,3.0,2.0,3.0,3.0,2.0,3.0,2.0,2.0,2.0,4.0,4.0,3.0,3.0,3.0,3.0,4.0,3.0,4.0,7.0,2.0,2.0,3.0,2.0,3.0,3.0,4.0,4.0,5.0,4.0,4.0,4.0,4.0,3.0,3.0,5.0,2.0,3.0,3.0,3.0,3.0
E0579,C,Israel,1-3y,senior,onsite,2,2.0,4.0,4.0,9.0,5.0,4.0,2.0,3.0,3.0,5.0,4.0,4.0,3.0,3.0,3.0,5.0,4.0,3.0,4.0,5.0,4.0,3.0,3.0,4.0,4.0,5.0,4.0,7.0,3.0,4.0,5.0,4.0,4.0,2.0,5.0,5.0,5.0,2.0,4.0,4.0,4.0,4.0,4.0,4.0,4.0,5.0,4.0,3.0,4.0
E0580,I,India,<1y,lead,onsite,2,4.0,4.0,5.0,7.0,5.0,3.0,3.0,5.0,3.0,4.0,2.0,4.0,3.0,4.0,3.0,3.0,3.0,3.0,4.0,4.0,3.0,5.0,5.0,4.0,5.0,2.0,5.0,10.0,4.0,3.0,5.0,3.0,3.0,2.0,4.0,4.0,4.0,4.0,3.0,5.0,4.0,3.0,5.0,3.0,4.0,4.0,4.0,3.0,4.0
E0581,Other (24),India,3-5y,junior,hybrid,2,3.0,4.0,4.0,5.0,3.0,4.0,3.0,3.0,3.0,4.0,3.0,3.0,3.0,3.0,3.0,3.0,3.0,4.0,1.0,4.0,4.0,4.0,4.0,3.0,3.0,3.0,3.0,6.0,4.0,1.0,3.0,3.0,4.0,4.0,3.0,2.0,2.0,3.0,2.0,2.0,4.0,4.0,3.0,3.0,4.0,4.0,4.0,3.0,4.0
E0582,C,UK,1-3y,mid,onsite,2,2.0,3.0,5.0,7.0,3.0,2.0,1.0,4.0,3.0,4.0,3.0,4.0,5.0,4.0,2.0,5.0,4.0,2.0,3.0,4.0,2.0,4.0,4.0,3.0,4.0,3.0,5.0,9.0,4.0,4.0,3.0,3.0,3.0,2.0,3.0,3.0,4.0,5.0,5.0,4.0,4.0,4.0,4.0,4.0,4.0,3.0,3.0,3.0,3.0
E0583,Other (24),India,1-3y,junior,hybrid,2,4.0,4.0,2.0,10.0,4.0,4.0,3.0,5.0,3.0,3.0,2.0,4.0,3.0,3.0,2.0,2.0,3.0,3.0,4.0,3.0,2.0,3.0,3.0,3.0,3.0,2.0,3.0,4.0,2.0,2.0,5.0,3.0,2.0,3.0,5.0,5.0,5.0,4.0,4.0,3.0,2.0,3.0,3.0,3.0,3.0,3.0,4.0,4.0,4.0
E0584,B,UK,<1y,mid,onsite,2,4.0,4.0,3.0,9.0,5.0,5.0,4.0,4.0,3.0,3.0,2.0,4.0,2.0,3.0,4.0,3.0,3.0,2.0,3.0,4.0,3.0,3.0,4.0,3.0,5.0,3.0,4.0,7.0,4.0,4.0,5.0,4.0,3.0,4.0,5.0,5.0,4.0,3.0,5.0,4.0,3.0,5.0,5.0,4.0,4.0,4.0,4.0,3.0,4.0
E0585,N,UK,3-5y,senior,remote,2,3.0,4.0,5.0,7.0,4.0,3.0,3.0,3.0,3.0,5.0,5.0,5.0,3.0,5.0,5.0,5.0,3.0,4.0,4.0,5.0,2.0,5.0,5.0,5.0,4.0,5.0,5.0,5.0,5.0,4.0,5.0,4.0,4.0,5.0,2.0,3.0,4.0,3.0,5.0,5.0,4.0,4.0,4.0,5.0,3.0,3.0,3.0,5.0,4.0
E0586,Q,UK,1-3y,mid,onsite,2,3.0,3.0,5.0,5.0,5.0,3.0,4.0,4.0,4.0,5.0,5.0,5.0,4.0,4.0,4.0,5.0,3.0,4.0,5.0,4.0,4.0,4.0,4.0,4.0,5.0,1.0,5.0,5.0,5.0,2.0,3.0,3.0,2.0,1.0,3.0,4.0,3.0,4.0,3.0,4.0,4.0,4.0,3.0,4.0,3.0,5.0,4.0,4.0,4.0
E0587,P,US,3-5y,senior,hybrid,2,3.0,3.0,3.0,5.0,4.0,4.0,4.0,3.0,2.0,4.0,3.0,5.0,2.0,4.0,4.0,4.0,3.0,4.0,3.0,4.0,4.0,3.0,2.0,3.0,3.0,3.0,3.0,6.0,3.0,2.0,4.0,2.0,2.0,2.0,4.0,4.0,3.0,4.0,4.0,4.0,3.0,3.0,3.0,3.0,4.0,4.0,3.0,4.0,5.0
E0588,Q,Europe,1-3y,junior,hybrid,2,3.0,5.0,3.0,6.0,4.0,3.0,4.0,5.0,5.0,4.0,4.0,3.0,4.0,4.0,5.0,3.0,4.0,3.0,4.0,2.0,4.0,3.0,3.0,3.0,2.0,3.0,3.0,9.0,3.0,3.0,3.0,3.0,3.0,3.0,4.0,4.0,5.0,4.0,5.0,4.0,3.0,3.0,4.0,3.0,4.0,4.0,4.0,4.0,4.0
E0589,B,US,>5y,mid,hybrid,2,5.0,5.0,5.0,7.0,3.0,4.0,5.0,4.0,4.0,4.0,5.0,5.0,4.0,4.0,4.0,5.0,4.0,3.0,3.0,5.0,4.0,5.0,4.0,5.0,5.0,5.0,5.0,10.0,4.0,4.0,5.0,4.0,3.0,4.0,5.0,4.0,5.0,3.0,3.0,4.0,3.0,5.0,4.0,4.0,5.0,4.0,4.0,4.0,4.0
E0590,Other (24),Europe,1-3y,mid,hybrid,2,4.0,5.0,3.0,7.0,4.0,4.0,4.0,3.0,3.0,4.0,3.0,3.0,2.0,2.0,4.0,3.0,2.0,4.0,3.0,4.0,5.0,2.0,2.0,2.0,4.0,1.0,4.0,5.0,3.0,1.0,3.0,3.0,2.0,1.0,4.0,4.0,4.0,4.0,4.0,4.0,2.0,3.0,3.0,3.0,3.0,4.0,4.0,3.0,3.0
E0591,L,UK,1-3y,lead,hybrid,2,4.0,4.0,3.0,5.0,4.0,3.0,3.0,5.0,3.0,4.0,2.0,3.0,3.0,3.0,4.0,3.0,3.0,4.0,4.0,3.0,3.0,2.0,3.0,3.0,3.0,3.0,3.0,7.0,2.0,3.0,5.0,3.0,2.0,2.0,4.0,4.0,5.0,4.0,3.0,4.0,5.0,5.0,5.0,3.0,3.0,4.0,3.0,3.0,5.0
E0592,N,UK,1-3y,mid,onsite,2,3.0,3.0,3.0,6.0,4.0,4.0,3.0,3.0,4.0,2.0,2.0,3.0,4.0,2.0,4.0,2.0,3.0,4.0,4.0,4.0,4.0,3.0,1.0,3.0,2.0,3.0,3.0,7.0,3.0,3.0,3.0,3.0,3.0,4.0,4.0,4.0,4.0,4.0,2.0,3.0,4.0,4.0,4.0,3.0,3.0,3.0,3.0,3.0,4.0
E0593,N,Israel,<1y,junior,hybrid,2,5.0,4.0,3.0,10.0,5.0,3.0,4.0,4.0,3.0,3.0,3.0,5.0,3.0,3.0,5.0,2.0,4.0,4.0,4.0,3.0,3.0,4.0,2.0,3.0,2.0,4.0,4.0,7.0,4.0,4.0,3.0,5.0,5.0,4.0,2.0,2.0,3.0,5.0,5.0,3.0,5.0,4.0,5.0,4.0,3.0,4.0,4.0,3.0,4.0
E0594,Other (24),Israel,3-5y,mid,remote,2,4.0,4.0,4.0,8.0,2.0,4.0,2.0,4.0,3.0,4.0,2.0,4.0,3.0,4.0,3.0,3.0,2.0,3.0,3.0,5.0,3.0,4.0,3.0,3.0,5.0,2.0,3.0,6.0,3.0,1.0,3.0,2.0,2.0,2.0,4.0,4.0,3.0,3.0,4.0,3.0,3.0,3.0,3.0,4.0,2.0,3.0,3.0,3.0,3.0
E0595,G,UK,>5y,mid,onsite,2,4.0,3.0,4.0,8.0,4.0,4.0,4.0,4.0,4.0,4.0,3.0,4.0,4.0,4.0,3.0,5.0,1.0,3.0,3.0,5.0,4.0,4.0,4.0,4.0,5.0,4.0,4.0,8.0,3.0,2.0,4.0,2.0,4.0,2.0,4.0,4.0,4.0,4.0,4.0,3.0,5.0,5.0,5.0,3.0,4.0,5.0,5.0,4.0,5.0
E0596,Other (24),US,<1y,junior,hybrid,2,3.0,4.0,5.0,10.0,4.0,5.0,4.0,4.0,4.0,4.0,4.0,5.0,4.0,5.0,4.0,5.0,1.0,4.0,4.0,4.0,3.0,4.0,4.0,4.0,4.0,2.0,4.0,6.0,4.0,1.0,5.0,3.0,2.0,1.0,5.0,4.0,4.0,3.0,3.0,3.0,2.0,4.0,3.0,3.0,3.0,5.0,4.0,4.0,4.0
E0597,J,UK,>5y,junior,remote,2,4.0,2.0,2.0,4.0,3.0,4.0,4.0,2.0,1.0,1.0,3.0,4.0,3.0,2.0,3.0,3.0,2.0,4.0,3.0,3.0,2.0,3.0,2.0,4.0,3.0,3.0,4.0,3.0,3.0,3.0,5.0,3.0,1.0,3.0,3.0,3.0,4.0,2.0,3.0,4.0,2.0,3.0,3.0,3.0,3.0,3.0,3.0,4.0,4.0
E0598,R,US,1-3y,junior,onsite,2,3.0,5.0,4.0,8.0,4.0,4.0,5.0,5.0,5.0,4.0,3.0,4.0,3.0,2.0,3.0,3.0,2.0,3.0,3.0,3.0,2.0,2.0,2.0,3.0,5.0,3.0,3.0,7.0,3.0,3.0,4.0,2.0,3.0,3.0,3.0,3.0,3.0,3.0,3.0,2.0,4.0,4.0,5.0,4.0,4.0,4.0,3.0,2.0,4.0
E0599,J,UK,3-5y,junior,hybrid,2,2.0,5.0,2.0,5.0,4.0,3.0,1.0,3.0,2.0,2.0,2.0,3.0,2.0,3.0,2.0,3.0,1.0,1.0,3.0,4.0,2.0,3.0,3.0,3.0,4.0,1.0,3.0,8.0,1.0,1.0,3.0,1.0,1.0,1.0,1.0,2.0,3.0,2.0,3.0,2.0,4.0,4.0,5.0,2.0,2.0,4.0,5.0,4.0,4.0
E0600,Other (24),UK,1-3y,mid,onsite,2,4.0,2.0,3.0,4.0,4.0,4.0,3.0,4.0,3.0,4.0,3.0,4.0,3.0,3.0,4.0,3.0,3.0,4.0,2.0,3.0,3.0,4.0,4.0,4.0,4.0,2.0,3.0,8.0,4.0,4.0,2.0,3.0,4.0,2.0,3.0,4.0,4.0,5.0,4.0,4.0,3.0,5.0,3.0,4.0,3.0,3.0,3.0,4.0,3.0
E0601,O,Europe,<1y,lead,hybrid,2,4.0,4.0,5.0,7.0,4.0,4.0,3.0,4.0,4.0,4.0,3.0,3.0,2.0,3.0,4.0,4.0,3.0,3.0,3.0,5.0,4.0,5.0,5.0,5.0,5.0,2.0,4.0,6.0,4.0,3.0,5.0,2.0,4.0,3.0,5.0,5.0,5.0,4.0,4.0,5.0,5.0,5.0,5.0,3.0,3.0,5.0,5.0,3.0,3.0
E0602,Q,US,1-3y,senior,onsite,2,4.0,4.0,3.0,6.0,3.0,4.0,3.0,4.0,3.0,3.0,3.0,2.0,2.0,3.0,4.0,3.0,4.0,3.0,2.0,4.0,3.0,3.0,2.0,3.0,3.0,3.0,3.0,4.0,3.0,4.0,4.0,4.0,2.0,4.0,3.0,3.0,3.0,5.0,4.0,4.0,4.0,3.0,5.0,3.0,4.0,4.0,3.0,4.0,4.0
E0603,Other (24),UK,3-5y,junior,hybrid,2,3.0,2.0,3.0,7.0,4.0,4.0,3.0,5.0,5.0,3.0,4.0,4.0,3.0,3.0,2.0,3.0,2.0,3.0,4.0,3.0,4.0,4.0,4.0,2.0,5.0,1.0,4.0,7.0,4.0,1.0,4.0,3.0,3.0,2.0,3.0,3.0,3.0,3.0,2.0,1.0,4.0,3.0,3.0,3.0,2.0,2.0,3.0,4.0,3.0
E0604,K,UK,1-3y,junior,hybrid,2,3.0,4.0,4.0,7.0,3.0,3.0,2.0,4.0,2.0,3.0,3.0,4.0,3.0,3.0,3.0,3.0,1.0,1.0,4.0,2.0,4.0,3.0,3.0,3.0,4.0,2.0,4.0,5.0,4.0,1.0,5.0,2.0,1.0,3.0,5.0,3.0,4.0,4.0,4.0,4.0,3.0,4.0,4.0,2.0,4.0,2.0,3.0,3.0,2.0
E0605,E,US,>5y,mid,hybrid,2,2.0,4.0,4.0,9.0,5.0,5.0,4.0,4.0,1.0,4.0,2.0,4.0,3.0,3.0,4.0,3.0,4.0,4.0,3.0,4.0,4.0,3.0,3.0,3.0,4.0,4.0,3.0,5.0,3.0,5.0,4.0,5.0,3.0,4.0,3.0,2.0,4.0,4.0,3.0,3.0,4.0,4.0,4.0,4.0,3.0,2.0,5.0,3.0,5.0
E0606,Other (24),Europe,3-5y,junior,remote,2,5.0,4.0,3.0,10.0,4.0,5.0,4.0,5.0,2.0,3.0,3.0,4.0,2.0,3.0,4.0,4.0,2.0,5.0,4.0,4.0,3.0,4.0,2.0,3.0,3.0,2.0,4.0,6.0,3.0,4.0,4.0,3.0,3.0,2.0,4.0,4.0,3.0,4.0,4.0,3.0,4.0,4.0,4.0,4.0,4.0,5.0,5.0,4.0,4.0
E0607,I,UK,1-3y,lead,onsite,2,3.0,3.0,5.0,7.0,3.0,5.0,4.0,3.0,3.0,5.0,3.0,3.0,3.0,4.0,4.0,4.0,2.0,5.0,5.0,4.0,5.0,5.0,5.0,5.0,4.0,3.0,4.0,6.0,4.0,3.0,4.0,3.0,3.0,2.0,4.0,3.0,4.0,3.0,4.0,4.0,4.0,4.0,4.0,4.0,4.0,4.0,5.0,4.0,4.0
E0608,H,UK,<1y,senior,remote,2,5.0,5.0,5.0,9.0,5.0,5.0,5.0,5.0,4.0,5.0,5.0,4.0,4.0,4.0,3.0,5.0,3.0,5.0,3.0,3.0,5.0,5.0,4.0,5.0,4.0,4.0,5.0,6.0,4.0,5.0,5.0,4.0,3.0,4.0,4.0,4.0,2.0,4.0,5.0,4.0,5.0,4.0,5.0,3.0,4.0,4.0,5.0,5.0,5.0
E0609,K,UK,1-3y,junior,remote,2,4.0,5.0,5.0,10.0,4.0,5.0,5.0,4.0,3.0,5.0,5.0,5.0,3.0,3.0,4.0,5.0,3.0,4.0,4.0,5.0,4.0,5.0,5.0,5.0,5.0,4.0,5.0,6.0,5.0,4.0,5.0,4.0,4.0,4.0,4.0,5.0,4.0,4.0,4.0,4.0,4.0,5.0,4.0,4.0,5.0,5.0,4.0,5.0,5.0
E0610,D,Europe,3-5y,mid,hybrid,2,4.0,4.0,3.0,6.0,3.0,3.0,2.0,3.0,4.0,3.0,3.0,2.0,3.0,4.0,4.0,4.0,1.0,2.0,2.0,3.0,2.0,4.0,3.0,2.0,4.0,3.0,4.0,7.0,3.0,4.0,3.0,1.0,2.0,3.0,3.0,2.0,3.0,2.0,4.0,4.0,3.0,2.0,2.0,3.0,3.0,4.0,4.0,3.0,3.0
E0611,Other (24),UK,3-5y,mid,onsite,2,4.0,4.0,4.0,7.0,3.0,4.0,3.0,2.0,2.0,2.0,1.0,2.0,3.0,3.0,4.0,2.0,3.0,3.0,3.0,4.0,3.0,2.0,2.0,4.0,3.0,3.0,4.0,7.0,2.0,1.0,2.0,4.0,2.0,2.0,5.0,5.0,5.0,4.0,4.0,4.0,5.0,5.0,5.0,4.0,4.0,4.0,5.0,5.0,5.0
E0612,Other (24),UK,1-3y,mid,hybrid,2,3.0,4.0,4.0,9.0,4.0,3.0,3.0,4.0,2.0,2.0,1.0,3.0,3.0,2.0,2.0,2.0,1.0,3.0,3.0,3.0,3.0,2.0,3.0,3.0,2.0,2.0,2.0,6.0,2.0,2.0,4.0,4.0,3.0,3.0,1.0,2.0,2.0,3.0,3.0,3.0,3.0,3.0,2.0,3.0,5.0,3.0,2.0,4.0,4.0
E0613,Other (24),UK,3-5y,junior,hybrid,2,5.0,4.0,5.0,6.0,3.0,5.0,5.0,4.0,2.0,4.0,3.0,4.0,3.0,3.0,4.0,4.0,2.0,5.0,4.0,5.0,4.0,2.0,3.0,5.0,4.0,2.0,3.0,4.0,3.0,2.0,4.0,3.0,3.0,1.0,3.0,4.0,4.0,4.0,3.0,4.0,3.0,3.0,3.0,4.0,5.0,5.0,5.0,3.0,3.0
E0614,Other (24),India,3-5y,senior,onsite,2,3.0,3.0,5.0,8.0,4.0,5.0,4.0,4.0,3.0,5.0,4.0,5.0,3.0,4.0,4.0,5.0,3.0,4.0,4.0,5.0,4.0,5.0,3.0,4.0,5.0,2.0,4.0,5.0,4.0,1.0,5.0,2.0,3.0,2.0,4.0,3.0,3.0,3.0,4.0,5.0,4.0,5.0,5.0,3.0,4.0,5.0,4.0,5.0,4.0
E0615,G,Israel,1-3y,junior,hybrid,2,4.0,4.0,2.0,8.0,4.0,5.0,3.0,4.0,2.0,4.0,3.0,4.0,2.0,3.0,3.0,3.0,3.0,4.0,4.0,3.0,4.0,3.0,2.0,3.0,4.0,2.0,4.0,5.0,3.0,2.0,5.0,3.0,2.0,2.0,4.0,4.0,5.0,3.0,3.0,4.0,4.0,3.0,3.0,4.0,4.0,5.0,4.0,4.0,3.0
E0616,D,US,3-5y,mid,hybrid,2,3.0,5.0,3.0,7.0,5.0,3.0,4.0,4.0,4.0,3.0,5.0,4.0,2.0,3.0,5.0,4.0,2.0,4.0,3.0,3.0,3.0,5.0,4.0,3.0,5.0,4.0,4.0,6.0,4.0,4.0,3.0,2.0,2.0,4.0,3.0,5.0,5.0,4.0,4.0,5.0,4.0,4.0,3.0,5.0,5.0,4.0,5.0,5.0,3.0
E0617,I,UK,<1y,mid,onsite,2,5.0,5.0,5.0,9.0,4.0,5.0,5.0,5.0,3.0,5.0,4.0,5.0,3.0,5.0,4.0,4.0,5.0,5.0,5.0,5.0,5.0,5.0,4.0,5.0,5.0,3.0,5.0,8.0,3.0,4.0,5.0,4.0,3.0,4.0,5.0,5.0,4.0,5.0,5.0,5.0,4.0,3.0,4.0,5.0,4.0,4.0,5.0,4.0,4.0
E0618,M,US,3-5y,mid,hybrid,2,3.0,5.0,5.0,8.0,3.0,5.0,4.0,4.0,3.0,5.0,4.0,5.0,3.0,4.0,3.0,5.0,2.0,3.0,3.0,5.0,4.0,4.0,5.0,5.0,5.0,3.0,5.0,7.0,4.0,3.0,4.0,1.0,2.0,3.0,5.0,5.0,3.0,5.0,5.0,4.0,4.0,3.0,3.0,4.0,4.0,4.0,3.0,4.0,4.0
E0619,Other (24),UK,<1y,mid,hybrid,2,3.0,5.0,2.0,9.0,4.0,5.0,4.0,3.0,3.0,4.0,3.0,3.0,2.0,3.0,2.0,4.0,3.0,5.0,4.0,4.0,4.0,3.0,4.0,3.0,4.0,3.0,3.0,5.0,3.0,3.0,5.0,5.0,3.0,2.0,3.0,4.0,5.0,4.0,3.0,3.0,4.0,4.0,3.0,4.0,4.0,3.0,3.0,3.0,3.0
E0620,E,Europe,1-3y,junior,hybrid,2,3.0,5.0,4.0,10.0,5.0,4.0,4.0,5.0,2.0,5.0,4.0,5.0,2.0,2.0,4.0,3.0,2.0,3.0,5.0,5.0,3.0,4.0,3.0,4.0,3.0,4.0,4.0,10.0,3.0,4.0,5.0,4.0,2.0,4.0,4.0,5.0,5.0,4.0,4.0,3.0,4.0,4.0,3.0,5.0,4.0,3.0,3.0,5.0,3.0
E0621,N,Israel,1-3y,senior,hybrid,2,4.0,4.0,4.0,7.0,5.0,5.0,5.0,5.0,5.0,3.0,4.0,4.0,4.0,5.0,4.0,3.0,5.0,4.0,4.0,4.0,5.0,5.0,3.0,4.0,3.0,3.0,4.0,9.0,4.0,4.0,5.0,4.0,4.0,5.0,3.0,3.0,3.0,4.0,4.0,2.0,4.0,4.0,4.0,4.0,5.0,3.0,4.0,3.0,3.0
E0622,P,US,3-5y,mid,remote,2,4.0,5.0,4.0,5.0,4.0,4.0,3.0,3.0,4.0,5.0,5.0,5.0,5.0,5.0,4.0,5.0,3.0,4.0,4.0,4.0,5.0,4.0,4.0,5.0,5.0,3.0,5.0,10.0,5.0,3.0,5.0,3.0,3.0,2.0,3.0,4.0,4.0,4.0,3.0,4.0,3.0,3.0,4.0,3.0,4.0,4.0,4.0,3.0,4.0
E0623,Other (24),UK,<1y,mid,onsite,2,4.0,4.0,4.0,7.0,4.0,5.0,5.0,3.0,3.0,4.0,3.0,3.0,3.0,2.0,3.0,3.0,2.0,4.0,3.0,3.0,5.0,2.0,3.0,4.0,4.0,1.0,3.0,6.0,4.0,2.0,3.0,2.0,3.0,2.0,3.0,4.0,3.0,2.0,4.0,3.0,3.0,4.0,4.0,3.0,4.0,5.0,4.0,4.0,3.0
E0624,H,India,1-3y,junior,hybrid,2,5.0,5.0,5.0,10.0,5.0,4.0,3.0,5.0,5.0,5.0,5.0,5.0,4.0,5.0,4.0,5.0,5.0,4.0,5.0,5.0,5.0,5.0,5.0,5.0,5.0,5.0,5.0,9.0,4.0,5.0,5.0,4.0,5.0,5.0,4.0,5.0,4.0,4.0,5.0,4.0,4.0,4.0,5.0,4.0,4.0,3.0,3.0,5.0,5.0
E0625,K,US,<1y,junior,remote,2,2.0,3.0,4.0,6.0,3.0,3.0,3.0,1.0,3.0,4.0,2.0,3.0,2.0,4.0,4.0,3.0,2.0,2.0,3.0,3.0,3.0,2.0,3.0,2.0,3.0,3.0,4.0,3.0,3.0,1.0,3.0,1.0,1.0,2.0,2.0,3.0,3.0,3.0,2.0,3.0,3.0,4.0,4.0,3.0,2.0,4.0,2.0,3.0,3.0
E0626,H,Israel,<1y,mid,remote,2,5.0,5.0,5.0,10.0,3.0,5.0,5.0,5.0,5.0,4.0,3.0,4.0,3.0,3.0,2.0,5.0,3.0,4.0,4.0,3.0,3.0,5.0,5.0,5.0,4.0,4.0,5.0,8.0,4.0,4.0,5.0,5.0,4.0,5.0,4.0,3.0,5.0,4.0,5.0,4.0,4.0,5.0,5.0,4.0,4.0,3.0,5.0,4.0,4.0
E0627,R,Israel,3-5y,junior,hybrid,2,4.0,5.0,5.0,9.0,3.0,5.0,3.0,5.0,3.0,4.0,4.0,5.0,4.0,3.0,3.0,5.0,3.0,3.0,4.0,4.0,3.0,3.0,3.0,4.0,5.0,3.0,4.0,7.0,4.0,3.0,5.0,3.0,3.0,4.0,4.0,5.0,4.0,5.0,4.0,4.0,5.0,4.0,5.0,5.0,4.0,5.0,5.0,3.0,2.0
E0628,Other (24),US,1-3y,junior,hybrid,2,5.0,4.0,5.0,7.0,3.0,4.0,4.0,4.0,3.0,2.0,2.0,3.0,4.0,2.0,3.0,3.0,2.0,4.0,2.0,3.0,3.0,2.0,2.0,3.0,4.0,1.0,3.0,6.0,3.0,1.0,4.0,3.0,2.0,2.0,3.0,4.0,4.0,5.0,4.0,4.0,4.0,4.0,4.0,3.0,3.0,5.0,5.0,3.0,3.0
E0629,Other (24),UK,3-5y,mid,onsite,2,3.0,4.0,3.0,7.0,4.0,5.0,5.0,3.0,4.0,5.0,5.0,3.0,3.0,4.0,4.0,5.0,3.0,5.0,4.0,5.0,5.0,4.0,5.0,4.0,5.0,2.0,4.0,7.0,4.0,2.0,3.0,3.0,3.0,3.0,4.0,4.0,4.0,3.0,4.0,4.0,5.0,5.0,4.0,3.0,4.0,5.0,4.0,3.0,4.0
E0630,F,Israel,>5y,mid,hybrid,2,5.0,4.0,4.0,6.0,4.0,4.0,4.0,3.0,3.0,4.0,4.0,3.0,4.0,3.0,4.0,4.0,2.0,3.0,2.0,5.0,3.0,4.0,4.0,4.0,4.0,3.0,4.0,8.0,4.0,3.0,5.0,2.0,2.0,3.0,4.0,3.0,5.0,3.0,2.0,3.0,3.0,3.0,3.0,4.0,4.0,4.0,3.0,4.0,3.0
E0631,K,Israel,>5y,senior,onsite,2,3.0,3.0,3.0,9.0,5.0,5.0,3.0,5.0,3.0,2.0,2.0,2.0,3.0,2.0,3.0,1.0,4.0,3.0,4.0,2.0,3.0,2.0,3.0,3.0,2.0,3.0,2.0,4.0,3.0,4.0,5.0,3.0,3.0,2.0,4.0,3.0,2.0,3.0,4.0,4.0,3.0,3.0,4.0,5.0,4.0,4.0,5.0,5.0,5.0
E0632,B,Israel,<1y,senior,hybrid,2,5.0,4.0,3.0,6.0,4.0,4.0,4.0,4.0,4.0,4.0,4.0,4.0,3.0,3.0,4.0,3.0,4.0,4.0,3.0,5.0,4.0,4.0,4.0,5.0,5.0,2.0,4.0,6.0,5.0,3.0,5.0,3.0,3.0,4.0,4.0,5.0,3.0,5.0,3.0,4.0,4.0,4.0,4.0,4.0,4.0,5.0,4.0,3.0,3.0
E0633,O,US,1-3y,senior,hybrid,2,3.0,4.0,5.0,7.0,5.0,3.0,3.0,4.0,3.0,4.0,4.0,4.0,2.0,2.0,3.0,4.0,3.0,2.0,4.0,5.0,2.0,4.0,4.0,4.0,4.0,4.0,5.0,3.0,4.0,3.0,3.0,4.0,3.0,3.0,5.0,4.0,4.0,4.0,5.0,4.0,4.0,3.0,4.0,3.0,3.0,4.0,4.0,3.0,3.0
E0634,O,Israel,1-3y,mid,hybrid,2,3.0,4.0,5.0,7.0,4.0,4.0,3.0,3.0,5.0,3.0,2.0,3.0,4.0,3.0,4.0,2.0,3.0,3.0,4.0,3.0,4.0,4.0,3.0,2.0,4.0,3.0,3.0,7.0,3.0,2.0,5.0,3.0,3.0,4.0,5.0,5.0,4.0,3.0,3.0,4.0,4.0,4.0,4.0,3.0,5.0,3.0,4.0,3.0,4.0
E0635,R,US,1-3y,junior,hybrid,2,4.0,3.0,3.0,6.0,2.0,5.0,3.0,4.0,5.0,3.0,4.0,5.0,4.0,2.0,3.0,3.0,3.0,3.0,3.0,3.0,2.0,4.0,3.0,4.0,4.0,3.0,3.0,7.0,4.0,3.0,3.0,3.0,2.0,2.0,5.0,4.0,3.0,4.0,5.0,3.0,4.0,3.0,4.0,5.0,5.0,3.0,4.0,4.0,3.0
E0636,J,US,<1y,junior,hybrid,2,3.0,3.0,2.0,1.0,2.0,3.0,2.0,2.0,3.0,1.0,1.0,3.0,2.0,2.0,3.0,3.0,2.0,2.0,2.0,3.0,3.0,2.0,2.0,3.0,2.0,1.0,3.0,7.0,2.0,3.0,3.0,2.0,1.0,2.0,4.0,4.0,3.0,4.0,4.0,3.0,3.0,4.0,4.0,4.0,3.0,3.0,3.0,3.0,3.0
E0637,B,Israel,>5y,mid,hybrid,2,4.0,5.0,4.0,8.0,4.0,3.0,4.0,4.0,5.0,3.0,3.0,5.0,4.0,4.0,4.0,4.0,3.0,3.0,3.0,5.0,3.0,3.0,3.0,4.0,5.0,3.0,4.0,10.0,4.0,1.0,4.0,2.0,2.0,2.0,4.0,4.0,3.0,2.0,4.0,4.0,1.0,2.0,3.0,4.0,4.0,4.0,3.0,3.0,3.0
E0638,R,Israel,<1y,senior,hybrid,2,3.0,3.0,4.0,5.0,2.0,3.0,4.0,2.0,4.0,3.0,3.0,3.0,3.0,3.0,4.0,4.0,2.0,3.0,3.0,3.0,1.0,3.0,3.0,3.0,4.0,2.0,2.0,8.0,1.0,3.0,3.0,2.0,4.0,2.0,4.0,2.0,3.0,4.0,4.0,3.0,4.0,3.0,4.0,3.0,4.0,4.0,3.0,3.0,3.0
E0639,Other (24),Europe,1-3y,senior,remote,2,4.0,5.0,4.0,9.0,4.0,5.0,4.0,4.0,2.0,4.0,3.0,2.0,4.0,2.0,4.0,4.0,3.0,4.0,5.0,4.0,3.0,4.0,3.0,3.0,5.0,2.0,4.0,5.0,2.0,3.0,5.0,3.0,3.0,2.0,2.0,3.0,3.0,4.0,4.0,4.0,3.0,3.0,3.0,3.0,4.0,3.0,3.0,4.0,4.0
E0640,O,US,>5y,junior,remote,2,4.0,4.0,5.0,5.0,4.0,5.0,3.0,4.0,4.0,4.0,4.0,4.0,4.0,3.0,4.0,4.0,2.0,4.0,4.0,3.0,5.0,4.0,4.0,4.0,5.0,3.0,4.0,6.0,3.0,3.0,3.0,3.0,3.0,4.0,3.0,3.0,3.0,4.0,3.0,4.0,3.0,4.0,4.0,4.0,3.0,2.0,3.0,4.0,3.0
E0641,N,Europe,1-3y,mid,hybrid,2,2.0,3.0,4.0,6.0,3.0,2.0,2.0,3.0,3.0,4.0,4.0,3.0,3.0,4.0,3.0,4.0,5.0,2.0,3.0,5.0,3.0,5.0,4.0,4.0,4.0,3.0,4.0,5.0,3.0,5.0,3.0,3.0,3.0,4.0,2.0,2.0,4.0,5.0,5.0,3.0,5.0,4.0,5.0,4.0,3.0,4.0,4.0,3.0,3.0
E0642,Other (24),India,3-5y,junior,hybrid,2,4.0,4.0,3.0,6.0,4.0,4.0,3.0,3.0,4.0,2.0,3.0,3.0,3.0,2.0,3.0,2.0,2.0,4.0,4.0,2.0,5.0,3.0,2.0,3.0,3.0,2.0,2.0,9.0,3.0,3.0,4.0,3.0,4.0,2.0,5.0,5.0,5.0,5.0,4.0,4.0,4.0,5.0,4.0,4.0,5.0,5.0,5.0,3.0,4.0
E0643,E,UK,>5y,mid,hybrid,2,4.0,5.0,4.0,8.0,5.0,4.0,4.0,5.0,2.0,4.0,4.0,4.0,3.0,3.0,4.0,2.0,5.0,4.0,3.0,4.0,4.0,4.0,4.0,3.0,3.0,5.0,4.0,6.0,3.0,5.0,5.0,4.0,4.0,5.0,5.0,3.0,3.0,4.0,5.0,4.0,3.0,5.0,3.0,5.0,5.0,4.0,4.0,4.0,4.0
E0644,D,US,3-5y,lead,hybrid,2,4.0,3.0,4.0,8.0,5.0,4.0,4.0,4.0,4.0,4.0,4.0,5.0,3.0,4.0,5.0,4.0,2.0,3.0,3.0,4.0,2.0,5.0,4.0,4.0,4.0,5.0,5.0,9.0,3.0,4.0,4.0,2.0,3.0,5.0,4.0,5.0,3.0,3.0,2.0,2.0,4.0,4.0,3.0,5.0,5.0,3.0,4.0,3.0,5.0
E0645,G,Europe,<1y,junior,hybrid,2,4.0,4.0,3.0,7.0,3.0,4.0,3.0,3.0,2.0,4.0,3.0,2.0,2.0,4.0,4.0,4.0,1.0,4.0,2.0,4.0,4.0,3.0,3.0,2.0,4.0,2.0,4.0,8.0,3.0,3.0,4.0,2.0,3.0,2.0,4.0,4.0,3.0,3.0,4.0,3.0,2.0,3.0,3.0,3.0,3.0,3.0,3.0,5.0,3.0
E0646,F,Europe,<1y,senior,hybrid,2,3.0,2.0,3.0,3.0,2.0,2.0,3.0,3.0,3.0,3.0,2.0,3.0,3.0,3.0,3.0,2.0,4.0,1.0,1.0,4.0,3.0,3.0,3.0,3.0,3.0,2.0,2.0,8.0,3.0,3.0,2.0,3.0,5.0,4.0,4.0,1.0,3.0,4.0,4.0,3.0,4.0,4.0,3.0,3.0,4.0,4.0,4.0,4.0,4.0
E0647,Q,Israel,1-3y,mid,remote,2,4.0,3.0,3.0,6.0,5.0,4.0,4.0,5.0,3.0,3.0,2.0,4.0,2.0,3.0,5.0,4.0,2.0,4.0,3.0,4.0,3.0,3.0,3.0,3.0,3.0,3.0,4.0,7.0,2.0,2.0,4.0,2.0,2.0,3.0,3.0,2.0,4.0,2.0,3.0,2.0,4.0,3.0,2.0,4.0,3.0,4.0,4.0,3.0,5.0
E0648,Other (24),US,<1y,junior,remote,2,2.0,4.0,5.0,7.0,4.0,3.0,3.0,4.0,3.0,5.0,3.0,5.0,3.0,4.0,3.0,4.0,2.0,4.0,3.0,4.0,4.0,4.0,4.0,4.0,4.0,2.0,4.0,5.0,5.0,2.0,4.0,3.0,4.0,2.0,5.0,4.0,5.0,4.0,4.0,4.0,5.0,5.0,4.0,3.0,4.0,4.0,5.0,4.0,4.0
E0649,A,India,1-3y,mid,onsite,2,4.0,4.0,4.0,7.0,5.0,2.0,4.0,4.0,4.0,4.0,3.0,4.0,4.0,5.0,3.0,4.0,1.0,4.0,4.0,5.0,3.0,4.0,4.0,3.0,4.0,2.0,4.0,8.0,2.0,2.0,4.0,3.0,3.0,2.0,4.0,4.0,4.0,5.0,5.0,3.0,3.0,4.0,3.0,2.0,2.0,5.0,4.0,4.0,3.0
E0650,F,US,<1y,lead,remote,2,2.0,4.0,3.0,8.0,3.0,4.0,4.0,4.0,2.0,4.0,2.0,4.0,2.0,4.0,3.0,4.0,4.0,3.0,4.0,3.0,3.0,3.0,4.0,4.0,4.0,3.0,4.0,7.0,3.0,4.0,5.0,3.0,3.0,4.0,5.0,5.0,5.0,4.0,4.0,4.0,4.0,4.0,3.0,5.0,4.0,4.0,3.0,4.0,4.0
E0651,A,US,<1y,mid,onsite,2,2.0,5.0,3.0,9.0,4.0,3.0,3.0,4.0,3.0,3.0,2.0,2.0,3.0,3.0,3.0,4.0,2.0,3.0,4.0,4.0,5.0,3.0,3.0,4.0,3.0,1.0,5.0,6.0,4.0,1.0,5.0,4.0,3.0,2.0,5.0,4.0,4.0,5.0,5.0,3.0,3.0,3.0,3.0,3.0,2.0,3.0,4.0,3.0,5.0
E0652,L,UK,1-3y,mid,onsite,2,4.0,4.0,5.0,5.0,4.0,4.0,5.0,4.0,3.0,3.0,3.0,4.0,4.0,4.0,3.0,3.0,2.0,4.0,4.0,5.0,4.0,4.0,4.0,4.0,4.0,4.0,4.0,8.0,4.0,3.0,4.0,3.0,4.0,3.0,4.0,5.0,3.0,3.0,3.0,3.0,4.0,3.0,3.0,4.0,4.0,4.0,5.0,5.0,4.0
E0653,R,India,>5y,lead,hybrid,2,3.0,5.0,3.0,7.0,5.0,4.0,3.0,5.0,2.0,4.0,3.0,4.0,2.0,4.0,4.0,3.0,1.0,3.0,3.0,5.0,3.0,4.0,4.0,2.0,4.0,3.0,4.0,5.0,3.0,2.0,5.0,1.0,3.0,1.0,4.0,3.0,4.0,3.0,3.0,4.0,4.0,3.0,4.0,3.0,3.0,4.0,4.0,4.0,3.0
E0654,B,Israel,1-3y,mid,hybrid,2,3.0,4.0,4.0,8.0,5.0,4.0,3.0,5.0,5.0,4.0,5.0,4.0,4.0,4.0,4.0,4.0,3.0,3.0,3.0,5.0,4.0,4.0,5.0,4.0,5.0,3.0,4.0,9.0,4.0,1.0,5.0,3.0,3.0,2.0,3.0,4.0,4.0,4.0,5.0,3.0,3.0,4.0,4.0,4.0,3.0,4.0,4.0,4.0,4.0
E0655,Other (24),UK,3-5y,junior,hybrid,2,4.0,3.0,4.0,8.0,4.0,4.0,4.0,3.0,3.0,4.0,2.0,3.0,4.0,2.0,2.0,4.0,4.0,4.0,3.0,4.0,5.0,3.0,3.0,3.0,3.0,2.0,4.0,9.0,3.0,3.0,4.0,4.0,5.0,3.0,5.0,5.0,5.0,5.0,5.0,4.0,4.0,5.0,5.0,4.0,5.0,5.0,5.0,4.0,5.0
E0656,Other (24),UK,1-3y,junior,remote,2,2.0,2.0,2.0,6.0,3.0,2.0,2.0,3.0,3.0,2.0,2.0,3.0,3.0,2.0,2.0,3.0,3.0,3.0,3.0,4.0,2.0,3.0,2.0,3.0,3.0,3.0,3.0,8.0,4.0,3.0,2.0,4.0,3.0,3.0,4.0,3.0,4.0,3.0,3.0,3.0,4.0,4.0,4.0,3.0,5.0,4.0,4.0,3.0,3.0
E0657,I,UK,>5y,junior,hybrid,2,4.0,4.0,5.0,10.0,4.0,4.0,4.0,5.0,4.0,5.0,4.0,4.0,4.0,3.0,2.0,3.0,3.0,3.0,4.0,4.0,4.0,4.0,4.0,5.0,4.0,4.0,4.0,9.0,2.0,2.0,4.0,3.0,2.0,3.0,4.0,4.0,3.0,3.0,3.0,4.0,3.0,3.0,3.0,4.0,4.0,3.0,3.0,4.0,2.0
E0658,R,Europe,>5y,lead,hybrid,2,4.0,5.0,3.0,8.0,5.0,5.0,5.0,5.0,4.0,4.0,3.0,3.0,3.0,3.0,3.0,4.0,3.0,4.0,5.0,3.0,4.0,4.0,4.0,2.0,3.0,3.0,3.0,8.0,4.0,3.0,5.0,3.0,4.0,5.0,5.0,4.0,5.0,4.0,4.0,4.0,4.0,5.0,5.0,4.0,4.0,4.0,4.0,4.0,4.0
E0659,N,UK,>5y,mid,remote,2,4.0,4.0,3.0,6.0,5.0,4.0,4.0,4.0,4.0,3.0,4.0,3.0,5.0,3.0,4.0,2.0,3.0,5.0,4.0,4.0,4.0,5.0,3.0,4.0,3.0,2.0,4.0,7.0,3.0,3.0,5.0,3.0,3.0,4.0,4.0,4.0,5.0,5.0,4.0,3.0,4.0,5.0,4.0,3.0,3.0,4.0,5.0,3.0,3.0
E0660,C,UK,1-3y,mid,remote,2,4.0,2.0,5.0,5.0,3.0,3.0,4.0,2.0,5.0,5.0,4.0,5.0,5.0,5.0,3.0,5.0,3.0,3.0,2.0,4.0,4.0,4.0,4.0,4.0,5.0,3.0,4.0,9.0,2.0,3.0,4.0,3.0,3.0,3.0,3.0,3.0,5.0,5.0,4.0,4.0,3.0,3.0,2.0,5.0,3.0,5.0,4.0,4.0,3.0
E0661,J,UK,>5y,junior,hybrid,2,4.0,4.0,3.0,7.0,4.0,3.0,3.0,5.0,1.0,3.0,4.0,3.0,2.0,3.0,3.0,3.0,3.0,3.0,3.0,2.0,4.0,2.0,4.0,3.0,3.0,4.0,4.0,6.0,2.0,4.0,4.0,3.0,3.0,3.0,4.0,5.0,5.0,3.0,5.0,4.0,5.0,3.0,4.0,3.0,4.0,3.0,4.0,5.0,4.0
E0662,Other (24),UK,3-5y,mid,hybrid,2,4.0,3.0,2.0,7.0,3.0,4.0,4.0,2.0,2.0,2.0,2.0,4.0,1.0,1.0,4.0,4.0,2.0,4.0,3.0,4.0,2.0,4.0,3.0,3.0,2.0,1.0,3.0,5.0,2.0,2.0,2.0,3.0,4.0,1.0,5.0,3.0,5.0,3.0,2.0,3.0,3.0,4.0,4.0,3.0,3.0,3.0,4.0,3.0,2.0
E0663,E,UK,<1y,lead,remote,2,2.0,4.0,4.0,7.0,5.0,3.0,2.0,4.0,3.0,4.0,3.0,3.0,2.0,3.0,3.0,4.0,2.0,4.0,3.0,5.0,4.0,3.0,3.0,4.0,4.0,3.0,3.0,7.0,4.0,3.0,4.0,2.0,2.0,3.0,3.0,4.0,4.0,4.0,2.0,4.0,2.0,3.0,4.0,3.0,3.0,4.0,5.0,3.0,3.0
E0664,Other (24),US,1-3y,mid,hybrid,2,5.0,3.0,4.0,4.0,3.0,5.0,3.0,3.0,2.0,3.0,2.0,4.0,3.0,2.0,2.0,2.0,2.0,4.0,2.0,4.0,3.0,4.0,2.0,2.0,3.0,2.0,3.0,8.0,3.0,2.0,3.0,3.0,3.0,1.0,3.0,2.0,4.0,3.0,4.0,3.0,4.0,5.0,4.0,4.0,4.0,4.0,4.0,4.0,3.0
E0665,D,Israel,3-5y,senior,hybrid,2,2.0,3.0,4.0,3.0,4.0,3.0,3.0,3.0,5.0,4.0,4.0,4.0,4.0,4.0,4.0,3.0,3.0,1.0,3.0,4.0,2.0,5.0,3.0,4.0,4.0,4.0,4.0,8.0,3.0,5.0,3.0,3.0,3.0,4.0,2.0,3.0,3.0,2.0,2.0,4.0,4.0,5.0,3.0,3.0,4.0,3.0,4.0,2.0,2.0
E0666,C,US,1-3y,junior,remote,2,4.0,3.0,5.0,7.0,4.0,5.0,3.0,3.0,3.0,4.0,4.0,3.0,3.0,4.0,3.0,3.0,5.0,4.0,3.0,5.0,3.0,4.0,4.0,3.0,4.0,5.0,3.0,8.0,3.0,5.0,5.0,5.0,4.0,4.0,4.0,5.0,4.0,4.0,4.0,5.0,5.0,3.0,3.0,5.0,5.0,4.0,4.0,4.0,2.0
E0667,N,US,1-3y,senior,onsite,2,4.0,5.0,5.0,8.0,4.0,4.0,4.0,5.0,3.0,4.0,5.0,5.0,5.0,4.0,4.0,4.0,4.0,4.0,5.0,5.0,4.0,5.0,4.0,4.0,3.0,5.0,5.0,5.0,5.0,3.0,4.0,4.0,4.0,5.0,4.0,4.0,5.0,4.0,4.0,4.0,3.0,2.0,4.0,3.0,4.0,4.0,3.0,3.0,4.0
E0668,Other (24),Europe,3-5y,senior,hybrid,2,3.0,3.0,4.0,6.0,4.0,5.0,3.0,2.0,2.0,4.0,4.0,5.0,3.0,4.0,3.0,5.0,2.0,5.0,4.0,5.0,4.0,4.0,3.0,4.0,4.0,2.0,4.0,9.0,4.0,1.0,4.0,1.0,3.0,2.0,4.0,5.0,4.0,3.0,3.0,4.0,4.0,3.0,4.0,3.0,3.0,4.0,3.0,2.0,3.0
E0669,P,UK,3-5y,mid,hybrid,2,3.0,4.0,2.0,7.0,4.0,3.0,3.0,4.0,2.0,5.0,5.0,5.0,3.0,4.0,4.0,4.0,4.0,4.0,4.0,3.0,4.0,4.0,3.0,4.0,4.0,4.0,4.0,7.0,4.0,3.0,4.0,3.0,2.0,4.0,4.0,3.0,4.0,4.0,2.0,3.0,4.0,3.0,3.0,3.0,3.0,2.0,2.0,3.0,3.0
E0670,Other (24),Europe,3-5y,junior,remote,2,5.0,4.0,4.0,8.0,4.0,5.0,3.0,3.0,3.0,2.0,2.0,4.0,2.0,2.0,4.0,4.0,3.0,4.0,4.0,5.0,3.0,4.0,3.0,3.0,3.0,2.0,3.0,7.0,3.0,2.0,4.0,2.0,4.0,2.0,5.0,5.0,5.0,4.0,3.0,3.0,4.0,4.0,4.0,5.0,3.0,3.0,4.0,5.0,4.0
E0671,L,UK,1-3y,mid,remote,2,4.0,3.0,4.0,6.0,2.0,5.0,4.0,3.0,5.0,2.0,3.0,4.0,3.0,3.0,5.0,3.0,2.0,4.0,3.0,4.0,3.0,3.0,4.0,4.0,3.0,3.0,3.0,8.0,3.0,2.0,4.0,3.0,3.0,1.0,4.0,4.0,4.0,4.0,3.0,4.0,3.0,4.0,4.0,4.0,4.0,3.0,4.0,4.0,4.0
E0672,C,UK,3-5y,junior,hybrid,2,4.0,4.0,5.0,9.0,5.0,2.0,2.0,3.0,3.0,4.0,3.0,4.0,4.0,3.0,4.0,5.0,3.0,4.0,4.0,5.0,3.0,2.0,3.0,3.0,4.0,4.0,4.0,8.0,4.0,3.0,5.0,3.0,3.0,3.0,4.0,3.0,4.0,4.0,5.0,4.0,5.0,4.0,5.0,4.0,4.0,4.0,4.0,4.0,3.0
E0673,B,India,1-3y,mid,remote,2,4.0,2.0,5.0,7.0,3.0,3.0,4.0,3.0,3.0,5.0,4.0,5.0,5.0,5.0,3.0,4.0,3.0,4.0,3.0,5.0,2.0,4.0,4.0,4.0,5.0,3.0,5.0,8.0,5.0,2.0,3.0,2.0,3.0,4.0,5.0,4.0,4.0,4.0,4.0,5.0,4.0,5.0,5.0,4.0,4.0,5.0,5.0,5.0,3.0
E0674,N,UK,<1y,mid,hybrid,2,4.0,2.0,4.0,5.0,5.0,4.0,3.0,3.0,4.0,3.0,5.0,4.0,3.0,4.0,4.0,5.0,4.0,2.0,3.0,4.0,3.0,5.0,3.0,5.0,5.0,3.0,3.0,6.0,3.0,5.0,4.0,3.0,3.0,4.0,2.0,2.0,3.0,3.0,2.0,3.0,3.0,3.0,3.0,5.0,4.0,4.0,4.0,4.0,4.0
E0675,P,US,<1y,mid,onsite,2,3.0,5.0,5.0,8.0,5.0,4.0,4.0,5.0,3.0,5.0,4.0,5.0,4.0,5.0,3.0,5.0,3.0,3.0,4.0,5.0,5.0,4.0,5.0,4.0,5.0,3.0,5.0,7.0,4.0,2.0,5.0,4.0,2.0,2.0,5.0,4.0,4.0,4.0,4.0,4.0,4.0,5.0,4.0,3.0,5.0,4.0,4.0,4.0,3.0
E0676,H,Europe,3-5y,mid,onsite,2,5.0,4.0,5.0,10.0,5.0,5.0,5.0,4.0,5.0,5.0,5.0,5.0,4.0,5.0,4.0,5.0,3.0,5.0,3.0,5.0,5.0,5.0,5.0,5.0,5.0,4.0,5.0,7.0,5.0,5.0,5.0,4.0,3.0,5.0,4.0,4.0,5.0,4.0,4.0,4.0,3.0,4.0,4.0,4.0,3.0,5.0,4.0,4.0,4.0
E0677,Other (24),US,1-3y,mid,hybrid,2,3.0,4.0,4.0,8.0,4.0,5.0,4.0,4.0,2.0,3.0,3.0,3.0,3.0,3.0,2.0,3.0,4.0,5.0,4.0,3.0,2.0,4.0,3.0,3.0,3.0,2.0,4.0,8.0,3.0,2.0,3.0,4.0,4.0,3.0,4.0,4.0,4.0,4.0,4.0,3.0,3.0,4.0,4.0,4.0,5.0,4.0,5.0,4.0,4.0
E0678,I,Europe,1-3y,junior,hybrid,2,3.0,2.0,5.0,4.0,4.0,3.0,3.0,4.0,4.0,4.0,3.0,4.0,2.0,4.0,2.0,4.0,5.0,3.0,5.0,5.0,3.0,5.0,4.0,4.0,4.0,3.0,4.0,7.0,3.0,4.0,4.0,3.0,4.0,4.0,2.0,3.0,3.0,2.0,4.0,2.0,5.0,4.0,4.0,4.0,4.0,3.0,4.0,4.0,3.0
E0679,M,US,1-3y,lead,hybrid,2,4.0,3.0,5.0,6.0,2.0,5.0,4.0,4.0,2.0,4.0,4.0,5.0,3.0,4.0,5.0,5.0,4.0,3.0,3.0,5.0,5.0,4.0,3.0,4.0,4.0,4.0,4.0,8.0,4.0,3.0,2.0,2.0,3.0,2.0,5.0,4.0,4.0,4.0,3.0,4.0,5.0,4.0,4.0,4.0,4.0,4.0,3.0,2.0,2.0
E0680,P,India,>5y,mid,hybrid,2,4.0,5.0,4.0,10.0,5.0,4.0,3.0,5.0,3.0,5.0,5.0,4.0,4.0,4.0,5.0,5.0,2.0,3.0,5.0,3.0,5.0,4.0,4.0,4.0,4.0,4.0,4.0,8.0,5.0,2.0,5.0,1.0,1.0,3.0,5.0,5.0,4.0,4.0,4.0,4.0,2.0,3.0,3.0,2.0,3.0,4.0,4.0,3.0,4.0
E0681,Q,Israel,<1y,senior,hybrid,2,5.0,5.0,5.0,6.0,4.0,5.0,5.0,4.0,4.0,5.0,5.0,5.0,4.0,5.0,5.0,5.0,3.0,4.0,2.0,5.0,3.0,5.0,4.0,5.0,5.0,3.0,4.0,10.0,5.0,3.0,5.0,3.0,3.0,3.0,5.0,5.0,5.0,4.0,4.0,4.0,5.0,4.0,4.0,4.0,3.0,5.0,5.0,4.0,3.0
E0682,C,Europe,1-3y,senior,hybrid,2,4.0,4.0,4.0,8.0,3.0,4.0,3.0,3.0,4.0,3.0,4.0,2.0,4.0,2.0,4.0,4.0,3.0,3.0,3.0,4.0,3.0,3.0,3.0,5.0,4.0,4.0,4.0,8.0,3.0,4.0,4.0,3.0,3.0,2.0,3.0,3.0,3.0,4.0,4.0,4.0,4.0,4.0,3.0,5.0,4.0,4.0,3.0,3.0,3.0
E0683,Other (24),UK,<1y,senior,remote,2,5.0,4.0,4.0,8.0,4.0,5.0,5.0,4.0,5.0,4.0,3.0,4.0,4.0,3.0,4.0,4.0,2.0,4.0,4.0,4.0,3.0,4.0,5.0,4.0,4.0,3.0,5.0,7.0,4.0,3.0,4.0,4.0,4.0,3.0,5.0,4.0,5.0,4.0,5.0,5.0,3.0,4.0,3.0,5.0,4.0,5.0,4.0,2.0,3.0
E0684,L,Europe,1-3y,mid,hybrid,2,5.0,4.0,5.0,6.0,4.0,5.0,4.0,3.0,5.0,5.0,4.0,4.0,4.0,5.0,5.0,5.0,3.0,5.0,3.0,5.0,4.0,5.0,5.0,5.0,5.0,3.0,5.0,10.0,4.0,3.0,4.0,4.0,4.0,3.0,5.0,5.0,5.0,5.0,5.0,5.0,5.0,5.0,5.0,5.0,5.0,5.0,4.0,5.0,5.0
E0685,F,Europe,<1y,junior,remote,2,3.0,3.0,1.0,4.0,4.0,5.0,4.0,3.0,3.0,2.0,2.0,2.0,2.0,2.0,4.0,2.0,4.0,3.0,2.0,2.0,4.0,3.0,3.0,3.0,2.0,2.0,2.0,9.0,1.0,4.0,3.0,4.0,3.0,3.0,4.0,4.0,4.0,3.0,3.0,3.0,5.0,4.0,3.0,5.0,4.0,4.0,3.0,4.0,4.0
E0686,M,Israel,>5y,junior,hybrid,2,3.0,3.0,5.0,9.0,5.0,4.0,3.0,5.0,3.0,4.0,3.0,3.0,4.0,3.0,4.0,4.0,4.0,3.0,4.0,5.0,4.0,2.0,5.0,4.0,4.0,3.0,4.0,7.0,3.0,4.0,3.0,3.0,2.0,3.0,4.0,4.0,4.0,5.0,4.0,4.0,3.0,4.0,4.0,5.0,5.0,5.0,3.0,4.0,4.0
E0687,K,Israel,>5y,junior,hybrid,2,2.0,1.0,5.0,4.0,2.0,3.0,3.0,2.0,4.0,5.0,5.0,5.0,3.0,4.0,3.0,5.0,4.0,3.0,2.0,4.0,3.0,4.0,5.0,4.0,5.0,2.0,5.0,7.0,5.0,2.0,3.0,2.0,3.0,3.0,5.0,4.0,4.0,3.0,4.0,3.0,5.0,5.0,5.0,4.0,4.0,4.0,4.0,4.0,5.0
E0688,M,US,>5y,mid,onsite,2,4.0,3.0,4.0,7.0,3.0,4.0,3.0,4.0,3.0,3.0,3.0,5.0,3.0,3.0,3.0,3.0,1.0,4.0,3.0,4.0,4.0,2.0,3.0,4.0,5.0,4.0,3.0,10.0,3.0,4.0,2.0,2.0,3.0,4.0,3.0,3.0,4.0,3.0,4.0,3.0,5.0,3.0,5.0,4.0,4.0,4.0,4.0,3.0,4.0
E0689,N,UK,>5y,mid,remote,2,2.0,5.0,3.0,10.0,5.0,4.0,4.0,5.0,4.0,3.0,4.0,3.0,2.0,5.0,5.0,2.0,4.0,4.0,3.0,4.0,4.0,5.0,3.0,4.0,3.0,4.0,4.0,3.0,3.0,4.0,5.0,3.0,5.0,5.0,5.0,5.0,5.0,3.0,4.0,4.0,5.0,2.0,4.0,4.0,4.0,5.0,5.0,3.0,2.0
E0690,D,US,<1y,mid,hybrid,2,3.0,3.0,5.0,7.0,3.0,4.0,3.0,4.0,3.0,5.0,4.0,5.0,3.0,4.0,5.0,5.0,1.0,3.0,5.0,5.0,3.0,5.0,4.0,5.0,5.0,4.0,5.0,6.0,5.0,2.0,4.0,1.0,2.0,3.0,5.0,5.0,5.0,4.0,4.0,5.0,4.0,3.0,4.0,2.0,3.0,3.0,3.0,3.0,2.0
E0691,C,US,<1y,junior,remote,2,5.0,3.0,3.0,9.0,5.0,4.0,3.0,4.0,4.0,4.0,3.0,3.0,4.0,4.0,4.0,3.0,2.0,2.0,3.0,4.0,4.0,3.0,4.0,4.0,4.0,5.0,3.0,10.0,3.0,3.0,5.0,2.0,3.0,2.0,4.0,5.0,4.0,5.0,3.0,4.0,3.0,4.0,2.0,4.0,5.0,4.0,4.0,4.0,4.0
E0692,Other (24),Israel,1-3y,mid,onsite,2,3.0,3.0,4.0,7.0,4.0,4.0,4.0,3.0,4.0,4.0,2.0,3.0,1.0,2.0,3.0,2.0,2.0,4.0,2.0,3.0,4.0,4.0,2.0,3.0,4.0,3.0,4.0,8.0,3.0,1.0,3.0,3.0,2.0,3.0,4.0,4.0,3.0,4.0,3.0,3.0,4.0,4.0,5.0,4.0,4.0,4.0,4.0,3.0,4.0
E0693,Q,UK,<1y,mid,hybrid,2,4.0,5.0,5.0,8.0,5.0,4.0,3.0,4.0,4.0,4.0,4.0,4.0,3.0,4.0,5.0,5.0,3.0,4.0,4.0,4.0,3.0,4.0,4.0,5.0,4.0,2.0,5.0,7.0,5.0,3.0,5.0,4.0,3.0,4.0,5.0,4.0,5.0,3.0,3.0,3.0,5.0,4.0,3.0,5.0,4.0,4.0,4.0,5.0,4.0
E0694,D,Israel,>5y,mid,hybrid,2,4.0,5.0,5.0,7.0,5.0,4.0,3.0,5.0,5.0,4.0,4.0,5.0,3.0,3.0,5.0,4.0,5.0,4.0,3.0,5.0,3.0,5.0,5.0,3.0,5.0,4.0,5.0,8.0,4.0,3.0,4.0,3.0,2.0,4.0,3.0,4.0,4.0,5.0,4.0,3.0,4.0,4.0,5.0,4.0,3.0,3.0,4.0,3.0,4.0
E0695,P,UK,<1y,junior,onsite,2,4.0,5.0,5.0,9.0,5.0,5.0,5.0,5.0,4.0,5.0,5.0,5.0,5.0,5.0,4.0,5.0,3.0,5.0,4.0,5.0,5.0,5.0,5.0,5.0,5.0,4.0,5.0,10.0,5.0,4.0,5.0,2.0,4.0,4.0,4.0,4.0,5.0,5.0,4.0,5.0,5.0,5.0,5.0,5.0,5.0,5.0,5.0,5.0,5.0
E0696,A,US,<1y,mid,remote,2,4.0,5.0,3.0,10.0,3.0,5.0,4.0,4.0,4.0,3.0,3.0,3.0,4.0,4.0,4.0,3.0,4.0,5.0,4.0,3.0,3.0,4.0,4.0,4.0,3.0,4.0,4.0,9.0,3.0,4.0,5.0,4.0,3.0,4.0,4.0,4.0,5.0,4.0,3.0,5.0,4.0,4.0,5.0,5.0,5.0,4.0,4.0,4.0,3.0
E0697,C,US,1-3y,mid,remote,2,4.0,3.0,4.0,7.0,4.0,4.0,3.0,2.0,4.0,4.0,3.0,4.0,4.0,3.0,5.0,3.0,2.0,4.0,3.0,4.0,4.0,3.0,4.0,4.0,3.0,2.0,3.0,8.0,4.0,2.0,4.0,1.0,3.0,2.0,5.0,5.0,5.0,3.0,5.0,4.0,4.0,3.0,4.0,4.0,3.0,4.0,3.0,2.0,3.0
E0698,D,UK,<1y,lead,onsite,2,5.0,3.0,3.0,6.0,2.0,4.0,4.0,4.0,4.0,2.0,2.0,4.0,4.0,3.0,5.0,3.0,4.0,3.0,3.0,4.0,3.0,4.0,2.0,3.0,4.0,5.0,3.0,8.0,3.0,5.0,3.0,3.0,4.0,4.0,5.0,3.0,2.0,4.0,3.0,3.0,3.0,3.0,4.0,5.0,4.0,4.0,5.0,4.0,3.0
E0699,N,US,3-5y,mid,hybrid,2,3.0,3.0,3.0,6.0,3.0,4.0,3.0,3.0,3.0,3.0,4.0,5.0,4.0,3.0,4.0,4.0,4.0,3.0,2.0,4.0,3.0,4.0,3.0,3.0,3.0,3.0,4.0,6.0,3.0,4.0,4.0,3.0,3.0,5.0,2.0,4.0,4.0,4.0,4.0,4.0,3.0,2.0,3.0,4.0,3.0,4.0,4.0,2.0,1.0
E0700,Other (24),Israel,1-3y,junior,hybrid,2,3.0,3.0,3.0,8.0,4.0,4.0,3.0,4.0,4.0,2.0,2.0,3.0,3.0,2.0,3.0,3.0,2.0,4.0,5.0,4.0,2.0,3.0,2.0,3.0,4.0,2.0,2.0,9.0,3.0,1.0,5.0,3.0,5.0,2.0,3.0,3.0,4.0,5.0,4.0,2.0,3.0,2.0,2.0,4.0,5.0,2.0,3.0,5.0,4.0
E0701,Other (24),Europe,3-5y,senior,hybrid,2,5.0,5.0,4.0,5.0,4.0,5.0,4.0,3.0,2.0,4.0,4.0,4.0,1.0,3.0,2.0,5.0,3.0,4.0,3.0,5.0,4.0,4.0,4.0,4.0,4.0,2.0,5.0,7.0,4.0,2.0,4.0,3.0,3.0,2.0,4.0,4.0,3.0,3.0,4.0,4.0,5.0,4.0,4.0,4.0,4.0,5.0,5.0,5.0,4.0
E0702,Q,US,1-3y,mid,remote,2,3.0,3.0,2.0,5.0,4.0,4.0,4.0,3.0,2.0,3.0,3.0,3.0,2.0,2.0,4.0,4.0,4.0,3.0,3.0,4.0,3.0,2.0,3.0,2.0,2.0,3.0,3.0,5.0,3.0,4.0,3.0,5.0,2.0,4.0,2.0,2.0,2.0,2.0,1.0,1.0,4.0,5.0,5.0,3.0,4.0,4.0,4.0,2.0,3.0
E0703,K,US,1-3y,lead,onsite,2,2.0,4.0,5.0,8.0,4.0,3.0,2.0,3.0,4.0,4.0,3.0,4.0,3.0,4.0,2.0,4.0,4.0,2.0,4.0,4.0,3.0,4.0,3.0,5.0,5.0,3.0,4.0,4.0,5.0,2.0,5.0,2.0,3.0,3.0,5.0,3.0,3.0,4.0,5.0,5.0,4.0,4.0,4.0,5.0,4.0,4.0,3.0,4.0,4.0
E0704,B,US,<1y,junior,onsite,2,5.0,4.0,4.0,7.0,3.0,5.0,5.0,4.0,4.0,3.0,3.0,4.0,2.0,2.0,4.0,4.0,3.0,5.0,4.0,5.0,5.0,4.0,3.0,4.0,5.0,4.0,4.0,8.0,4.0,2.0,4.0,2.0,3.0,2.0,3.0,3.0,3.0,2.0,3.0,3.0,3.0,4.0,4.0,3.0,4.0,4.0,4.0,3.0,5.0
E0705,Other (24),UK,1-3y,mid,onsite,2,5.0,5.0,4.0,7.0,4.0,5.0,4.0,3.0,2.0,4.0,3.0,5.0,4.0,3.0,5.0,3.0,3.0,5.0,5.0,4.0,4.0,4.0,4.0,4.0,4.0,3.0,4.0,9.0,3.0,3.0,4.0,3.0,4.0,3.0,4.0,5.0,4.0,4.0,4.0,5.0,4.0,5.0,4.0,4.0,4.0,4.0,5.0,5.0,4.0
E0706,R,UK,3-5y,senior,hybrid,2,5.0,5.0,4.0,9.0,5.0,5.0,4.0,5.0,5.0,5.0,5.0,4.0,4.0,4.0,5.0,5.0,4.0,5.0,4.0,3.0,3.0,5.0,3.0,3.0,5.0,5.0,5.0,7.0,4.0,4.0,5.0,4.0,5.0,5.0,5.0,5.0,5.0,4.0,4.0,4.0,5.0,5.0,4.0,5.0,5.0,5.0,5.0,4.0,4.0
E0707,Other (24),UK,<1y,lead,remote,2,4.0,4.0,5.0,9.0,4.0,4.0,4.0,4.0,3.0,3.0,3.0,5.0,3.0,3.0,2.0,5.0,4.0,5.0,4.0,5.0,3.0,4.0,4.0,4.0,4.0,3.0,4.0,7.0,5.0,3.0,4.0,3.0,4.0,3.0,4.0,4.0,2.0,4.0,3.0,3.0,2.0,3.0,2.0,4.0,4.0,5.0,4.0,5.0,4.0
E0708,Other (24),US,1-3y,junior,hybrid,2,3.0,3.0,5.0,7.0,4.0,5.0,3.0,4.0,3.0,3.0,4.0,5.0,3.0,3.0,4.0,5.0,4.0,5.0,4.0,5.0,5.0,3.0,3.0,5.0,3.0,4.0,3.0,8.0,4.0,2.0,5.0,3.0,3.0,3.0,3.0,4.0,3.0,5.0,4.0,4.0,3.0,4.0,4.0,3.0,4.0,4.0,4.0,3.0,3.0
E0709,Other (24),US,>5y,mid,remote,2,3.0,5.0,3.0,9.0,5.0,4.0,2.0,5.0,3.0,4.0,2.0,4.0,4.0,3.0,4.0,4.0,2.0,4.0,4.0,3.0,2.0,4.0,3.0,4.0,5.0,3.0,3.0,10.0,3.0,2.0,5.0,4.0,4.0,2.0,4.0,4.0,5.0,4.0,3.0,4.0,4.0,5.0,3.0,3.0,4.0,5.0,5.0,3.0,3.0
E0710,G,India,<1y,junior,hybrid,2,4.0,5.0,2.0,9.0,3.0,4.0,3.0,3.0,4.0,3.0,3.0,3.0,2.0,3.0,4.0,2.0,2.0,4.0,2.0,2.0,4.0,3.0,1.0,2.0,4.0,2.0,3.0,7.0,2.0,3.0,4.0,4.0,3.0,2.0,5.0,5.0,5.0,3.0,4.0,2.0,3.0,5.0,5.0,5.0,3.0,4.0,5.0,4.0,3.0
E0711,Other (24),US,<1y,mid,hybrid,2,2.0,2.0,4.0,6.0,4.0,3.0,2.0,2.0,4.0,4.0,3.0,5.0,2.0,2.0,2.0,3.0,2.0,4.0,3.0,4.0,2.0,3.0,2.0,3.0,4.0,3.0,4.0,7.0,5.0,3.0,3.0,2.0,3.0,2.0,3.0,3.0,4.0,4.0,4.0,3.0,4.0,3.0,4.0,4.0,4.0,3.0,3.0,4.0,4.0
E0712,L,US,<1y,junior,hybrid,2,3.0,4.0,5.0,8.0,4.0,3.0,3.0,4.0,4.0,3.0,1.0,3.0,2.0,3.0,3.0,3.0,3.0,2.0,4.0,3.0,1.0,3.0,3.0,4.0,4.0,3.0,4.0,9.0,2.0,3.0,4.0,3.0,3.0,2.0,5.0,3.0,4.0,5.0,5.0,5.0,3.0,4.0,2.0,4.0,3.0,4.0,3.0,3.0,4.0
E0713,N,Israel,1-3y,mid,onsite,2,5.0,4.0,4.0,7.0,5.0,5.0,3.0,4.0,4.0,4.0,5.0,4.0,3.0,5.0,5.0,3.0,4.0,4.0,4.0,5.0,4.0,5.0,4.0,4.0,3.0,3.0,4.0,5.0,4.0,4.0,5.0,4.0,4.0,5.0,5.0,4.0,5.0,4.0,5.0,4.0,3.0,4.0,3.0,4.0,3.0,3.0,3.0,5.0,4.0
E0714,M,US,1-3y,lead,remote,2,4.0,3.0,4.0,6.0,4.0,5.0,3.0,3.0,3.0,3.0,3.0,3.0,4.0,2.0,3.0,4.0,3.0,3.0,3.0,3.0,3.0,1.0,2.0,3.0,3.0,3.0,3.0,6.0,3.0,3.0,3.0,2.0,3.0,3.0,4.0,4.0,5.0,3.0,4.0,4.0,4.0,4.0,3.0,5.0,4.0,4.0,4.0,3.0,3.0
E0715,R,UK,1-3y,mid,hybrid,2,4.0,5.0,3.0,8.0,2.0,3.0,3.0,4.0,5.0,5.0,4.0,4.0,5.0,4.0,3.0,3.0,4.0,2.0,3.0,5.0,2.0,3.0,3.0,4.0,5.0,3.0,3.0,10.0,5.0,2.0,4.0,3.0,5.0,3.0,4.0,4.0,5.0,5.0,5.0,4.0,4.0,5.0,4.0,3.0,3.0,5.0,4.0,4.0,4.0
E0716,I,Europe,1-3y,senior,remote,2,4.0,5.0,5.0,7.0,5.0,5.0,5.0,5.0,4.0,4.0,3.0,3.0,5.0,5.0,4.0,4.0,4.0,5.0,5.0,5.0,5.0,5.0,5.0,5.0,4.0,4.0,4.0,8.0,3.0,3.0,5.0,4.0,3.0,3.0,4.0,4.0,5.0,3.0,3.0,2.0,5.0,3.0,4.0,4.0,4.0,4.0,3.0,4.0,4.0
E0717,Other (24),Israel,>5y,mid,hybrid,2,4.0,2.0,2.0,4.0,3.0,4.0,4.0,3.0,4.0,3.0,2.0,3.0,4.0,2.0,2.0,3.0,1.0,4.0,3.0,4.0,2.0,3.0,3.0,3.0,4.0,2.0,4.0,7.0,4.0,1.0,2.0,2.0,2.0,1.0,4.0,4.0,4.0,2.0,4.0,4.0,3.0,3.0,2.0,3.0,4.0,4.0,4.0,4.0,4.0
E0718,E,Europe,<1y,junior,onsite,2,2.0,4.0,4.0,10.0,5.0,3.0,3.0,4.0,4.0,2.0,2.0,4.0,4.0,2.0,4.0,4.0,2.0,4.0,4.0,4.0,4.0,2.0,2.0,3.0,4.0,3.0,4.0,10.0,3.0,2.0,5.0,3.0,2.0,3.0,5.0,4.0,4.0,3.0,4.0,4.0,3.0,3.0,2.0,3.0,3.0,3.0,3.0,2.0,2.0
E0719,Other (24),US,1-3y,lead,hybrid,2,2.0,3.0,4.0,7.0,3.0,3.0,2.0,4.0,3.0,3.0,2.0,4.0,3.0,1.0,1.0,3.0,3.0,4.0,4.0,3.0,3.0,2.0,2.0,2.0,4.0,4.0,3.0,7.0,3.0,3.0,4.0,3.0,4.0,3.0,3.0,4.0,4.0,4.0,5.0,4.0,3.0,2.0,4.0,4.0,4.0,5.0,4.0,4.0,3.0
E0720,N,India,<1y,lead,onsite,2,4.0,5.0,4.0,9.0,5.0,5.0,3.0,5.0,3.0,3.0,3.0,3.0,2.0,3.0,4.0,3.0,2.0,4.0,5.0,3.0,5.0,3.0,3.0,4.0,3.0,2.0,3.0,4.0,4.0,3.0,5.0,3.0,2.0,3.0,4.0,4.0,5.0,4.0,4.0,4.0,4.0,3.0,2.0,3.0,2.0,3.0,5.0,3.0,3.0
E0721,Other (24),UK,3-5y,senior,hybrid,2,3.0,4.0,3.0,6.0,5.0,4.0,3.0,3.0,2.0,4.0,3.0,5.0,3.0,2.0,1.0,5.0,3.0,3.0,3.0,3.0,2.0,4.0,3.0,3.0,4.0,3.0,3.0,6.0,3.0,4.0,5.0,4.0,3.0,3.0,3.0,3.0,4.0,4.0,4.0,4.0,5.0,3.0,3.0,5.0,4.0,3.0,3.0,4.0,3.0
E0722,I,UK,<1y,mid,hybrid,2,4.0,2.0,4.0,8.0,3.0,4.0,4.0,3.0,5.0,4.0,3.0,3.0,4.0,2.0,3.0,3.0,3.0,4.0,3.0,3.0,4.0,3.0,2.0,2.0,4.0,3.0,2.0,9.0,2.0,3.0,4.0,1.0,3.0,3.0,3.0,3.0,3.0,2.0,4.0,3.0,1.0,3.0,3.0,4.0,3.0,3.0,2.0,3.0,2.0
E0723,I,US,1-3y,junior,hybrid,2,2.0,4.0,5.0,8.0,5.0,4.0,3.0,5.0,2.0,4.0,4.0,4.0,3.0,5.0,3.0,4.0,2.0,4.0,5.0,5.0,3.0,5.0,5.0,5.0,5.0,1.0,5.0,10.0,3.0,1.0,5.0,1.0,1.0,1.0,3.0,3.0,4.0,4.0,4.0,4.0,4.0,3.0,3.0,1.0,1.0,4.0,4.0,4.0,3.0
E0724,Other (24),Israel,1-3y,mid,hybrid,2,4.0,4.0,2.0,6.0,5.0,5.0,5.0,3.0,3.0,3.0,3.0,4.0,2.0,2.0,3.0,4.0,3.0,5.0,3.0,4.0,5.0,3.0,3.0,4.0,4.0,2.0,3.0,8.0,2.0,3.0,4.0,3.0,2.0,3.0,3.0,4.0,4.0,3.0,3.0,5.0,4.0,3.0,2.0,4.0,4.0,3.0,3.0,3.0,3.0
E0725,Q,Europe,1-3y,mid,hybrid,2,3.0,3.0,3.0,5.0,4.0,3.0,3.0,4.0,4.0,4.0,3.0,3.0,4.0,3.0,3.0,4.0,2.0,1.0,3.0,3.0,3.0,2.0,3.0,3.0,4.0,2.0,3.0,8.0,3.0,2.0,2.0,2.0,2.0,1.0,2.0,3.0,3.0,4.0,2.0,4.0,3.0,3.0,2.0,3.0,3.0,4.0,3.0,4.0,3.0
E0726,C,Europe,1-3y,mid,onsite,2,3.0,4.0,5.0,9.0,4.0,3.0,1.0,4.0,2.0,4.0,4.0,3.0,3.0,4.0,4.0,4.0,1.0,3.0,3.0,4.0,2.0,2.0,4.0,4.0,5.0,3.0,5.0,8.0,4.0,1.0,5.0,1.0,2.0,1.0,4.0,5.0,4.0,3.0,4.0,4.0,4.0,5.0,4.0,2.0,3.0,4.0,4.0,4.0,3.0
E0727,G,UK,3-5y,senior,remote,2,3.0,4.0,3.0,10.0,3.0,3.0,3.0,3.0,2.0,4.0,3.0,4.0,3.0,3.0,5.0,3.0,3.0,5.0,3.0,4.0,4.0,3.0,4.0,3.0,4.0,3.0,4.0,5.0,2.0,3.0,4.0,4.0,3.0,2.0,4.0,4.0,3.0,4.0,3.0,4.0,4.0,5.0,4.0,4.0,5.0,3.0,3.0,3.0,4.0
E0728,R,Europe,3-5y,lead,hybrid,2,4.0,4.0,3.0,8.0,5.0,3.0,4.0,4.0,3.0,3.0,4.0,4.0,2.0,2.0,4.0,2.0,2.0,4.0,4.0,4.0,4.0,4.0,3.0,4.0,4.0,2.0,3.0,7.0,3.0,2.0,5.0,3.0,2.0,4.0,4.0,5.0,4.0,5.0,5.0,5.0,3.0,3.0,4.0,5.0,4.0,4.0,5.0,4.0,4.0
E0729,Other (24),UK,1-3y,senior,onsite,2,4.0,5.0,4.0,9.0,4.0,4.0,4.0,4.0,5.0,4.0,4.0,3.0,4.0,3.0,2.0,4.0,3.0,4.0,3.0,4.0,3.0,4.0,4.0,4.0,4.0,2.0,2.0,7.0,4.0,1.0,4.0,3.0,4.0,3.0,5.0,5.0,4.0,4.0,5.0,4.0,4.0,3.0,4.0,5.0,5.0,2.0,4.0,3.0,3.0
E0730,E,Israel,<1y,senior,hybrid,2,4.0,3.0,4.0,9.0,5.0,3.0,3.0,5.0,4.0,3.0,3.0,4.0,3.0,3.0,3.0,2.0,3.0,4.0,4.0,3.0,4.0,3.0,3.0,3.0,3.0,3.0,3.0,9.0,3.0,4.0,5.0,3.0,3.0,4.0,3.0,3.0,4.0,4.0,3.0,4.0,4.0,3.0,2.0,3.0,5.0,4.0,4.0,5.0,5.0
E0731,E,US,>5y,junior,hybrid,2,3.0,5.0,4.0,10.0,5.0,3.0,4.0,4.0,3.0,2.0,3.0,3.0,3.0,2.0,4.0,3.0,3.0,4.0,2.0,4.0,5.0,3.0,3.0,2.0,4.0,4.0,1.0,6.0,2.0,4.0,5.0,3.0,3.0,4.0,3.0,3.0,2.0,2.0,4.0,4.0,4.0,3.0,5.0,5.0,4.0,4.0,4.0,3.0,3.0
E0732,B,India,<1y,junior,onsite,2,4.0,5.0,4.0,7.0,5.0,4.0,3.0,5.0,4.0,3.0,3.0,5.0,3.0,3.0,4.0,4.0,3.0,3.0,5.0,4.0,3.0,4.0,4.0,5.0,4.0,4.0,4.0,9.0,4.0,3.0,5.0,4.0,5.0,4.0,5.0,5.0,4.0,4.0,4.0,4.0,4.0,5.0,4.0,5.0,4.0,5.0,5.0,4.0,4.0
E0733,O,US,1-3y,mid,remote,2,4.0,4.0,4.0,7.0,5.0,3.0,3.0,3.0,2.0,4.0,3.0,4.0,3.0,4.0,4.0,4.0,4.0,3.0,3.0,4.0,4.0,5.0,4.0,4.0,5.0,3.0,4.0,5.0,4.0,4.0,3.0,3.0,3.0,3.0,2.0,4.0,3.0,4.0,5.0,5.0,5.0,5.0,5.0,4.0,4.0,4.0,4.0,4.0,4.0
E0734,F,UK,1-3y,lead,remote,2,2.0,3.0,4.0,3.0,2.0,3.0,3.0,4.0,4.0,3.0,4.0,4.0,4.0,4.0,3.0,3.0,2.0,4.0,2.0,1.0,2.0,4.0,4.0,4.0,4.0,3.0,4.0,9.0,4.0,2.0,4.0,2.0,2.0,2.0,4.0,3.0,2.0,4.0,4.0,4.0,3.0,2.0,2.0,4.0,4.0,3.0,3.0,3.0,4.0
E0735,M,Europe,>5y,junior,hybrid,2,5.0,5.0,5.0,8.0,4.0,5.0,4.0,4.0,3.0,3.0,5.0,5.0,3.0,4.0,4.0,4.0,2.0,5.0,2.0,5.0,4.0,3.0,4.0,3.0,4.0,3.0,3.0,5.0,5.0,4.0,5.0,4.0,2.0,3.0,4.0,5.0,4.0,3.0,3.0,3.0,4.0,4.0,4.0,4.0,3.0,5.0,4.0,5.0,4.0
E0736,Q,US,1-3y,mid,remote,2,4.0,3.0,4.0,5.0,4.0,5.0,5.0,4.0,3.0,3.0,3.0,2.0,4.0,3.0,4.0,3.0,4.0,5.0,4.0,3.0,5.0,2.0,3.0,3.0,3.0,3.0,3.0,5.0,3.0,4.0,4.0,2.0,3.0,2.0,4.0,3.0,4.0,4.0,4.0,3.0,3.0,4.0,4.0,3.0,4.0,2.0,3.0,5.0,5.0
E0737,F,UK,<1y,mid,onsite,2,4.0,3.0,3.0,5.0,1.0,4.0,3.0,1.0,3.0,4.0,2.0,4.0,3.0,3.0,4.0,4.0,1.0,5.0,2.0,2.0,4.0,3.0,3.0,4.0,3.0,1.0,2.0,7.0,3.0,2.0,3.0,3.0,2.0,4.0,5.0,4.0,4.0,3.0,2.0,2.0,4.0,5.0,3.0,4.0,3.0,4.0,3.0,5.0,1.0
E0738,G,India,<1y,mid,hybrid,2,4.0,5.0,3.0,8.0,3.0,3.0,3.0,4.0,4.0,5.0,3.0,5.0,3.0,4.0,4.0,4.0,4.0,4.0,5.0,5.0,4.0,4.0,5.0,4.0,4.0,4.0,5.0,10.0,5.0,3.0,4.0,2.0,3.0,2.0,3.0,5.0,4.0,4.0,3.0,4.0,4.0,4.0,4.0,2.0,4.0,5.0,5.0,4.0,5.0
E0739,Q,US,<1y,mid,remote,2,5.0,4.0,3.0,5.0,4.0,5.0,4.0,3.0,4.0,3.0,3.0,2.0,3.0,3.0,5.0,3.0,2.0,5.0,3.0,4.0,5.0,3.0,4.0,3.0,2.0,2.0,3.0,8.0,3.0,3.0,3.0,3.0,4.0,2.0,4.0,3.0,2.0,2.0,3.0,3.0,4.0,3.0,2.0,3.0,4.0,3.0,4.0,3.0,4.0
E0740,Other (24),UK,<1y,senior,remote,2,4.0,4.0,4.0,8.0,4.0,5.0,4.0,4.0,4.0,4.0,4.0,5.0,3.0,5.0,4.0,4.0,2.0,4.0,3.0,5.0,4.0,4.0,3.0,5.0,5.0,4.0,5.0,5.0,3.0,4.0,3.0,3.0,3.0,2.0,4.0,4.0,4.0,4.0,3.0,3.0,4.0,3.0,4.0,5.0,5.0,5.0,4.0,3.0,3.0
E0741,E,UK,>5y,junior,onsite,2,5.0,5.0,5.0,8.0,5.0,4.0,5.0,5.0,2.0,4.0,4.0,4.0,4.0,3.0,5.0,3.0,3.0,4.0,4.0,4.0,4.0,3.0,5.0,4.0,4.0,4.0,4.0,8.0,3.0,3.0,4.0,3.0,2.0,3.0,5.0,5.0,4.0,3.0,4.0,5.0,5.0,4.0,4.0,3.0,4.0,5.0,4.0,3.0,5.0
E0742,Other (24),Europe,1-3y,junior,remote,2,3.0,3.0,3.0,6.0,4.0,4.0,4.0,3.0,1.0,3.0,2.0,3.0,3.0,2.0,2.0,4.0,2.0,3.0,3.0,3.0,3.0,2.0,2.0,3.0,4.0,1.0,3.0,5.0,1.0,1.0,2.0,2.0,2.0,1.0,3.0,3.0,3.0,5.0,4.0,5.0,4.0,4.0,5.0,2.0,2.0,3.0,2.0,4.0,4.0
E0743,Q,US,1-3y,lead,hybrid,2,5.0,3.0,5.0,5.0,4.0,5.0,4.0,4.0,4.0,4.0,4.0,4.0,3.0,4.0,4.0,5.0,2.0,5.0,3.0,3.0,3.0,3.0,4.0,4.0,4.0,2.0,4.0,8.0,4.0,2.0,4.0,3.0,3.0,2.0,4.0,3.0,3.0,4.0,3.0,2.0,5.0,5.0,5.0,3.0,3.0,4.0,5.0,4.0,3.0
E0744,P,UK,3-5y,lead,remote,2,4.0,5.0,4.0,8.0,5.0,4.0,3.0,5.0,3.0,5.0,4.0,5.0,5.0,4.0,3.0,3.0,3.0,4.0,4.0,5.0,5.0,5.0,5.0,5.0,4.0,3.0,4.0,10.0,5.0,3.0,5.0,3.0,3.0,3.0,5.0,4.0,3.0,4.0,5.0,4.0,5.0,3.0,4.0,3.0,3.0,5.0,4.0,3.0,4.0
E0745,D,US,3-5y,mid,onsite,2,3.0,4.0,5.0,5.0,5.0,3.0,3.0,3.0,3.0,5.0,3.0,5.0,3.0,3.0,4.0,4.0,3.0,2.0,3.0,3.0,3.0,5.0,4.0,4.0,4.0,4.0,4.0,6.0,4.0,3.0,3.0,3.0,2.0,4.0,3.0,4.0,4.0,3.0,3.0,3.0,4.0,5.0,2.0,4.0,4.0,2.0,3.0,3.0,4.0
E0746,B,US,1-3y,lead,remote,2,3.0,5.0,5.0,8.0,5.0,3.0,4.0,4.0,2.0,5.0,4.0,5.0,2.0,5.0,5.0,5.0,2.0,3.0,4.0,5.0,3.0,4.0,3.0,4.0,5.0,4.0,5.0,6.0,5.0,2.0,4.0,2.0,1.0,2.0,3.0,3.0,4.0,4.0,3.0,4.0,2.0,3.0,4.0,3.0,2.0,5.0,3.0,2.0,4.0
E0747,Other (24),Israel,>5y,mid,onsite,2,5.0,5.0,3.0,7.0,3.0,4.0,4.0,3.0,2.0,4.0,1.0,3.0,2.0,1.0,2.0,5.0,1.0,3.0,3.0,4.0,3.0,4.0,3.0,3.0,3.0,2.0,3.0,5.0,2.0,2.0,3.0,2.0,3.0,2.0,3.0,3.0,4.0,2.0,4.0,4.0,4.0,3.0,3.0,3.0,3.0,3.0,3.0,4.0,4.0
E0748,B,Europe,1-3y,mid,hybrid,2,4.0,2.0,3.0,8.0,4.0,3.0,4.0,4.0,5.0,3.0,3.0,3.0,5.0,3.0,4.0,2.0,3.0,3.0,2.0,3.0,3.0,4.0,5.0,4.0,4.0,3.0,3.0,10.0,4.0,3.0,4.0,3.0,3.0,4.0,5.0,5.0,5.0,4.0,3.0,3.0,3.0,3.0,4.0,3.0,4.0,4.0,4.0,5.0,5.0
E0749,Other (24),India,1-3y,senior,hybrid,2,3.0,3.0,3.0,6.0,5.0,5.0,3.0,3.0,4.0,3.0,3.0,4.0,2.0,3.0,4.0,4.0,2.0,3.0,3.0,4.0,4.0,4.0,3.0,3.0,4.0,3.0,4.0,6.0,4.0,3.0,2.0,5.0,3.0,3.0,3.0,4.0,5.0,3.0,4.0,4.0,5.0,2.0,4.0,5.0,5.0,4.0,4.0,4.0,4.0
E0750,F,Israel,<1y,mid,hybrid,2,4.0,3.0,3.0,4.0,4.0,3.0,4.0,2.0,2.0,4.0,1.0,3.0,1.0,2.0,4.0,3.0,2.0,4.0,1.0,3.0,4.0,4.0,3.0,3.0,3.0,2.0,3.0,7.0,2.0,3.0,4.0,3.0,3.0,3.0,3.0,3.0,3.0,4.0,3.0,2.0,2.0,3.0,5.0,3.0,3.0,3.0,4.0,4.0,3.0
E0751,F,UK,<1y,mid,hybrid,2,5.0,5.0,4.0,6.0,5.0,3.0,4.0,4.0,3.0,5.0,4.0,4.0,3.0,4.0,4.0,4.0,3.0,4.0,4.0,4.0,5.0,5.0,5.0,5.0,5.0,3.0,4.0,7.0,5.0,2.0,5.0,3.0,3.0,4.0,4.0,5.0,5.0,4.0,4.0,5.0,4.0,4.0,5.0,5.0,4.0,5.0,3.0,4.0,4.0
E0752,Other (24),US,<1y,mid,hybrid,2,3.0,3.0,3.0,5.0,3.0,4.0,4.0,3.0,4.0,3.0,3.0,4.0,3.0,3.0,3.0,4.0,3.0,4.0,3.0,5.0,4.0,4.0,3.0,3.0,3.0,3.0,2.0,6.0,3.0,4.0,2.0,3.0,4.0,2.0,3.0,3.0,3.0,3.0,3.0,4.0,3.0,5.0,3.0,5.0,5.0,4.0,5.0,4.0,3.0
E0753,G,Israel,>5y,mid,remote,2,3.0,5.0,3.0,10.0,5.0,5.0,4.0,5.0,3.0,3.0,4.0,5.0,2.0,5.0,4.0,5.0,3.0,4.0,5.0,5.0,4.0,4.0,4.0,4.0,5.0,4.0,5.0,7.0,4.0,3.0,4.0,3.0,4.0,3.0,5.0,5.0,5.0,5.0,5.0,4.0,5.0,5.0,5.0,3.0,4.0,5.0,4.0,5.0,4.0
E0754,J,Europe,1-3y,junior,hybrid,2,3.0,3.0,2.0,1.0,2.0,2.0,3.0,1.0,1.0,3.0,1.0,3.0,2.0,2.0,1.0,3.0,2.0,1.0,3.0,3.0,1.0,3.0,2.0,3.0,4.0,1.0,2.0,4.0,3.0,2.0,3.0,1.0,1.0,2.0,4.0,4.0,3.0,4.0,4.0,3.0,3.0,3.0,3.0,3.0,4.0,2.0,2.0,2.0,3.0
E0755,Other (24),Israel,<1y,mid,remote,2,4.0,5.0,2.0,8.0,4.0,3.0,4.0,3.0,4.0,2.0,2.0,3.0,4.0,2.0,3.0,4.0,3.0,4.0,3.0,4.0,2.0,3.0,2.0,5.0,3.0,2.0,3.0,10.0,3.0,2.0,5.0,4.0,2.0,2.0,4.0,4.0,5.0,4.0,3.0,4.0,3.0,3.0,2.0,4.0,4.0,5.0,5.0,5.0,3.0
E0756,Other (24),Israel,<1y,junior,hybrid,2,3.0,4.0,2.0,8.0,4.0,4.0,3.0,3.0,3.0,3.0,3.0,3.0,4.0,2.0,2.0,3.0,2.0,2.0,3.0,3.0,3.0,3.0,3.0,3.0,2.0,2.0,2.0,7.0,2.0,3.0,4.0,3.0,4.0,3.0,5.0,5.0,3.0,3.0,3.0,3.0,4.0,3.0,2.0,5.0,5.0,4.0,3.0,2.0,2.0
E0757,G,Israel,1-3y,lead,hybrid,2,5.0,4.0,3.0,5.0,2.0,5.0,5.0,2.0,1.0,4.0,5.0,4.0,2.0,3.0,5.0,4.0,3.0,4.0,2.0,4.0,5.0,5.0,3.0,3.0,5.0,2.0,4.0,4.0,4.0,2.0,3.0,3.0,4.0,3.0,2.0,3.0,3.0,3.0,4.0,3.0,3.0,4.0,4.0,5.0,4.0,3.0,3.0,5.0,5.0
E0758,F,US,1-3y,mid,hybrid,2,3.0,4.0,3.0,7.0,3.0,4.0,4.0,4.0,3.0,3.0,2.0,2.0,3.0,3.0,5.0,2.0,3.0,5.0,3.0,3.0,4.0,4.0,4.0,3.0,3.0,4.0,2.0,6.0,3.0,4.0,4.0,5.0,3.0,4.0,3.0,5.0,5.0,4.0,5.0,4.0,4.0,4.0,4.0,4.0,4.0,4.0,4.0,4.0,4.0
E0759,H,UK,1-3y,junior,remote,2,5.0,4.0,5.0,7.0,3.0,4.0,5.0,3.0,4.0,5.0,5.0,5.0,4.0,4.0,3.0,5.0,3.0,4.0,4.0,5.0,4.0,5.0,5.0,5.0,5.0,4.0,5.0,10.0,4.0,4.0,4.0,4.0,3.0,4.0,4.0,5.0,5.0,5.0,3.0,4.0,4.0,3.0,4.0,4.0,4.0,5.0,3.0,4.0,4.0
E0760,Q,Europe,<1y,mid,hybrid,2,4.0,4.0,5.0,9.0,5.0,5.0,3.0,5.0,3.0,4.0,4.0,5.0,4.0,5.0,4.0,5.0,4.0,3.0,5.0,5.0,4.0,3.0,5.0,4.0,5.0,3.0,5.0,7.0,5.0,4.0,5.0,4.0,3.0,3.0,5.0,5.0,5.0,5.0,4.0,5.0,5.0,5.0,5.0,4.0,5.0,4.0,4.0,5.0,5.0
E0761,O,Israel,1-3y,mid,onsite,2,2.0,5.0,4.0,3.0,5.0,3.0,2.0,3.0,5.0,3.0,1.0,2.0,3.0,1.0,3.0,4.0,2.0,3.0,3.0,2.0,5.0,4.0,3.0,4.0,4.0,2.0,3.0,6.0,3.0,2.0,3.0,2.0,3.0,3.0,4.0,3.0,3.0,3.0,3.0,2.0,3.0,3.0,3.0,4.0,5.0,1.0,4.0,4.0,2.0
E0762,E,India,<1y,mid,hybrid,2,3.0,5.0,4.0,10.0,5.0,4.0,3.0,5.0,2.0,4.0,2.0,4.0,3.0,3.0,4.0,2.0,3.0,3.0,4.0,4.0,4.0,3.0,4.0,3.0,4.0,3.0,4.0,8.0,4.0,4.0,5.0,4.0,3.0,4.0,5.0,4.0,4.0,3.0,4.0,4.0,3.0,3.0,4.0,4.0,5.0,4.0,3.0,5.0,4.0
E0763,D,US,1-3y,senior,hybrid,2,2.0,3.0,5.0,3.0,3.0,4.0,3.0,3.0,3.0,5.0,4.0,5.0,3.0,4.0,5.0,4.0,3.0,3.0,2.0,5.0,4.0,5.0,4.0,4.0,4.0,4.0,5.0,6.0,4.0,4.0,4.0,3.0,3.0,4.0,5.0,3.0,3.0,3.0,3.0,2.0,4.0,3.0,2.0,4.0,3.0,3.0,3.0,3.0,2.0
E0764,M,Israel,>5y,junior,onsite,2,5.0,3.0,4.0,10.0,4.0,5.0,3.0,4.0,3.0,4.0,4.0,4.0,3.0,2.0,5.0,3.0,3.0,5.0,5.0,5.0,3.0,4.0,3.0,3.0,5.0,4.0,4.0,5.0,2.0,3.0,5.0,3.0,2.0,2.0,3.0,4.0,5.0,5.0,4.0,4.0,3.0,4.0,4.0,4.0,4.0,4.0,5.0,4.0,4.0
E0765,Q,Israel,1-3y,junior,onsite,2,4.0,4.0,5.0,6.0,4.0,4.0,5.0,5.0,4.0,4.0,4.0,4.0,2.0,5.0,5.0,4.0,5.0,5.0,4.0,4.0,5.0,3.0,4.0,4.0,4.0,3.0,4.0,5.0,4.0,4.0,5.0,3.0,4.0,4.0,4.0,4.0,3.0,5.0,4.0,4.0,5.0,3.0,5.0,4.0,5.0,5.0,5.0,4.0,4.0
E0766,K,Israel,<1y,mid,hybrid,2,1.0,3.0,4.0,5.0,3.0,2.0,2.0,1.0,3.0,5.0,5.0,3.0,5.0,5.0,3.0,3.0,3.0,2.0,3.0,5.0,3.0,4.0,4.0,4.0,4.0,3.0,4.0,9.0,5.0,2.0,5.0,1.0,3.0,2.0,4.0,3.0,3.0,5.0,4.0,4.0,3.0,4.0,4.0,3.0,3.0,3.0,2.0,4.0,3.0
E0767,E,US,3-5y,senior,hybrid,2,4.0,3.0,5.0,9.0,5.0,5.0,4.0,5.0,2.0,3.0,4.0,5.0,3.0,3.0,4.0,3.0,4.0,4.0,5.0,5.0,5.0,4.0,4.0,4.0,4.0,5.0,3.0,5.0,3.0,4.0,5.0,4.0,4.0,4.0,3.0,3.0,4.0,4.0,5.0,4.0,4.0,4.0,3.0,5.0,5.0,4.0,3.0,4.0,5.0
E0768,Other (24),India,3-5y,senior,hybrid,2,4.0,5.0,3.0,9.0,3.0,5.0,3.0,3.0,3.0,4.0,4.0,5.0,4.0,3.0,3.0,4.0,2.0,4.0,4.0,5.0,5.0,5.0,3.0,5.0,4.0,3.0,4.0,5.0,4.0,1.0,5.0,3.0,2.0,2.0,4.0,4.0,5.0,4.0,5.0,4.0,4.0,4.0,5.0,3.0,4.0,4.0,4.0,3.0,4.0
E0769,B,UK,3-5y,senior,onsite,2,5.0,4.0,4.0,8.0,5.0,4.0,5.0,3.0,4.0,4.0,4.0,5.0,3.0,4.0,5.0,4.0,3.0,4.0,3.0,4.0,5.0,3.0,4.0,4.0,5.0,3.0,4.0,8.0,4.0,2.0,3.0,3.0,3.0,4.0,4.0,4.0,3.0,4.0,5.0,3.0,4.0,4.0,4.0,3.0,4.0,5.0,5.0,4.0,4.0
E0770,C,US,<1y,lead,hybrid,2,3.0,5.0,5.0,10.0,5.0,4.0,3.0,4.0,4.0,5.0,4.0,5.0,3.0,4.0,5.0,5.0,4.0,3.0,4.0,5.0,4.0,5.0,5.0,5.0,5.0,4.0,5.0,9.0,4.0,3.0,5.0,3.0,2.0,3.0,4.0,5.0,4.0,4.0,4.0,4.0,3.0,3.0,4.0,4.0,5.0,4.0,5.0,5.0,2.0
E0771,Other (24),UK,1-3y,mid,hybrid,2,3.0,3.0,3.0,5.0,1.0,4.0,3.0,1.0,3.0,5.0,3.0,5.0,3.0,2.0,3.0,4.0,2.0,4.0,2.0,4.0,3.0,4.0,4.0,4.0,3.0,1.0,4.0,9.0,4.0,2.0,2.0,2.0,2.0,2.0,2.0,3.0,3.0,3.0,2.0,3.0,1.0,3.0,2.0,2.0,1.0,1.0,3.0,3.0,3.0
E0772,Other (24),UK,>5y,mid,hybrid,2,2.0,4.0,4.0,6.0,4.0,3.0,2.0,3.0,4.0,4.0,4.0,3.0,3.0,2.0,1.0,4.0,2.0,3.0,3.0,4.0,2.0,3.0,4.0,2.0,3.0,1.0,3.0,6.0,3.0,1.0,4.0,1.0,2.0,1.0,5.0,3.0,3.0,5.0,4.0,5.0,4.0,4.0,3.0,3.0,2.0,4.0,4.0,4.0,3.0
E0773,H,US,3-5y,junior,onsite,2,4.0,5.0,5.0,10.0,4.0,5.0,3.0,3.0,4.0,3.0,4.0,5.0,4.0,4.0,3.0,4.0,4.0,4.0,5.0,4.0,4.0,5.0,4.0,4.0,5.0,4.0,5.0,6.0,3.0,4.0,5.0,2.0,3.0,4.0,4.0,3.0,4.0,4.0,4.0,4.0,4.0,4.0,4.0,5.0,5.0,4.0,5.0,3.0,4.0
E0774,G,India,1-3y,mid,hybrid,2,5.0,4.0,2.0,7.0,3.0,4.0,4.0,3.0,4.0,4.0,3.0,3.0,3.0,3.0,5.0,4.0,2.0,5.0,2.0,4.0,4.0,5.0,4.0,3.0,4.0,3.0,3.0,9.0,3.0,3.0,3.0,3.0,2.0,3.0,5.0,5.0,4.0,4.0,3.0,5.0,5.0,4.0,4.0,3.0,3.0,4.0,4.0,4.0,5.0
E0775,O,Europe,<1y,junior,remote,2,3.0,3.0,4.0,4.0,3.0,4.0,3.0,2.0,2.0,4.0,3.0,3.0,2.0,3.0,4.0,3.0,3.0,4.0,3.0,4.0,4.0,4.0,3.0,3.0,2.0,3.0,3.0,6.0,3.0,4.0,3.0,3.0,3.0,3.0,3.0,4.0,5.0,3.0,3.0,4.0,4.0,4.0,5.0,4.0,4.0,2.0,2.0,3.0,3.0
E0776,O,Israel,<1y,senior,remote,2,3.0,4.0,4.0,6.0,3.0,3.0,3.0,3.0,3.0,2.0,2.0,3.0,2.0,3.0,3.0,4.0,3.0,3.0,4.0,4.0,4.0,2.0,3.0,4.0,4.0,2.0,3.0,5.0,4.0,4.0,3.0,2.0,2.0,4.0,2.0,2.0,3.0,3.0,2.0,2.0,3.0,4.0,2.0,4.0,5.0,2.0,3.0,3.0,2.0
E0777,F,Europe,>5y,junior,onsite,2,4.0,5.0,4.0,7.0,5.0,3.0,3.0,4.0,2.0,4.0,4.0,4.0,3.0,4.0,2.0,3.0,3.0,2.0,5.0,3.0,3.0,4.0,4.0,3.0,4.0,2.0,4.0,6.0,4.0,3.0,4.0,4.0,2.0,3.0,3.0,4.0,1.0,3.0,4.0,2.0,4.0,5.0,5.0,5.0,3.0,3.0,2.0,5.0,4.0
E0778,B,US,1-3y,mid,hybrid,2,3.0,3.0,4.0,5.0,3.0,3.0,2.0,3.0,4.0,4.0,3.0,3.0,3.0,2.0,3.0,2.0,2.0,3.0,3.0,5.0,2.0,3.0,4.0,4.0,4.0,3.0,4.0,10.0,2.0,3.0,3.0,3.0,3.0,4.0,3.0,5.0,4.0,2.0,3.0,3.0,3.0,3.0,3.0,5.0,4.0,4.0,3.0,3.0,4.0
E0779,Other (24),Israel,1-3y,junior,hybrid,2,3.0,5.0,4.0,10.0,4.0,5.0,4.0,5.0,2.0,4.0,3.0,3.0,3.0,3.0,4.0,4.0,2.0,3.0,4.0,5.0,4.0,3.0,4.0,4.0,3.0,3.0,3.0,4.0,4.0,2.0,4.0,4.0,4.0,3.0,5.0,4.0,4.0,5.0,4.0,4.0,3.0,4.0,4.0,4.0,5.0,4.0,4.0,3.0,3.0
E0780,D,Israel,<1y,mid,onsite,2,4.0,5.0,5.0,7.0,5.0,4.0,4.0,4.0,4.0,5.0,4.0,5.0,4.0,4.0,5.0,5.0,3.0,2.0,4.0,5.0,3.0,5.0,5.0,3.0,5.0,5.0,4.0,6.0,4.0,5.0,4.0,3.0,2.0,5.0,4.0,5.0,4.0,3.0,3.0,3.0,4.0,4.0,4.0,3.0,4.0,4.0,4.0,4.0,3.0
E0781,G,US,1-3y,junior,hybrid,2,3.0,5.0,3.0,7.0,4.0,3.0,3.0,3.0,2.0,4.0,3.0,4.0,1.0,3.0,4.0,4.0,1.0,3.0,2.0,4.0,3.0,3.0,3.0,4.0,4.0,1.0,3.0,8.0,2.0,2.0,4.0,2.0,2.0,2.0,3.0,3.0,4.0,4.0,4.0,4.0,4.0,3.0,2.0,3.0,2.0,4.0,5.0,4.0,5.0
E0782,Other (24),Europe,1-3y,mid,onsite,2,2.0,4.0,3.0,6.0,3.0,2.0,4.0,3.0,2.0,4.0,3.0,3.0,2.0,2.0,3.0,4.0,1.0,4.0,3.0,4.0,3.0,5.0,4.0,4.0,3.0,1.0,2.0,7.0,2.0,1.0,4.0,1.0,2.0,2.0,3.0,3.0,3.0,5.0,4.0,5.0,3.0,2.0,3.0,2.0,2.0,5.0,5.0,3.0,3.0
E0783,Other (24),India,<1y,mid,hybrid,2,3.0,4.0,3.0,5.0,3.0,4.0,3.0,3.0,5.0,4.0,3.0,5.0,4.0,2.0,2.0,3.0,2.0,4.0,3.0,4.0,2.0,5.0,3.0,4.0,3.0,1.0,4.0,8.0,4.0,2.0,4.0,3.0,4.0,3.0,4.0,4.0,4.0,4.0,4.0,4.0,4.0,3.0,4.0,3.0,4.0,4.0,4.0,4.0,4.0
E0784,J,UK,1-3y,junior,remote,2,3.0,4.0,4.0,5.0,5.0,4.0,3.0,3.0,1.0,4.0,3.0,3.0,2.0,4.0,3.0,5.0,2.0,3.0,3.0,5.0,2.0,5.0,5.0,5.0,4.0,4.0,4.0,4.0,3.0,3.0,4.0,3.0,2.0,3.0,5.0,3.0,5.0,4.0,4.0,4.0,4.0,4.0,4.0,4.0,5.0,4.0,4.0,3.0,4.0
E0785,Q,UK,3-5y,mid,remote,2,3.0,4.0,3.0,5.0,4.0,3.0,4.0,3.0,3.0,3.0,3.0,3.0,3.0,4.0,5.0,3.0,2.0,2.0,2.0,5.0,4.0,2.0,3.0,2.0,2.0,1.0,4.0,4.0,4.0,1.0,3.0,2.0,2.0,3.0,4.0,3.0,3.0,4.0,4.0,3.0,3.0,2.0,2.0,3.0,4.0,2.0,2.0,3.0,4.0
E0786,B,India,<1y,mid,remote,2,5.0,5.0,4.0,10.0,5.0,4.0,4.0,5.0,5.0,4.0,4.0,4.0,5.0,3.0,4.0,3.0,4.0,3.0,4.0,5.0,3.0,4.0,4.0,4.0,4.0,4.0,4.0,10.0,3.0,3.0,5.0,2.0,3.0,3.0,4.0,5.0,4.0,4.0,4.0,3.0,3.0,3.0,3.0,4.0,4.0,5.0,5.0,5.0,4.0
E0787,C,UK,1-3y,junior,hybrid,2,3.0,4.0,5.0,8.0,5.0,3.0,2.0,4.0,4.0,5.0,4.0,5.0,5.0,3.0,3.0,5.0,3.0,3.0,3.0,5.0,2.0,5.0,5.0,5.0,5.0,3.0,4.0,8.0,4.0,2.0,5.0,2.0,3.0,2.0,5.0,4.0,3.0,5.0,5.0,5.0,4.0,4.0,4.0,4.0,4.0,4.0,4.0,3.0,3.0
E0788,N,UK,3-5y,senior,onsite,2,3.0,3.0,4.0,8.0,5.0,5.0,2.0,3.0,3.0,3.0,2.0,3.0,4.0,5.0,4.0,2.0,4.0,4.0,2.0,4.0,3.0,5.0,4.0,3.0,3.0,4.0,4.0,7.0,3.0,5.0,4.0,4.0,3.0,5.0,4.0,4.0,2.0,4.0,3.0,3.0,4.0,3.0,5.0,4.0,3.0,5.0,4.0,5.0,4.0
E0789,R,UK,>5y,junior,onsite,2,5.0,5.0,4.0,9.0,5.0,4.0,3.0,5.0,4.0,4.0,4.0,5.0,5.0,5.0,4.0,4.0,4.0,5.0,5.0,4.0,5.0,3.0,3.0,3.0,4.0,4.0,4.0,8.0,3.0,4.0,4.0,4.0,3.0,5.0,5.0,4.0,4.0,4.0,3.0,5.0,4.0,5.0,5.0,4.0,5.0,5.0,5.0,5.0,5.0
E0790,K,India,>5y,senior,remote,2,3.0,2.0,4.0,7.0,3.0,3.0,3.0,4.0,3.0,4.0,4.0,3.0,4.0,3.0,2.0,3.0,2.0,3.0,4.0,4.0,3.0,3.0,5.0,4.0,4.0,4.0,4.0,6.0,4.0,3.0,5.0,3.0,2.0,3.0,5.0,4.0,5.0,5.0,5.0,4.0,4.0,4.0,4.0,4.0,3.0,5.0,4.0,4.0,4.0
E0791,N,UK,1-3y,junior,hybrid,2,5.0,5.0,4.0,8.0,5.0,5.0,5.0,4.0,3.0,3.0,4.0,5.0,4.0,3.0,5.0,3.0,4.0,5.0,5.0,3.0,5.0,5.0,4.0,5.0,4.0,5.0,4.0,9.0,5.0,5.0,5.0,5.0,5.0,5.0,4.0,5.0,5.0,4.0,4.0,4.0,4.0,4.0,5.0,5.0,4.0,5.0,5.0,3.0,2.0
E0792,F,India,<1y,lead,onsite,2,3.0,2.0,3.0,3.0,1.0,3.0,4.0,2.0,2.0,4.0,3.0,3.0,1.0,3.0,4.0,3.0,3.0,3.0,2.0,2.0,4.0,4.0,3.0,2.0,2.0,3.0,3.0,6.0,3.0,4.0,2.0,4.0,4.0,3.0,2.0,2.0,2.0,2.0,3.0,3.0,4.0,3.0,5.0,5.0,4.0,3.0,4.0,4.0,2.0
E0793,J,UK,>5y,junior,onsite,2,4.0,4.0,1.0,4.0,4.0,3.0,2.0,3.0,2.0,1.0,2.0,2.0,3.0,3.0,3.0,1.0,3.0,2.0,3.0,3.0,2.0,2.0,2.0,2.0,2.0,3.0,3.0,5.0,2.0,2.0,5.0,2.0,2.0,4.0,3.0,3.0,5.0,3.0,3.0,3.0,3.0,4.0,2.0,4.0,4.0,4.0,3.0,3.0,2.0
E0794,Other (24),Europe,3-5y,senior,hybrid,2,3.0,4.0,4.0,7.0,4.0,4.0,3.0,4.0,3.0,5.0,4.0,4.0,2.0,3.0,2.0,4.0,3.0,4.0,4.0,4.0,3.0,4.0,4.0,4.0,4.0,3.0,4.0,5.0,4.0,3.0,4.0,4.0,3.0,2.0,5.0,3.0,5.0,4.0,4.0,3.0,5.0,4.0,4.0,4.0,4.0,5.0,5.0,4.0,4.0
E0795,L,US,<1y,mid,remote,2,2.0,5.0,4.0,7.0,3.0,4.0,2.0,2.0,5.0,4.0,3.0,4.0,4.0,4.0,2.0,3.0,2.0,3.0,3.0,4.0,2.0,3.0,5.0,3.0,4.0,3.0,5.0,10.0,3.0,2.0,3.0,1.0,1.0,1.0,3.0,3.0,3.0,3.0,4.0,2.0,4.0,3.0,3.0,3.0,3.0,3.0,4.0,5.0,4.0
E0796,J,UK,>5y,junior,hybrid,2,3.0,3.0,2.0,6.0,2.0,3.0,3.0,3.0,2.0,2.0,3.0,4.0,2.0,3.0,4.0,3.0,3.0,2.0,3.0,3.0,3.0,3.0,2.0,3.0,3.0,2.0,4.0,8.0,1.0,3.0,3.0,3.0,3.0,3.0,4.0,3.0,2.0,5.0,5.0,4.0,4.0,5.0,4.0,4.0,4.0,4.0,3.0,2.0,3.0
E0797,Q,India,1-3y,mid,hybrid,2,4.0,3.0,4.0,5.0,3.0,5.0,3.0,3.0,5.0,2.0,2.0,3.0,4.0,4.0,4.0,3.0,3.0,4.0,2.0,3.0,4.0,3.0,2.0,4.0,3.0,3.0,5.0,7.0,3.0,4.0,4.0,3.0,4.0,3.0,4.0,4.0,5.0,2.0,4.0,3.0,5.0,4.0,4.0,3.0,4.0,3.0,4.0,4.0,4.0
E0798,L,India,<1y,lead,hybrid,2,3.0,3.0,4.0,8.0,3.0,2.0,2.0,4.0,4.0,3.0,2.0,3.0,4.0,3.0,2.0,4.0,1.0,2.0,2.0,3.0,1.0,2.0,2.0,4.0,4.0,1.0,1.0,8.0,1.0,1.0,2.0,1.0,1.0,1.0,4.0,3.0,5.0,4.0,4.0,3.0,4.0,4.0,4.0,3.0,2.0,3.0,3.0,3.0,3.0
E0799,G,US,1-3y,junior,hybrid,2,2.0,2.0,2.0,4.0,3.0,3.0,3.0,3.0,2.0,2.0,2.0,2.0,2.0,1.0,1.0,2.0,3.0,3.0,2.0,3.0,2.0,2.0,1.0,1.0,4.0,2.0,2.0,7.0,1.0,2.0,3.0,2.0,3.0,1.0,4.0,4.0,4.0,3.0,2.0,2.0,3.0,3.0,2.0,3.0,2.0,4.0,3.0,3.0,4.0
E0800,P,Europe,<1y,junior,hybrid,2,3.0,4.0,4.0,10.0,5.0,5.0,3.0,5.0,4.0,4.0,4.0,4.0,3.0,4.0,3.0,5.0,3.0,3.0,4.0,3.0,4.0,5.0,4.0,3.0,4.0,3.0,4.0,8.0,4.0,4.0,5.0,3.0,3.0,4.0,5.0,4.0,5.0,3.0,3.0,3.0,4.0,4.0,4.0,4.0,3.0,3.0,3.0,3.0,3.0
E0801,E,Europe,1-3y,mid,hybrid,2,4.0,4.0,4.0,7.0,5.0,4.0,3.0,3.0,3.0,4.0,3.0,5.0,2.0,4.0,3.0,3.0,4.0,3.0,3.0,4.0,2.0,3.0,2.0,2.0,5.0,4.0,3.0,9.0,3.0,5.0,4.0,3.0,3.0,4.0,4.0,4.0,3.0,3.0,3.0,2.0,3.0,4.0,4.0,4.0,5.0,4.0,4.0,3.0,3.0
E0802,J,India,<1y,junior,hybrid,2,3.0,4.0,2.0,1.0,2.0,2.0,3.0,3.0,1.0,2.0,3.0,2.0,3.0,2.0,1.0,3.0,3.0,3.0,2.0,3.0,3.0,2.0,3.0,3.0,3.0,3.0,5.0,6.0,2.0,3.0,4.0,4.0,2.0,3.0,2.0,3.0,4.0,4.0,5.0,3.0,3.0,3.0,3.0,4.0,4.0,4.0,5.0,4.0,4.0
E0803,Other (24),US,1-3y,mid,onsite,2,4.0,3.0,3.0,6.0,2.0,4.0,4.0,2.0,2.0,2.0,4.0,4.0,2.0,2.0,3.0,3.0,3.0,3.0,2.0,4.0,3.0,2.0,1.0,3.0,2.0,3.0,2.0,4.0,3.0,2.0,2.0,4.0,3.0,3.0,3.0,4.0,4.0,3.0,3.0,4.0,4.0,3.0,4.0,4.0,4.0,3.0,3.0,3.0,3.0
E0804,F,Europe,1-3y,mid,remote,2,3.0,3.0,4.0,5.0,4.0,4.0,4.0,4.0,3.0,4.0,4.0,4.0,4.0,5.0,4.0,4.0,5.0,3.0,3.0,4.0,3.0,5.0,5.0,5.0,4.0,3.0,5.0,8.0,5.0,5.0,5.0,4.0,5.0,4.0,5.0,4.0,3.0,2.0,4.0,3.0,5.0,5.0,4.0,5.0,5.0,4.0,4.0,3.0,4.0
E0805,Other (24),US,>5y,junior,hybrid,2,5.0,4.0,2.0,6.0,4.0,5.0,5.0,3.0,4.0,2.0,1.0,4.0,3.0,3.0,4.0,3.0,3.0,4.0,5.0,3.0,5.0,3.0,3.0,3.0,3.0,1.0,2.0,10.0,4.0,2.0,3.0,3.0,3.0,2.0,3.0,5.0,5.0,3.0,3.0,4.0,5.0,5.0,5.0,5.0,4.0,4.0,3.0,3.0,3.0
E0806,A,Israel,<1y,lead,hybrid,2,3.0,4.0,3.0,10.0,5.0,3.0,5.0,4.0,3.0,3.0,3.0,4.0,3.0,3.0,5.0,3.0,1.0,4.0,4.0,3.0,4.0,4.0,4.0,3.0,3.0,1.0,4.0,8.0,3.0,2.0,5.0,3.0,3.0,2.0,4.0,4.0,5.0,5.0,5.0,5.0,4.0,3.0,5.0,2.0,2.0,5.0,4.0,4.0,3.0
E0807,J,US,1-3y,junior,onsite,2,1.0,4.0,3.0,5.0,5.0,3.0,4.0,4.0,3.0,2.0,3.0,3.0,3.0,4.0,2.0,3.0,3.0,3.0,3.0,4.0,3.0,4.0,3.0,3.0,4.0,3.0,4.0,7.0,2.0,3.0,5.0,3.0,3.0,4.0,4.0,4.0,4.0,4.0,4.0,4.0,5.0,5.0,5.0,3.0,5.0,4.0,3.0,4.0,5.0
E0808,O,India,1-3y,senior,hybrid,2,2.0,4.0,4.0,6.0,5.0,3.0,2.0,3.0,4.0,4.0,4.0,5.0,3.0,4.0,4.0,3.0,4.0,2.0,4.0,4.0,4.0,5.0,5.0,4.0,5.0,3.0,4.0,7.0,3.0,3.0,3.0,2.0,4.0,3.0,3.0,4.0,3.0,3.0,5.0,2.0,2.0,3.0,4.0,4.0,3.0,4.0,3.0,4.0,3.0
E0809,Other (24),US,3-5y,junior,onsite,2,3.0,4.0,3.0,7.0,3.0,4.0,4.0,4.0,3.0,3.0,3.0,3.0,3.0,3.0,4.0,3.0,4.0,3.0,3.0,5.0,5.0,4.0,3.0,5.0,4.0,4.0,3.0,5.0,3.0,4.0,4.0,4.0,4.0,3.0,3.0,4.0,4.0,4.0,4.0,5.0,4.0,5.0,4.0,3.0,5.0,4.0,5.0,4.0,5.0
E0810,D,UK,<1y,lead,hybrid,2,3.0,4.0,5.0,4.0,3.0,3.0,3.0,4.0,4.0,5.0,4.0,5.0,4.0,4.0,5.0,4.0,2.0,4.0,3.0,4.0,3.0,5.0,4.0,5.0,5.0,3.0,4.0,4.0,4.0,3.0,3.0,3.0,2.0,3.0,4.0,3.0,3.0,4.0,4.0,4.0,4.0,4.0,3.0,4.0,3.0,4.0,5.0,3.0,3.0
E0811,C,India,1-3y,mid,hybrid,2,3.0,3.0,4.0,7.0,3.0,4.0,3.0,2.0,3.0,2.0,3.0,2.0,5.0,2.0,3.0,3.0,2.0,4.0,2.0,4.0,2.0,2.0,3.0,3.0,3.0,5.0,3.0,10.0,2.0,3.0,4.0,2.0,2.0,2.0,3.0,2.0,2.0,3.0,2.0,3.0,5.0,5.0,5.0,4.0,4.0,4.0,4.0,3.0,4.0
E0812,M,UK,<1y,senior,hybrid,2,3.0,3.0,3.0,8.0,3.0,3.0,4.0,4.0,2.0,2.0,3.0,3.0,3.0,2.0,3.0,4.0,2.0,2.0,3.0,3.0,3.0,2.0,2.0,2.0,3.0,3.0,2.0,6.0,2.0,3.0,4.0,3.0,3.0,3.0,3.0,3.0,3.0,4.0,3.0,4.0,3.0,4.0,3.0,3.0,4.0,3.0,3.0,5.0,4.0
E0813,L,US,<1y,senior,hybrid,2,3.0,3.0,5.0,8.0,5.0,4.0,3.0,4.0,5.0,3.0,2.0,4.0,4.0,4.0,4.0,4.0,2.0,2.0,3.0,5.0,4.0,4.0,4.0,5.0,3.0,3.0,4.0,10.0,3.0,2.0,4.0,3.0,3.0,2.0,4.0,4.0,3.0,5.0,5.0,5.0,4.0,4.0,5.0,4.0,2.0,4.0,4.0,5.0,3.0
E0814,Q,India,1-3y,senior,remote,2,5.0,4.0,4.0,8.0,5.0,5.0,5.0,5.0,5.0,4.0,5.0,4.0,4.0,4.0,5.0,5.0,4.0,4.0,5.0,4.0,5.0,3.0,3.0,4.0,5.0,4.0,4.0,7.0,4.0,3.0,5.0,5.0,3.0,4.0,3.0,4.0,5.0,3.0,4.0,4.0,3.0,3.0,4.0,5.0,4.0,5.0,4.0,5.0,4.0
E0815,R,US,1-3y,mid,hybrid,2,3.0,4.0,4.0,7.0,4.0,4.0,3.0,5.0,5.0,4.0,4.0,4.0,3.0,3.0,4.0,4.0,3.0,2.0,4.0,3.0,2.0,5.0,3.0,3.0,4.0,4.0,4.0,9.0,4.0,3.0,4.0,2.0,3.0,4.0,4.0,4.0,4.0,4.0,3.0,5.0,5.0,5.0,5.0,4.0,4.0,5.0,5.0,5.0,5.0
E0816,K,India,1-3y,mid,remote,2,4.0,3.0,4.0,7.0,3.0,2.0,3.0,4.0,3.0,4.0,4.0,4.0,2.0,3.0,3.0,4.0,1.0,3.0,4.0,4.0,4.0,5.0,4.0,3.0,4.0,3.0,4.0,4.0,4.0,1.0,5.0,2.0,2.0,3.0,5.0,5.0,4.0,4.0,5.0,4.0,4.0,2.0,3.0,3.0,4.0,3.0,4.0,3.0,2.0
E0817,D,India,>5y,senior,remote,2,3.0,4.0,5.0,10.0,5.0,4.0,3.0,4.0,4.0,5.0,4.0,4.0,3.0,3.0,5.0,5.0,3.0,3.0,4.0,4.0,4.0,5.0,5.0,5.0,4.0,5.0,4.0,6.0,4.0,3.0,4.0,2.0,2.0,5.0,4.0,4.0,4.0,4.0,4.0,4.0,4.0,3.0,4.0,4.0,3.0,3.0,3.0,5.0,4.0
E0818,Other (24),Israel,>5y,senior,onsite,2,2.0,3.0,3.0,8.0,4.0,4.0,4.0,3.0,2.0,3.0,3.0,3.0,1.0,3.0,3.0,3.0,1.0,5.0,3.0,4.0,4.0,3.0,3.0,4.0,4.0,2.0,3.0,2.0,4.0,2.0,4.0,2.0,2.0,1.0,3.0,4.0,4.0,5.0,4.0,5.0,5.0,3.0,4.0,3.0,2.0,3.0,4.0,3.0,4.0
E0819,P,India,3-5y,junior,hybrid,2,2.0,3.0,4.0,6.0,4.0,2.0,3.0,3.0,3.0,4.0,3.0,4.0,2.0,5.0,2.0,3.0,3.0,3.0,3.0,3.0,2.0,4.0,1.0,5.0,4.0,3.0,5.0,7.0,5.0,2.0,4.0,2.0,1.0,2.0,2.0,2.0,2.0,3.0,4.0,3.0,4.0,2.0,2.0,4.0,3.0,2.0,2.0,1.0,4.0
E0820,N,UK,1-3y,mid,onsite,2,3.0,4.0,4.0,8.0,5.0,4.0,3.0,3.0,3.0,2.0,3.0,2.0,3.0,4.0,4.0,3.0,4.0,2.0,4.0,4.0,4.0,3.0,3.0,3.0,2.0,2.0,3.0,5.0,3.0,3.0,5.0,4.0,4.0,3.0,4.0,3.0,4.0,2.0,3.0,4.0,3.0,3.0,2.0,3.0,4.0,2.0,3.0,1.0,2.0
E0821,Q,UK,1-3y,junior,onsite,2,3.0,3.0,4.0,7.0,3.0,4.0,4.0,2.0,3.0,3.0,2.0,3.0,3.0,4.0,4.0,3.0,4.0,4.0,3.0,4.0,5.0,2.0,4.0,4.0,3.0,3.0,3.0,3.0,3.0,3.0,3.0,1.0,2.0,3.0,2.0,2.0,3.0,2.0,4.0,4.0,2.0,2.0,2.0,3.0,3.0,4.0,4.0,3.0,3.0
E0822,Other (24),US,1-3y,lead,hybrid,2,5.0,4.0,5.0,7.0,3.0,5.0,4.0,4.0,4.0,5.0,4.0,5.0,3.0,4.0,3.0,5.0,3.0,4.0,2.0,5.0,5.0,3.0,5.0,5.0,4.0,2.0,3.0,9.0,4.0,3.0,4.0,4.0,3.0,2.0,4.0,5.0,5.0,3.0,4.0,4.0,5.0,4.0,5.0,3.0,4.0,4.0,5.0,4.0,4.0
E0823,Other (24),India,<1y,senior,hybrid,2,4.0,3.0,3.0,8.0,3.0,4.0,2.0,3.0,4.0,3.0,2.0,2.0,4.0,2.0,2.0,2.0,3.0,3.0,3.0,3.0,4.0,2.0,3.0,3.0,4.0,2.0,3.0,8.0,2.0,3.0,4.0,3.0,4.0,4.0,4.0,3.0,2.0,3.0,3.0,3.0,4.0,5.0,5.0,5.0,3.0,3.0,3.0,4.0,3.0
E0824,E,US,<1y,mid,hybrid,2,4.0,3.0,5.0,8.0,5.0,5.0,4.0,5.0,2.0,3.0,3.0,4.0,3.0,4.0,4.0,3.0,4.0,4.0,3.0,3.0,4.0,4.0,4.0,3.0,3.0,4.0,3.0,8.0,4.0,3.0,4.0,3.0,3.0,3.0,3.0,3.0,4.0,4.0,4.0,4.0,3.0,4.0,4.0,4.0,3.0,5.0,5.0,2.0,2.0
E0825,R,UK,3-5y,senior,onsite,2,4.0,3.0,4.0,8.0,3.0,3.0,3.0,3.0,3.0,5.0,5.0,4.0,2.0,3.0,3.0,4.0,2.0,2.0,2.0,4.0,2.0,4.0,3.0,4.0,5.0,2.0,4.0,7.0,3.0,3.0,3.0,1.0,3.0,2.0,3.0,4.0,4.0,4.0,4.0,3.0,5.0,5.0,5.0,4.0,4.0,5.0,5.0,2.0,3.0
E0826,I,UK,<1y,mid,hybrid,2,4.0,4.0,5.0,7.0,4.0,5.0,4.0,5.0,4.0,4.0,4.0,5.0,4.0,5.0,5.0,4.0,4.0,5.0,4.0,5.0,5.0,5.0,5.0,5.0,5.0,4.0,5.0,8.0,4.0,4.0,5.0,4.0,4.0,3.0,3.0,4.0,4.0,4.0,4.0,4.0,4.0,4.0,4.0,4.0,5.0,5.0,5.0,3.0,2.0
E0827,J,Israel,1-3y,junior,onsite,2,2.0,4.0,2.0,5.0,3.0,2.0,2.0,3.0,2.0,2.0,2.0,3.0,2.0,1.0,2.0,2.0,2.0,3.0,4.0,3.0,2.0,3.0,3.0,3.0,3.0,1.0,3.0,7.0,2.0,2.0,4.0,3.0,1.0,3.0,4.0,4.0,4.0,3.0,3.0,2.0,3.0,3.0,3.0,3.0,2.0,3.0,4.0,3.0,3.0
E0828,Other (24),Israel,>5y,mid,remote,2,5.0,5.0,5.0,8.0,5.0,5.0,5.0,4.0,3.0,5.0,4.0,4.0,2.0,3.0,3.0,4.0,4.0,5.0,4.0,3.0,4.0,4.0,4.0,4.0,4.0,4.0,4.0,7.0,4.0,4.0,5.0,4.0,4.0,2.0,5.0,3.0,5.0,3.0,5.0,4.0,4.0,4.0,5.0,4.0,5.0,4.0,4.0,4.0,4.0
E0829,P,Israel,3-5y,mid,hybrid,2,2.0,4.0,4.0,7.0,4.0,3.0,3.0,5.0,2.0,4.0,4.0,5.0,5.0,5.0,3.0,4.0,2.0,3.0,3.0,3.0,4.0,3.0,5.0,4.0,5.0,3.0,5.0,9.0,4.0,3.0,5.0,3.0,3.0,3.0,3.0,4.0,5.0,5.0,5.0,4.0,2.0,3.0,3.0,4.0,5.0,4.0,3.0,3.0,4.0
E0830,B,US,1-3y,junior,remote,2,4.0,5.0,4.0,7.0,4.0,3.0,4.0,5.0,5.0,4.0,3.0,4.0,4.0,3.0,3.0,3.0,4.0,2.0,5.0,5.0,4.0,2.0,2.0,3.0,5.0,3.0,3.0,10.0,5.0,3.0,5.0,4.0,3.0,4.0,5.0,5.0,5.0,4.0,4.0,4.0,5.0,4.0,4.0,4.0,4.0,2.0,4.0,3.0,4.0
E0831,N,India,1-3y,senior,hybrid,2,2.0,3.0,3.0,6.0,5.0,5.0,3.0,3.0,3.0,3.0,2.0,4.0,4.0,3.0,4.0,4.0,4.0,4.0,2.0,4.0,4.0,5.0,4.0,3.0,3.0,4.0,4.0,6.0,3.0,4.0,5.0,5.0,4.0,4.0,2.0,1.0,1.0,2.0,4.0,3.0,4.0,4.0,5.0,4.0,4.0,5.0,5.0,3.0,5.0
E0832,A,Europe,<1y,senior,hybrid,2,5.0,3.0,3.0,7.0,4.0,3.0,5.0,5.0,2.0,3.0,5.0,4.0,4.0,4.0,5.0,4.0,2.0,4.0,2.0,5.0,4.0,4.0,5.0,5.0,4.0,2.0,5.0,7.0,3.0,4.0,5.0,3.0,4.0,4.0,3.0,4.0,5.0,3.0,4.0,3.0,5.0,3.0,5.0,5.0,4.0,3.0,5.0,3.0,2.0
E0833,N,UK,<1y,mid,remote,2,5.0,5.0,5.0,10.0,5.0,5.0,4.0,5.0,3.0,3.0,4.0,5.0,2.0,4.0,5.0,3.0,3.0,4.0,4.0,5.0,4.0,5.0,4.0,5.0,3.0,4.0,5.0,2.0,5.0,4.0,5.0,3.0,3.0,4.0,5.0,3.0,4.0,4.0,4.0,2.0,2.0,3.0,3.0,3.0,4.0,4.0,4.0,3.0,3.0
E0834,I,Europe,3-5y,junior,remote,2,4.0,4.0,5.0,10.0,5.0,5.0,4.0,5.0,3.0,5.0,4.0,5.0,3.0,5.0,4.0,5.0,3.0,4.0,5.0,5.0,4.0,5.0,5.0,4.0,5.0,3.0,5.0,9.0,5.0,4.0,5.0,4.0,4.0,3.0,3.0,5.0,5.0,4.0,2.0,4.0,5.0,4.0,4.0,5.0,5.0,5.0,5.0,4.0,5.0
E0835,P,US,1-3y,senior,hybrid,2,3.0,4.0,4.0,7.0,5.0,4.0,4.0,4.0,2.0,4.0,3.0,4.0,4.0,4.0,5.0,3.0,2.0,4.0,4.0,3.0,5.0,3.0,2.0,3.0,4.0,3.0,4.0,8.0,4.0,3.0,5.0,3.0,2.0,3.0,5.0,4.0,4.0,4.0,4.0,5.0,4.0,4.0,4.0,3.0,4.0,3.0,4.0,3.0,3.0
E0836,L,US,3-5y,junior,hybrid,2,3.0,4.0,4.0,5.0,4.0,4.0,4.0,3.0,4.0,3.0,3.0,4.0,5.0,4.0,4.0,3.0,3.0,5.0,4.0,5.0,3.0,4.0,4.0,3.0,5.0,2.0,3.0,8.0,2.0,3.0,3.0,2.0,2.0,3.0,5.0,5.0,4.0,3.0,3.0,5.0,3.0,4.0,4.0,5.0,3.0,5.0,4.0,3.0,3.0
E0837,Other (24),India,>5y,mid,hybrid,2,3.0,4.0,3.0,6.0,3.0,5.0,3.0,3.0,3.0,3.0,2.0,4.0,2.0,2.0,3.0,4.0,2.0,3.0,3.0,4.0,4.0,3.0,3.0,3.0,4.0,2.0,3.0,6.0,3.0,3.0,5.0,3.0,3.0,1.0,3.0,3.0,4.0,4.0,4.0,4.0,3.0,4.0,3.0,4.0,4.0,4.0,3.0,3.0,2.0
E0838,D,UK,<1y,senior,hybrid,2,4.0,5.0,5.0,7.0,4.0,4.0,2.0,3.0,3.0,5.0,4.0,4.0,3.0,4.0,3.0,5.0,3.0,3.0,1.0,5.0,3.0,5.0,5.0,4.0,5.0,4.0,4.0,6.0,3.0,4.0,3.0,4.0,4.0,5.0,3.0,3.0,3.0,3.0,3.0,3.0,4.0,4.0,4.0,5.0,5.0,5.0,4.0,3.0,2.0
E0839,C,UK,1-3y,senior,onsite,2,3.0,3.0,4.0,8.0,4.0,2.0,2.0,3.0,4.0,4.0,4.0,3.0,3.0,3.0,3.0,2.0,3.0,3.0,4.0,4.0,3.0,4.0,3.0,3.0,4.0,3.0,4.0,9.0,3.0,2.0,4.0,2.0,3.0,3.0,3.0,3.0,4.0,3.0,4.0,3.0,3.0,2.0,2.0,4.0,3.0,4.0,4.0,4.0,3.0
E0840,Other (24),India,<1y,mid,onsite,2,4.0,3.0,4.0,7.0,4.0,3.0,2.0,4.0,4.0,3.0,3.0,3.0,3.0,3.0,2.0,4.0,2.0,3.0,3.0,4.0,2.0,4.0,3.0,4.0,3.0,1.0,4.0,7.0,3.0,2.0,4.0,2.0,2.0,1.0,3.0,3.0,4.0,4.0,3.0,4.0,4.0,3.0,2.0,3.0,2.0,4.0,5.0,4.0,5.0
E0841,R,Europe,>5y,senior,hybrid,2,4.0,5.0,4.0,9.0,5.0,5.0,5.0,5.0,2.0,4.0,4.0,3.0,4.0,3.0,4.0,5.0,4.0,5.0,4.0,5.0,4.0,4.0,3.0,4.0,5.0,5.0,4.0,9.0,5.0,4.0,5.0,5.0,4.0,4.0,5.0,5.0,5.0,5.0,4.0,5.0,5.0,5.0,5.0,5.0,5.0,5.0,5.0,5.0,4.0
E0842,K,Israel,<1y,mid,remote,2,3.0,3.0,4.0,5.0,2.0,3.0,2.0,2.0,1.0,4.0,4.0,4.0,1.0,4.0,1.0,3.0,3.0,5.0,2.0,4.0,3.0,3.0,3.0,4.0,4.0,4.0,4.0,1.0,4.0,2.0,4.0,3.0,3.0,3.0,2.0,3.0,4.0,3.0,4.0,4.0,3.0,4.0,5.0,4.0,4.0,4.0,4.0,4.0,4.0
E0843,D,US,1-3y,mid,remote,2,5.0,4.0,5.0,6.0,4.0,4.0,5.0,5.0,5.0,4.0,4.0,5.0,4.0,5.0,5.0,5.0,2.0,4.0,4.0,5.0,4.0,5.0,5.0,4.0,5.0,4.0,5.0,6.0,5.0,4.0,5.0,2.0,1.0,4.0,5.0,5.0,5.0,4.0,4.0,4.0,4.0,4.0,3.0,3.0,4.0,3.0,3.0,4.0,3.0
E0844,B,US,1-3y,senior,hybrid,2,4.0,4.0,4.0,7.0,3.0,4.0,4.0,2.0,5.0,4.0,3.0,5.0,4.0,2.0,5.0,3.0,3.0,4.0,2.0,5.0,4.0,3.0,4.0,4.0,4.0,4.0,3.0,10.0,4.0,2.0,4.0,3.0,2.0,3.0,3.0,3.0,3.0,5.0,5.0,5.0,2.0,4.0,4.0,5.0,4.0,5.0,4.0,4.0,5.0
E0845,P,UK,1-3y,mid,onsite,2,4.0,4.0,5.0,9.0,4.0,2.0,3.0,4.0,1.0,5.0,4.0,5.0,2.0,5.0,3.0,3.0,3.0,3.0,3.0,4.0,4.0,4.0,4.0,3.0,5.0,2.0,5.0,5.0,4.0,2.0,5.0,2.0,2.0,3.0,4.0,3.0,3.0,5.0,5.0,4.0,4.0,5.0,3.0,3.0,4.0,4.0,4.0,5.0,4.0
E0846,J,Europe,1-3y,senior,hybrid,2,2.0,3.0,3.0,6.0,4.0,2.0,3.0,3.0,3.0,4.0,4.0,2.0,4.0,3.0,3.0,4.0,5.0,2.0,2.0,5.0,3.0,4.0,3.0,4.0,3.0,3.0,4.0,10.0,3.0,3.0,3.0,4.0,2.0,3.0,3.0,3.0,4.0,4.0,4.0,3.0,5.0,4.0,4.0,4.0,3.0,4.0,4.0,2.0,3.0
E0847,Other (24),UK,>5y,lead,hybrid,2,4.0,4.0,4.0,8.0,5.0,4.0,3.0,3.0,4.0,5.0,4.0,5.0,4.0,3.0,3.0,5.0,1.0,3.0,4.0,5.0,3.0,4.0,4.0,5.0,4.0,2.0,3.0,6.0,4.0,2.0,4.0,3.0,2.0,2.0,5.0,4.0,4.0,4.0,3.0,3.0,4.0,4.0,4.0,4.0,4.0,4.0,5.0,4.0,2.0
E0848,Other (24),US,<1y,senior,remote,2,3.0,3.0,3.0,7.0,2.0,5.0,2.0,2.0,1.0,2.0,3.0,3.0,3.0,2.0,3.0,4.0,2.0,4.0,2.0,3.0,5.0,3.0,1.0,2.0,3.0,2.0,2.0,5.0,2.0,3.0,3.0,2.0,2.0,2.0,3.0,2.0,3.0,1.0,2.0,3.0,4.0,4.0,4.0,4.0,3.0,5.0,4.0,2.0,5.0
E0849,A,India,<1y,mid,onsite,2,4.0,2.0,4.0,6.0,3.0,4.0,5.0,4.0,4.0,5.0,3.0,3.0,4.0,4.0,4.0,4.0,3.0,5.0,3.0,4.0,4.0,5.0,4.0,3.0,4.0,4.0,5.0,9.0,3.0,3.0,4.0,4.0,4.0,4.0,3.0,3.0,4.0,5.0,5.0,4.0,3.0,4.0,3.0,5.0,4.0,5.0,3.0,5.0,5.0
E0850,K,India,>5y,mid,onsite,2,3.0,3.0,5.0,5.0,4.0,5.0,3.0,4.0,4.0,5.0,4.0,5.0,3.0,3.0,3.0,5.0,3.0,4.0,3.0,5.0,3.0,4.0,5.0,4.0,4.0,2.0,5.0,4.0,5.0,2.0,5.0,2.0,3.0,3.0,4.0,4.0,4.0,4.0,5.0,5.0,4.0,5.0,5.0,4.0,3.0,4.0,3.0,5.0,4.0
E0851,E,UK,>5y,senior,remote,2,3.0,5.0,3.0,9.0,5.0,5.0,4.0,5.0,3.0,5.0,3.0,4.0,5.0,2.0,4.0,2.0,2.0,4.0,4.0,4.0,4.0,2.0,4.0,3.0,4.0,3.0,5.0,8.0,4.0,4.0,5.0,3.0,2.0,3.0,3.0,4.0,3.0,2.0,3.0,4.0,1.0,1.0,2.0,2.0,4.0,4.0,4.0,4.0,3.0
E0852,K,US,3-5y,junior,hybrid,2,2.0,2.0,3.0,4.0,3.0,3.0,2.0,4.0,3.0,4.0,3.0,3.0,4.0,3.0,3.0,2.0,2.0,2.0,2.0,3.0,3.0,3.0,3.0,4.0,4.0,2.0,4.0,6.0,4.0,2.0,5.0,1.0,2.0,3.0,4.0,4.0,3.0,4.0,4.0,3.0,4.0,5.0,4.0,3.0,4.0,3.0,3.0,3.0,3.0
E0853,G,UK,3-5y,mid,remote,2,2.0,4.0,3.0,8.0,4.0,3.0,2.0,3.0,3.0,3.0,3.0,4.0,3.0,3.0,3.0,4.0,2.0,3.0,3.0,3.0,3.0,3.0,3.0,3.0,4.0,2.0,3.0,6.0,2.0,2.0,4.0,1.0,3.0,2.0,3.0,4.0,5.0,2.0,4.0,3.0,4.0,4.0,3.0,3.0,3.0,3.0,4.0,2.0,2.0
E0854,E,UK,3-5y,lead,hybrid,2,3.0,4.0,4.0,7.0,3.0,3.0,2.0,4.0,3.0,4.0,1.0,3.0,3.0,2.0,3.0,2.0,1.0,2.0,3.0,4.0,3.0,2.0,3.0,3.0,1.0,4.0,4.0,10.0,4.0,2.0,4.0,3.0,2.0,3.0,3.0,4.0,4.0,4.0,4.0,3.0,3.0,4.0,2.0,3.0,3.0,3.0,4.0,3.0,3.0
E0855,Q,US,3-5y,junior,remote,2,5.0,5.0,4.0,9.0,5.0,5.0,5.0,5.0,3.0,3.0,4.0,5.0,4.0,5.0,5.0,5.0,3.0,4.0,4.0,5.0,4.0,4.0,4.0,5.0,5.0,4.0,5.0,8.0,5.0,3.0,5.0,4.0,4.0,4.0,4.0,4.0,5.0,4.0,5.0,5.0,4.0,4.0,4.0,5.0,4.0,5.0,5.0,4.0,3.0
E0856,Other (24),UK,1-3y,mid,hybrid,2,4.0,5.0,4.0,9.0,5.0,4.0,4.0,4.0,3.0,3.0,4.0,4.0,4.0,4.0,2.0,4.0,2.0,3.0,5.0,4.0,4.0,4.0,3.0,3.0,4.0,2.0,3.0,9.0,3.0,1.0,5.0,2.0,2.0,3.0,3.0,5.0,4.0,3.0,4.0,3.0,5.0,4.0,4.0,3.0,4.0,3.0,3.0,4.0,5.0
E0857,M,Europe,<1y,mid,hybrid,2,4.0,5.0,5.0,7.0,4.0,4.0,4.0,3.0,3.0,3.0,4.0,3.0,3.0,3.0,2.0,3.0,3.0,3.0,3.0,4.0,3.0,3.0,3.0,3.0,4.0,4.0,3.0,3.0,3.0,4.0,4.0,3.0,3.0,4.0,4.0,4.0,3.0,5.0,4.0,4.0,4.0,2.0,3.0,3.0,4.0,4.0,3.0,4.0,3.0
E0858,J,US,3-5y,mid,onsite,2,5.0,2.0,3.0,1.0,1.0,4.0,3.0,1.0,1.0,3.0,3.0,3.0,2.0,3.0,4.0,4.0,3.0,4.0,2.0,4.0,4.0,3.0,3.0,4.0,3.0,3.0,3.0,5.0,4.0,2.0,3.0,3.0,2.0,2.0,3.0,3.0,3.0,5.0,4.0,4.0,4.0,4.0,3.0,4.0,5.0,5.0,5.0,3.0,3.0
E0859,N,India,3-5y,mid,hybrid,2,2.0,3.0,4.0,9.0,4.0,2.0,1.0,4.0,3.0,3.0,3.0,3.0,2.0,3.0,4.0,3.0,2.0,3.0,3.0,4.0,3.0,4.0,4.0,4.0,3.0,1.0,4.0,5.0,4.0,1.0,4.0,3.0,2.0,3.0,3.0,3.0,2.0,4.0,5.0,4.0,3.0,3.0,3.0,2.0,2.0,3.0,4.0,3.0,4.0
E0860,R,Europe,<1y,mid,hybrid,2,4.0,4.0,4.0,7.0,5.0,2.0,4.0,4.0,4.0,5.0,5.0,5.0,5.0,4.0,2.0,3.0,3.0,4.0,3.0,4.0,4.0,4.0,3.0,3.0,5.0,5.0,3.0,8.0,4.0,4.0,5.0,3.0,3.0,4.0,3.0,4.0,2.0,3.0,3.0,3.0,4.0,3.0,4.0,3.0,4.0,5.0,4.0,3.0,3.0
E0861,L,Europe,>5y,senior,onsite,2,3.0,4.0,5.0,7.0,3.0,2.0,4.0,4.0,4.0,4.0,4.0,4.0,3.0,3.0,3.0,3.0,2.0,3.0,2.0,4.0,3.0,3.0,3.0,3.0,4.0,4.0,4.0,7.0,4.0,3.0,4.0,4.0,3.0,3.0,3.0,4.0,4.0,5.0,3.0,5.0,5.0,4.0,5.0,4.0,5.0,5.0,5.0,5.0,5.0
E0862,P,UK,3-5y,junior,hybrid,2,4.0,4.0,3.0,7.0,5.0,5.0,5.0,3.0,2.0,5.0,3.0,5.0,3.0,4.0,4.0,4.0,3.0,4.0,4.0,3.0,4.0,4.0,4.0,3.0,4.0,4.0,4.0,9.0,5.0,4.0,5.0,3.0,3.0,2.0,3.0,4.0,4.0,4.0,4.0,4.0,5.0,5.0,4.0,5.0,4.0,4.0,5.0,4.0,3.0
E0863,O,UK,<1y,mid,hybrid,2,4.0,5.0,4.0,5.0,3.0,4.0,3.0,3.0,3.0,5.0,3.0,4.0,2.0,2.0,3.0,3.0,2.0,3.0,4.0,3.0,4.0,3.0,3.0,4.0,4.0,2.0,4.0,5.0,3.0,2.0,4.0,3.0,4.0,2.0,5.0,4.0,4.0,2.0,3.0,4.0,4.0,4.0,4.0,3.0,3.0,4.0,4.0,3.0,4.0
E0864,B,US,>5y,junior,hybrid,2,4.0,5.0,5.0,7.0,5.0,5.0,5.0,4.0,5.0,5.0,5.0,5.0,3.0,5.0,5.0,5.0,3.0,3.0,4.0,5.0,4.0,5.0,4.0,5.0,5.0,3.0,5.0,10.0,5.0,2.0,5.0,2.0,3.0,3.0,3.0,4.0,4.0,4.0,4.0,3.0,5.0,5.0,5.0,4.0,2.0,3.0,5.0,4.0,5.0
E0865,E,UK,1-3y,junior,onsite,2,3.0,5.0,5.0,9.0,5.0,3.0,3.0,5.0,2.0,4.0,3.0,4.0,4.0,3.0,3.0,4.0,1.0,2.0,5.0,3.0,2.0,2.0,2.0,4.0,3.0,3.0,4.0,10.0,2.0,3.0,4.0,2.0,3.0,1.0,3.0,4.0,4.0,4.0,4.0,4.0,3.0,3.0,3.0,3.0,2.0,4.0,3.0,5.0,5.0
E0866,H,Israel,1-3y,lead,remote,2,5.0,5.0,5.0,10.0,5.0,4.0,5.0,5.0,4.0,5.0,4.0,5.0,4.0,5.0,5.0,5.0,4.0,4.0,5.0,4.0,5.0,5.0,5.0,5.0,5.0,5.0,5.0,8.0,5.0,5.0,5.0,5.0,4.0,4.0,4.0,5.0,5.0,4.0,5.0,5.0,3.0,5.0,5.0,4.0,4.0,5.0,5.0,4.0,4.0
E0867,Other (24),US,3-5y,lead,hybrid,2,5.0,5.0,5.0,10.0,5.0,5.0,5.0,5.0,4.0,3.0,5.0,5.0,3.0,4.0,5.0,5.0,4.0,5.0,5.0,5.0,5.0,4.0,4.0,5.0,5.0,3.0,4.0,3.0,5.0,3.0,5.0,3.0,4.0,2.0,5.0,4.0,4.0,5.0,5.0,4.0,4.0,5.0,4.0,3.0,4.0,4.0,5.0,5.0,5.0
E0868,R,India,1-3y,mid,hybrid,2,4.0,5.0,3.0,6.0,3.0,4.0,2.0,4.0,2.0,4.0,2.0,3.0,1.0,2.0,2.0,4.0,3.0,2.0,4.0,3.0,2.0,3.0,3.0,3.0,3.0,3.0,3.0,4.0,4.0,3.0,3.0,2.0,3.0,3.0,3.0,2.0,4.0,4.0,3.0,3.0,4.0,2.0,2.0,4.0,4.0,3.0,3.0,3.0,2.0
E0869,K,US,<1y,junior,remote,2,3.0,3.0,3.0,5.0,3.0,3.0,3.0,3.0,3.0,3.0,2.0,3.0,2.0,3.0,2.0,3.0,1.0,3.0,2.0,3.0,3.0,2.0,3.0,3.0,4.0,2.0,3.0,3.0,3.0,1.0,4.0,3.0,1.0,2.0,3.0,3.0,3.0,3.0,4.0,4.0,2.0,2.0,2.0,2.0,3.0,3.0,3.0,3.0,2.0
E0870,Other (24),US,>5y,mid,hybrid,2,3.0,4.0,4.0,5.0,2.0,3.0,3.0,3.0,2.0,3.0,3.0,3.0,3.0,2.0,3.0,3.0,1.0,4.0,2.0,3.0,3.0,3.0,2.0,3.0,3.0,1.0,3.0,6.0,3.0,1.0,4.0,1.0,2.0,1.0,3.0,2.0,4.0,2.0,2.0,3.0,4.0,5.0,4.0,2.0,2.0,4.0,5.0,2.0,4.0
E0871,L,India,1-3y,senior,hybrid,2,3.0,1.0,4.0,5.0,2.0,4.0,3.0,2.0,3.0,5.0,2.0,3.0,3.0,3.0,3.0,4.0,1.0,4.0,2.0,3.0,3.0,3.0,3.0,4.0,4.0,2.0,5.0,8.0,3.0,3.0,2.0,1.0,2.0,2.0,3.0,4.0,3.0,3.0,4.0,2.0,2.0,4.0,3.0,2.0,3.0,4.0,3.0,4.0,2.0
E0872,D,India,1-3y,mid,remote,2,4.0,4.0,4.0,5.0,3.0,4.0,5.0,3.0,5.0,4.0,3.0,4.0,5.0,4.0,5.0,5.0,3.0,4.0,3.0,4.0,3.0,4.0,3.0,4.0,5.0,4.0,5.0,8.0,5.0,4.0,3.0,3.0,3.0,4.0,4.0,4.0,3.0,5.0,4.0,5.0,5.0,4.0,4.0,3.0,4.0,5.0,4.0,4.0,4.0
E0873,F,US,<1y,mid,remote,2,4.0,3.0,4.0,5.0,3.0,4.0,4.0,3.0,3.0,4.0,4.0,5.0,3.0,5.0,5.0,4.0,3.0,4.0,3.0,3.0,4.0,5.0,4.0,4.0,4.0,3.0,5.0,9.0,3.0,3.0,3.0,3.0,5.0,4.0,3.0,4.0,3.0,3.0,2.0,3.0,4.0,3.0,5.0,5.0,4.0,4.0,3.0,4.0,5.0
E0874,E,UK,>5y,junior,hybrid,2,3.0,4.0,4.0,7.0,5.0,5.0,2.0,4.0,4.0,4.0,3.0,3.0,4.0,3.0,4.0,3.0,2.0,4.0,4.0,5.0,2.0,3.0,3.0,4.0,4.0,3.0,3.0,10.0,3.0,3.0,5.0,2.0,3.0,2.0,3.0,4.0,4.0,2.0,4.0,3.0,5.0,4.0,3.0,4.0,2.0,5.0,5.0,3.0,2.0
E0875,Other (24),Europe,1-3y,mid,hybrid,2,3.0,5.0,4.0,7.0,4.0,3.0,3.0,4.0,4.0,3.0,3.0,4.0,5.0,4.0,2.0,4.0,2.0,3.0,4.0,4.0,1.0,4.0,3.0,4.0,5.0,3.0,4.0,10.0,4.0,4.0,5.0,4.0,4.0,3.0,4.0,4.0,3.0,2.0,3.0,3.0,5.0,4.0,5.0,4.0,4.0,3.0,3.0,2.0,4.0
E0876,D,UK,3-5y,senior,hybrid,2,5.0,3.0,5.0,7.0,3.0,5.0,4.0,3.0,4.0,5.0,5.0,4.0,3.0,4.0,5.0,5.0,3.0,5.0,3.0,4.0,4.0,5.0,5.0,4.0,5.0,4.0,5.0,5.0,3.0,4.0,4.0,3.0,3.0,4.0,3.0,3.0,4.0,3.0,4.0,3.0,3.0,4.0,4.0,3.0,4.0,5.0,5.0,5.0,4.0
E0877,F,Europe,<1y,senior,hybrid,2,4.0,4.0,4.0,6.0,4.0,3.0,4.0,5.0,3.0,3.0,4.0,4.0,2.0,4.0,3.0,4.0,4.0,4.0,3.0,3.0,3.0,5.0,5.0,5.0,3.0,3.0,4.0,8.0,4.0,3.0,3.0,4.0,3.0,4.0,4.0,5.0,3.0,4.0,3.0,4.0,4.0,4.0,4.0,4.0,4.0,4.0,4.0,3.0,4.0
E0878,I,US,<1y,junior,onsite,2,5.0,4.0,5.0,9.0,4.0,5.0,5.0,5.0,2.0,4.0,4.0,5.0,3.0,5.0,4.0,4.0,3.0,5.0,5.0,5.0,4.0,5.0,3.0,5.0,5.0,2.0,3.0,7.0,4.0,3.0,4.0,3.0,3.0,5.0,5.0,4.0,5.0,5.0,5.0,4.0,4.0,4.0,5.0,4.0,4.0,3.0,4.0,4.0,3.0
E0879,H,Israel,1-3y,junior,hybrid,2,4.0,5.0,5.0,9.0,5.0,5.0,4.0,4.0,4.0,4.0,4.0,3.0,4.0,4.0,4.0,5.0,4.0,4.0,5.0,3.0,4.0,5.0,5.0,5.0,5.0,3.0,4.0,8.0,3.0,4.0,5.0,4.0,4.0,4.0,4.0,4.0,5.0,5.0,5.0,5.0,5.0,5.0,5.0,3.0,4.0,5.0,5.0,5.0,4.0
E0880,E,US,1-3y,mid,hybrid,2,3.0,3.0,5.0,7.0,4.0,3.0,3.0,4.0,3.0,5.0,4.0,5.0,3.0,4.0,3.0,4.0,1.0,3.0,4.0,5.0,3.0,5.0,3.0,4.0,5.0,2.0,5.0,8.0,3.0,4.0,4.0,3.0,2.0,2.0,4.0,3.0,4.0,3.0,2.0,3.0,3.0,3.0,4.0,4.0,4.0,5.0,5.0,4.0,4.0
E0881,M,Europe,3-5y,senior,hybrid,2,3.0,3.0,5.0,7.0,4.0,3.0,3.0,4.0,3.0,5.0,3.0,4.0,3.0,3.0,2.0,3.0,2.0,3.0,3.0,4.0,3.0,3.0,5.0,3.0,5.0,2.0,4.0,5.0,3.0,2.0,4.0,2.0,1.0,2.0,4.0,4.0,4.0,3.0,4.0,4.0,3.0,5.0,3.0,3.0,3.0,3.0,4.0,4.0,4.0
E0882,G,US,>5y,senior,hybrid,2,3.0,4.0,4.0,7.0,4.0,2.0,3.0,4.0,2.0,4.0,4.0,3.0,1.0,4.0,4.0,3.0,3.0,3.0,2.0,4.0,2.0,4.0,2.0,2.0,4.0,3.0,3.0,5.0,4.0,1.0,4.0,3.0,4.0,2.0,4.0,3.0,4.0,5.0,3.0,4.0,3.0,4.0,4.0,5.0,3.0,3.0,4.0,3.0,3.0
E0883,R,Israel,1-3y,mid,hybrid,2,3.0,4.0,3.0,6.0,2.0,4.0,3.0,4.0,2.0,4.0,4.0,3.0,2.0,2.0,3.0,3.0,2.0,3.0,3.0,2.0,5.0,3.0,3.0,2.0,5.0,4.0,2.0,7.0,3.0,3.0,4.0,3.0,3.0,4.0,4.0,4.0,3.0,4.0,4.0,5.0,5.0,4.0,4.0,4.0,4.0,4.0,4.0,3.0,3.0
E0884,M,US,1-3y,senior,remote,2,4.0,4.0,5.0,7.0,5.0,4.0,4.0,4.0,4.0,5.0,5.0,5.0,3.0,4.0,3.0,5.0,3.0,3.0,3.0,5.0,4.0,5.0,5.0,5.0,5.0,5.0,5.0,7.0,5.0,3.0,3.0,3.0,4.0,5.0,4.0,5.0,4.0,4.0,4.0,5.0,5.0,4.0,4.0,5.0,5.0,5.0,4.0,4.0,5.0
E0885,C,US,1-3y,mid,hybrid,2,3.0,4.0,4.0,10.0,4.0,3.0,3.0,4.0,4.0,5.0,3.0,4.0,3.0,2.0,4.0,4.0,4.0,4.0,2.0,5.0,4.0,3.0,4.0,4.0,5.0,3.0,3.0,5.0,2.0,2.0,5.0,2.0,2.0,2.0,5.0,5.0,5.0,5.0,5.0,4.0,3.0,4.0,3.0,4.0,4.0,3.0,2.0,2.0,2.0
E0886,R,US,1-3y,mid,remote,2,3.0,4.0,4.0,6.0,4.0,4.0,3.0,4.0,4.0,5.0,4.0,4.0,2.0,3.0,4.0,4.0,3.0,3.0,3.0,4.0,4.0,3.0,3.0,3.0,5.0,5.0,4.0,7.0,4.0,5.0,5.0,3.0,5.0,5.0,4.0,4.0,4.0,4.0,4.0,4.0,3.0,3.0,4.0,5.0,5.0,3.0,4.0,4.0,5.0
E0887,O,US,1-3y,mid,hybrid,2,4.0,5.0,5.0,9.0,5.0,5.0,4.0,4.0,2.0,3.0,4.0,3.0,2.0,4.0,4.0,4.0,3.0,3.0,4.0,3.0,4.0,4.0,4.0,4.0,4.0,3.0,3.0,1.0,3.0,2.0,4.0,2.0,4.0,4.0,3.0,5.0,5.0,4.0,5.0,4.0,4.0,4.0,4.0,4.0,4.0,4.0,3.0,4.0,4.0
E0888,O,Israel,>5y,senior,remote,2,4.0,5.0,5.0,6.0,5.0,4.0,3.0,4.0,4.0,4.0,4.0,3.0,4.0,3.0,4.0,4.0,3.0,4.0,3.0,5.0,4.0,4.0,5.0,4.0,4.0,3.0,4.0,8.0,3.0,3.0,5.0,3.0,1.0,2.0,5.0,5.0,5.0,3.0,2.0,2.0,5.0,4.0,3.0,4.0,3.0,5.0,4.0,3.0,3.0
E0889,R,Europe,3-5y,junior,hybrid,2,2.0,2.0,4.0,5.0,3.0,4.0,3.0,4.0,3.0,4.0,3.0,3.0,2.0,2.0,2.0,2.0,2.0,2.0,2.0,3.0,2.0,4.0,2.0,2.0,4.0,2.0,3.0,8.0,3.0,2.0,3.0,2.0,3.0,2.0,3.0,2.0,2.0,3.0,3.0,2.0,2.0,2.0,2.0,3.0,2.0,4.0,3.0,4.0,3.0
E0890,D,US,1-3y,junior,remote,2,4.0,5.0,4.0,7.0,5.0,4.0,3.0,4.0,5.0,5.0,4.0,5.0,3.0,4.0,5.0,4.0,2.0,2.0,5.0,4.0,3.0,4.0,4.0,4.0,4.0,4.0,4.0,7.0,4.0,4.0,5.0,2.0,3.0,4.0,3.0,4.0,3.0,4.0,4.0,5.0,3.0,3.0,3.0,3.0,2.0,4.0,5.0,3.0,4.0
E0891,H,Europe,1-3y,mid,hybrid,2,5.0,5.0,5.0,10.0,5.0,5.0,5.0,5.0,5.0,4.0,4.0,3.0,4.0,4.0,3.0,5.0,4.0,4.0,5.0,2.0,4.0,4.0,4.0,5.0,5.0,5.0,5.0,10.0,5.0,4.0,5.0,5.0,4.0,4.0,3.0,4.0,4.0,3.0,4.0,3.0,4.0,4.0,4.0,4.0,4.0,5.0,5.0,4.0,3.0
E0892,M,India,>5y,mid,hybrid,2,3.0,4.0,5.0,9.0,5.0,4.0,5.0,4.0,4.0,2.0,3.0,4.0,4.0,2.0,3.0,3.0,2.0,4.0,4.0,4.0,3.0,3.0,3.0,3.0,4.0,4.0,3.0,7.0,2.0,3.0,5.0,2.0,3.0,4.0,4.0,5.0,3.0,4.0,4.0,4.0,3.0,3.0,3.0,4.0,4.0,4.0,4.0,3.0,3.0
E0893,R,US,1-3y,mid,remote,2,5.0,5.0,4.0,8.0,4.0,5.0,3.0,4.0,3.0,4.0,4.0,4.0,2.0,3.0,3.0,4.0,2.0,3.0,4.0,4.0,4.0,5.0,2.0,4.0,5.0,3.0,4.0,4.0,4.0,4.0,5.0,2.0,4.0,3.0,4.0,5.0,4.0,4.0,4.0,5.0,5.0,4.0,5.0,4.0,4.0,3.0,4.0,4.0,3.0
E0894,J,India,1-3y,mid,remote,2,3.0,4.0,4.0,7.0,4.0,4.0,3.0,4.0,2.0,4.0,3.0,4.0,3.0,4.0,3.0,3.0,2.0,3.0,3.0,5.0,4.0,4.0,5.0,3.0,3.0,2.0,4.0,7.0,3.0,3.0,4.0,3.0,2.0,3.0,3.0,5.0,5.0,4.0,4.0,4.0,3.0,3.0,4.0,4.0,4.0,4.0,5.0,4.0,4.0
E0895,Other (24),US,<1y,junior,remote,2,3.0,5.0,3.0,10.0,5.0,4.0,2.0,5.0,3.0,5.0,4.0,3.0,2.0,3.0,3.0,5.0,3.0,4.0,4.0,3.0,2.0,5.0,4.0,3.0,4.0,3.0,4.0,6.0,3.0,2.0,5.0,4.0,5.0,4.0,5.0,4.0,5.0,4.0,3.0,4.0,3.0,3.0,2.0,4.0,5.0,5.0,5.0,4.0,4.0
E0896,A,US,3-5y,senior,hybrid,2,5.0,4.0,3.0,9.0,3.0,5.0,4.0,4.0,4.0,4.0,4.0,4.0,3.0,4.0,4.0,4.0,3.0,5.0,4.0,3.0,4.0,3.0,5.0,4.0,4.0,3.0,4.0,10.0,4.0,4.0,5.0,4.0,3.0,3.0,4.0,4.0,2.0,5.0,5.0,5.0,4.0,5.0,5.0,5.0,4.0,4.0,4.0,5.0,5.0
E0897,Other (24),Israel,1-3y,junior,remote,2,4.0,2.0,2.0,10.0,4.0,5.0,3.0,3.0,4.0,4.0,4.0,4.0,4.0,3.0,3.0,4.0,3.0,4.0,2.0,4.0,4.0,4.0,2.0,5.0,4.0,2.0,3.0,8.0,3.0,3.0,3.0,4.0,3.0,4.0,5.0,3.0,4.0,5.0,5.0,5.0,4.0,3.0,4.0,4.0,4.0,4.0,4.0,5.0,3.0
E0898,Other (24),Europe,3-5y,junior,hybrid,2,2.0,4.0,2.0,8.0,5.0,3.0,3.0,3.0,4.0,4.0,3.0,5.0,3.0,3.0,3.0,4.0,2.0,4.0,4.0,5.0,3.0,3.0,4.0,4.0,4.0,1.0,4.0,5.0,3.0,1.0,3.0,3.0,2.0,1.0,4.0,3.0,5.0,3.0,3.0,3.0,3.0,3.0,3.0,3.0,3.0,3.0,3.0,3.0,4.0
E0899,Other (24),UK,1-3y,mid,hybrid,2,3.0,4.0,4.0,10.0,5.0,4.0,4.0,4.0,3.0,3.0,3.0,4.0,2.0,4.0,2.0,4.0,3.0,4.0,4.0,5.0,3.0,2.0,3.0,5.0,4.0,2.0,4.0,8.0,3.0,4.0,4.0,4.0,3.0,3.0,5.0,4.0,4.0,4.0,3.0,2.0,3.0,4.0,3.0,5.0,5.0,3.0,3.0,4.0,4.0
E0900,N,UK,>5y,lead,remote,2,3.0,4.0,3.0,10.0,5.0,4.0,3.0,5.0,3.0,4.0,2.0,3.0,2.0,3.0,5.0,3.0,5.0,4.0,5.0,3.0,3.0,3.0,3.0,4.0,2.0,4.0,3.0,5.0,4.0,4.0,5.0,4.0,4.0,5.0,4.0,4.0,4.0,4.0,4.0,4.0,4.0,5.0,5.0,5.0,4.0,3.0,5.0,4.0,3.0
E0901,Other (24),Europe,1-3y,lead,hybrid,2,4.0,5.0,3.0,8.0,4.0,4.0,4.0,3.0,3.0,4.0,3.0,4.0,4.0,3.0,3.0,5.0,2.0,4.0,4.0,4.0,3.0,3.0,3.0,4.0,3.0,2.0,3.0,7.0,4.0,2.0,4.0,2.0,3.0,3.0,5.0,4.0,5.0,4.0,4.0,4.0,3.0,2.0,3.0,3.0,3.0,5.0,5.0,3.0,4.0
E0902,Other (24),Europe,<1y,senior,hybrid,2,4.0,4.0,3.0,8.0,3.0,5.0,4.0,4.0,2.0,4.0,3.0,4.0,3.0,3.0,4.0,5.0,4.0,5.0,3.0,3.0,5.0,3.0,4.0,5.0,3.0,2.0,5.0,5.0,4.0,3.0,5.0,4.0,4.0,4.0,5.0,5.0,5.0,4.0,5.0,5.0,4.0,4.0,4.0,4.0,5.0,5.0,5.0,4.0,4.0
E0903,Other (24),Europe,<1y,mid,hybrid,2,4.0,3.0,4.0,8.0,4.0,5.0,4.0,4.0,2.0,3.0,4.0,4.0,2.0,4.0,4.0,4.0,3.0,5.0,2.0,5.0,5.0,4.0,2.0,5.0,4.0,2.0,3.0,4.0,4.0,1.0,3.0,2.0,2.0,3.0,3.0,3.0,3.0,5.0,4.0,4.0,2.0,4.0,3.0,4.0,3.0,2.0,5.0,4.0,3.0
E0904,E,Israel,<1y,mid,hybrid,2,2.0,4.0,3.0,7.0,4.0,2.0,2.0,4.0,2.0,3.0,2.0,4.0,2.0,1.0,3.0,1.0,3.0,2.0,3.0,3.0,1.0,2.0,3.0,3.0,3.0,4.0,2.0,6.0,2.0,4.0,4.0,3.0,2.0,3.0,3.0,3.0,3.0,3.0,4.0,4.0,4.0,3.0,3.0,3.0,2.0,3.0,2.0,2.0,3.0
E0905,A,India,<1y,junior,remote,2,3.0,3.0,4.0,7.0,3.0,4.0,4.0,3.0,2.0,5.0,3.0,4.0,3.0,5.0,2.0,5.0,3.0,3.0,3.0,4.0,3.0,3.0,4.0,5.0,4.0,3.0,4.0,6.0,3.0,2.0,3.0,3.0,4.0,3.0,3.0,3.0,2.0,3.0,4.0,5.0,4.0,5.0,4.0,4.0,3.0,4.0,5.0,5.0,3.0
E0906,M,Israel,<1y,lead,hybrid,2,2.0,4.0,4.0,9.0,5.0,4.0,3.0,4.0,3.0,4.0,3.0,5.0,3.0,4.0,2.0,5.0,3.0,2.0,4.0,5.0,3.0,2.0,4.0,4.0,4.0,5.0,2.0,6.0,3.0,4.0,4.0,3.0,2.0,4.0,4.0,4.0,3.0,4.0,5.0,5.0,5.0,5.0,3.0,5.0,5.0,4.0,3.0,3.0,5.0
E0907,N,US,1-3y,junior,hybrid,2,4.0,5.0,5.0,7.0,4.0,4.0,3.0,4.0,3.0,4.0,4.0,5.0,4.0,3.0,3.0,4.0,3.0,4.0,5.0,5.0,4.0,5.0,4.0,3.0,3.0,3.0,3.0,7.0,3.0,3.0,4.0,4.0,3.0,4.0,3.0,4.0,4.0,2.0,3.0,4.0,5.0,5.0,5.0,4.0,3.0,4.0,4.0,3.0,4.0
E0908,R,Israel,1-3y,mid,hybrid,2,4.0,3.0,4.0,7.0,3.0,4.0,3.0,5.0,5.0,3.0,3.0,4.0,4.0,3.0,3.0,4.0,3.0,3.0,3.0,4.0,3.0,2.0,3.0,4.0,4.0,3.0,3.0,9.0,4.0,2.0,4.0,2.0,3.0,3.0,4.0,5.0,5.0,4.0,5.0,4.0,5.0,5.0,4.0,4.0,4.0,3.0,4.0,5.0,4.0
E0909,R,Israel,1-3y,mid,hybrid,2,2.0,5.0,3.0,9.0,4.0,2.0,2.0,5.0,3.0,3.0,3.0,3.0,3.0,2.0,2.0,3.0,3.0,2.0,4.0,3.0,3.0,4.0,2.0,3.0,5.0,2.0,3.0,8.0,3.0,1.0,5.0,2.0,3.0,3.0,2.0,4.0,3.0,3.0,2.0,2.0,4.0,5.0,4.0,3.0,2.0,2.0,3.0,4.0,4.0
E0910,A,US,1-3y,junior,hybrid,2,4.0,4.0,4.0,6.0,4.0,4.0,4.0,4.0,4.0,3.0,4.0,4.0,4.0,4.0,4.0,3.0,3.0,4.0,4.0,4.0,3.0,5.0,3.0,5.0,4.0,2.0,4.0,7.0,3.0,4.0,3.0,4.0,4.0,4.0,4.0,4.0,4.0,4.0,4.0,3.0,4.0,4.0,5.0,4.0,3.0,4.0,4.0,3.0,4.0
E0911,K,Europe,1-3y,junior,hybrid,2,4.0,3.0,3.0,5.0,3.0,4.0,2.0,3.0,2.0,3.0,4.0,3.0,3.0,1.0,4.0,3.0,2.0,4.0,2.0,5.0,4.0,3.0,4.0,4.0,3.0,3.0,4.0,7.0,4.0,2.0,4.0,3.0,4.0,3.0,2.0,2.0,3.0,4.0,3.0,3.0,5.0,4.0,5.0,4.0,3.0,4.0,3.0,4.0,5.0
E0912,C,US,1-3y,junior,onsite,2,1.0,3.0,4.0,7.0,2.0,2.0,2.0,4.0,3.0,4.0,3.0,3.0,2.0,3.0,3.0,3.0,3.0,3.0,3.0,4.0,3.0,2.0,3.0,2.0,2.0,4.0,2.0,7.0,3.0,3.0,5.0,2.0,1.0,2.0,4.0,4.0,4.0,4.0,4.0,4.0,2.0,4.0,4.0,3.0,3.0,4.0,5.0,5.0,3.0
E0913,L,Europe,<1y,mid,remote,2,2.0,3.0,4.0,7.0,4.0,5.0,3.0,3.0,4.0,3.0,2.0,3.0,4.0,4.0,3.0,3.0,4.0,3.0,3.0,2.0,4.0,4.0,3.0,3.0,4.0,3.0,4.0,8.0,3.0,3.0,4.0,4.0,2.0,3.0,4.0,4.0,3.0,4.0,3.0,4.0,4.0,4.0,3.0,4.0,4.0,4.0,4.0,3.0,3.0
E0914,Other (24),US,3-5y,mid,onsite,2,3.0,5.0,5.0,8.0,4.0,3.0,3.0,4.0,4.0,3.0,3.0,3.0,3.0,3.0,3.0,4.0,4.0,5.0,4.0,4.0,3.0,3.0,3.0,4.0,4.0,2.0,4.0,9.0,3.0,3.0,5.0,3.0,3.0,3.0,4.0,5.0,4.0,3.0,3.0,4.0,4.0,4.0,3.0,4.0,4.0,3.0,5.0,5.0,4.0
E0915,F,US,3-5y,senior,remote,2,4.0,3.0,2.0,4.0,3.0,4.0,3.0,3.0,2.0,4.0,2.0,3.0,3.0,4.0,5.0,3.0,3.0,2.0,2.0,3.0,3.0,3.0,3.0,4.0,2.0,3.0,3.0,8.0,3.0,2.0,4.0,4.0,4.0,3.0,4.0,2.0,3.0,4.0,5.0,3.0,3.0,2.0,3.0,4.0,2.0,2.0,4.0,3.0,4.0
E0916,L,UK,1-3y,mid,remote,2,4.0,3.0,3.0,4.0,3.0,4.0,4.0,3.0,4.0,1.0,3.0,3.0,3.0,3.0,4.0,3.0,2.0,3.0,3.0,2.0,2.0,3.0,3.0,4.0,4.0,3.0,3.0,9.0,2.0,4.0,3.0,3.0,4.0,1.0,2.0,2.0,3.0,3.0,4.0,3.0,2.0,3.0,4.0,5.0,4.0,4.0,4.0,4.0,3.0
E0917,A,Israel,3-5y,mid,hybrid,2,4.0,3.0,3.0,6.0,4.0,3.0,4.0,5.0,2.0,3.0,3.0,4.0,1.0,3.0,3.0,4.0,2.0,5.0,3.0,4.0,4.0,4.0,3.0,3.0,4.0,2.0,4.0,5.0,2.0,2.0,3.0,2.0,3.0,2.0,4.0,3.0,3.0,3.0,2.0,4.0,4.0,4.0,4.0,3.0,4.0,4.0,4.0,2.0,4.0
E0918,O,UK,<1y,mid,remote,2,3.0,4.0,4.0,7.0,3.0,2.0,3.0,3.0,1.0,4.0,5.0,3.0,2.0,3.0,4.0,5.0,4.0,4.0,3.0,5.0,4.0,4.0,4.0,4.0,5.0,2.0,4.0,1.0,5.0,2.0,4.0,2.0,4.0,4.0,4.0,3.0,4.0,5.0,5.0,5.0,3.0,2.0,4.0,4.0,4.0,4.0,3.0,4.0,5.0
E0919,Other (24),Israel,1-3y,mid,onsite,2,4.0,5.0,4.0,10.0,3.0,5.0,4.0,4.0,4.0,4.0,4.0,3.0,3.0,2.0,3.0,3.0,3.0,4.0,3.0,4.0,5.0,3.0,2.0,4.0,4.0,3.0,4.0,9.0,3.0,4.0,4.0,4.0,3.0,2.0,4.0,4.0,4.0,4.0,4.0,5.0,4.0,3.0,3.0,4.0,5.0,4.0,4.0,3.0,3.0
E0920,L,Israel,3-5y,mid,hybrid,2,5.0,4.0,4.0,6.0,4.0,5.0,3.0,3.0,3.0,4.0,4.0,4.0,4.0,3.0,3.0,4.0,2.0,4.0,4.0,5.0,3.0,4.0,4.0,4.0,4.0,3.0,4.0,8.0,3.0,2.0,4.0,2.0,3.0,2.0,4.0,4.0,4.0,5.0,5.0,4.0,3.0,4.0,4.0,2.0,3.0,3.0,4.0,4.0,3.0
E0921,H,Israel,1-3y,senior,hybrid,2,5.0,5.0,5.0,10.0,5.0,5.0,5.0,5.0,5.0,4.0,5.0,4.0,5.0,3.0,5.0,4.0,3.0,5.0,5.0,4.0,5.0,5.0,4.0,4.0,4.0,5.0,3.0,10.0,4.0,5.0,5.0,4.0,4.0,3.0,5.0,5.0,5.0,5.0,5.0,5.0,5.0,5.0,5.0,4.0,4.0,3.0,4.0,5.0,4.0
E0922,Other (24),US,3-5y,mid,hybrid,2,3.0,4.0,2.0,8.0,4.0,3.0,4.0,4.0,3.0,4.0,1.0,2.0,2.0,2.0,2.0,3.0,2.0,2.0,4.0,3.0,3.0,2.0,3.0,3.0,4.0,2.0,3.0,5.0,2.0,3.0,4.0,4.0,3.0,2.0,4.0,3.0,4.0,5.0,4.0,4.0,4.0,5.0,4.0,3.0,4.0,4.0,3.0,3.0,4.0
E0923,G,UK,1-3y,mid,hybrid,2,4.0,4.0,4.0,9.0,4.0,4.0,3.0,3.0,2.0,4.0,4.0,5.0,3.0,4.0,4.0,4.0,2.0,5.0,3.0,3.0,4.0,4.0,3.0,5.0,4.0,2.0,4.0,7.0,3.0,1.0,3.0,2.0,2.0,2.0,3.0,5.0,4.0,4.0,4.0,4.0,4.0,4.0,4.0,3.0,3.0,3.0,3.0,3.0,4.0
E0924,N,Europe,3-5y,junior,onsite,2,3.0,4.0,5.0,9.0,3.0,4.0,3.0,4.0,2.0,3.0,4.0,5.0,3.0,4.0,5.0,4.0,4.0,3.0,3.0,5.0,4.0,4.0,4.0,5.0,4.0,5.0,5.0,4.0,4.0,3.0,4.0,5.0,4.0,5.0,4.0,3.0,5.0,5.0,5.0,4.0,5.0,5.0,5.0,4.0,4.0,4.0,4.0,2.0,3.0
E0925,N,Europe,>5y,lead,remote,2,3.0,5.0,3.0,10.0,5.0,5.0,3.0,4.0,3.0,3.0,4.0,3.0,3.0,3.0,5.0,3.0,4.0,3.0,5.0,5.0,4.0,5.0,5.0,4.0,3.0,3.0,4.0,7.0,3.0,3.0,5.0,3.0,4.0,4.0,5.0,5.0,5.0,4.0,4.0,3.0,3.0,3.0,4.0,4.0,3.0,3.0,5.0,4.0,5.0
E0926,D,Europe,>5y,junior,hybrid,2,4.0,3.0,5.0,8.0,4.0,5.0,3.0,4.0,5.0,5.0,4.0,5.0,4.0,4.0,5.0,4.0,4.0,3.0,3.0,4.0,4.0,5.0,5.0,4.0,5.0,4.0,5.0,8.0,4.0,3.0,5.0,4.0,4.0,5.0,5.0,5.0,5.0,4.0,4.0,4.0,5.0,5.0,5.0,5.0,5.0,5.0,5.0,4.0,4.0
E0927,P,UK,1-3y,lead,hybrid,2,3.0,4.0,4.0,4.0,5.0,3.0,2.0,4.0,3.0,4.0,4.0,4.0,4.0,4.0,3.0,4.0,2.0,3.0,3.0,3.0,4.0,3.0,3.0,3.0,4.0,1.0,4.0,7.0,5.0,2.0,5.0,1.0,1.0,2.0,5.0,3.0,3.0,3.0,4.0,4.0,4.0,4.0,4.0,2.0,2.0,3.0,4.0,3.0,4.0
E0928,O,Europe,>5y,junior,hybrid,2,4.0,4.0,5.0,4.0,4.0,3.0,3.0,3.0,3.0,4.0,3.0,5.0,3.0,3.0,4.0,5.0,3.0,3.0,4.0,5.0,3.0,5.0,5.0,5.0,5.0,3.0,4.0,5.0,5.0,2.0,3.0,3.0,3.0,3.0,4.0,5.0,2.0,4.0,5.0,4.0,4.0,4.0,4.0,3.0,3.0,5.0,5.0,5.0,4.0
E0929,N,India,1-3y,mid,hybrid,2,1.0,4.0,3.0,8.0,4.0,3.0,2.0,3.0,3.0,3.0,3.0,3.0,3.0,4.0,4.0,2.0,3.0,3.0,2.0,4.0,3.0,3.0,4.0,4.0,4.0,3.0,2.0,5.0,5.0,4.0,4.0,3.0,2.0,4.0,2.0,4.0,3.0,3.0,2.0,2.0,4.0,3.0,4.0,3.0,3.0,2.0,3.0,3.0,2.0
E0930,F,Israel,1-3y,mid,remote,2,3.0,3.0,4.0,4.0,4.0,4.0,4.0,3.0,3.0,5.0,3.0,4.0,3.0,4.0,4.0,3.0,3.0,4.0,2.0,3.0,4.0,5.0,4.0,4.0,4.0,3.0,5.0,8.0,4.0,1.0,3.0,3.0,2.0,1.0,3.0,4.0,5.0,2.0,4.0,5.0,3.0,4.0,3.0,3.0,3.0,4.0,4.0,5.0,3.0
E0931,Other (24),UK,<1y,senior,hybrid,2,4.0,3.0,3.0,5.0,3.0,4.0,5.0,2.0,2.0,3.0,2.0,2.0,3.0,3.0,2.0,3.0,2.0,4.0,3.0,3.0,3.0,3.0,3.0,3.0,3.0,1.0,2.0,6.0,3.0,1.0,2.0,2.0,2.0,2.0,3.0,4.0,3.0,3.0,3.0,4.0,3.0,3.0,4.0,3.0,3.0,4.0,3.0,2.0,3.0
E0932,P,Europe,1-3y,mid,hybrid,2,4.0,2.0,4.0,4.0,3.0,4.0,2.0,2.0,1.0,5.0,4.0,5.0,2.0,4.0,4.0,4.0,3.0,4.0,2.0,5.0,4.0,4.0,4.0,5.0,4.0,3.0,3.0,6.0,4.0,4.0,5.0,3.0,3.0,3.0,4.0,3.0,4.0,4.0,2.0,3.0,4.0,5.0,5.0,4.0,5.0,4.0,3.0,4.0,4.0
E0933,P,UK,1-3y,junior,hybrid,2,4.0,4.0,5.0,7.0,4.0,3.0,3.0,3.0,2.0,5.0,3.0,5.0,3.0,3.0,4.0,3.0,2.0,4.0,3.0,3.0,3.0,4.0,2.0,3.0,4.0,3.0,4.0,8.0,4.0,3.0,5.0,2.0,2.0,3.0,4.0,3.0,4.0,4.0,4.0,3.0,3.0,3.0,3.0,4.0,3.0,3.0,3.0,4.0,5.0
E0934,A,US,<1y,mid,hybrid,2,3.0,3.0,4.0,4.0,3.0,3.0,3.0,3.0,1.0,4.0,3.0,3.0,2.0,4.0,3.0,4.0,2.0,3.0,3.0,5.0,3.0,4.0,3.0,4.0,3.0,3.0,4.0,6.0,3.0,4.0,3.0,4.0,4.0,4.0,4.0,3.0,3.0,4.0,3.0,4.0,3.0,5.0,3.0,3.0,4.0,3.0,3.0,3.0,2.0
E0935,R,US,<1y,senior,onsite,2,1.0,4.0,4.0,10.0,3.0,2.0,1.0,5.0,3.0,5.0,4.0,5.0,2.0,3.0,1.0,4.0,2.0,2.0,5.0,4.0,1.0,4.0,4.0,4.0,5.0,2.0,3.0,5.0,4.0,1.0,5.0,3.0,3.0,3.0,3.0,3.0,3.0,4.0,3.0,2.0,3.0,4.0,4.0,3.0,3.0,4.0,4.0,3.0,4.0
E0936,Other (24),US,1-3y,lead,hybrid,2,4.0,4.0,2.0,8.0,4.0,4.0,4.0,4.0,3.0,3.0,1.0,2.0,3.0,1.0,3.0,3.0,3.0,5.0,3.0,2.0,3.0,2.0,2.0,2.0,2.0,2.0,2.0,5.0,1.0,2.0,3.0,3.0,3.0,2.0,5.0,4.0,3.0,4.0,3.0,4.0,4.0,4.0,4.0,3.0,5.0,3.0,3.0,2.0,4.0
E0937,H,Israel,1-3y,junior,onsite,2,5.0,5.0,5.0,10.0,4.0,4.0,4.0,4.0,4.0,5.0,3.0,5.0,3.0,4.0,3.0,4.0,4.0,4.0,5.0,5.0,4.0,4.0,4.0,5.0,4.0,4.0,4.0,8.0,4.0,4.0,4.0,4.0,2.0,4.0,3.0,3.0,3.0,4.0,3.0,3.0,5.0,5.0,4.0,4.0,3.0,3.0,4.0,5.0,3.0
E0938,R,Israel,1-3y,senior,hybrid,2,2.0,3.0,4.0,6.0,3.0,4.0,3.0,5.0,2.0,4.0,5.0,4.0,2.0,4.0,4.0,4.0,1.0,3.0,4.0,3.0,2.0,4.0,4.0,3.0,5.0,3.0,4.0,6.0,4.0,3.0,5.0,3.0,3.0,3.0,3.0,3.0,3.0,2.0,3.0,4.0,5.0,5.0,4.0,3.0,3.0,4.0,5.0,2.0,3.0
E0939,N,UK,<1y,senior,hybrid,2,3.0,5.0,5.0,8.0,5.0,3.0,4.0,4.0,5.0,4.0,5.0,4.0,4.0,3.0,5.0,3.0,3.0,4.0,4.0,4.0,4.0,5.0,4.0,4.0,3.0,2.0,4.0,8.0,4.0,3.0,4.0,3.0,3.0,4.0,3.0,4.0,3.0,4.0,3.0,4.0,4.0,4.0,5.0,2.0,4.0,3.0,4.0,3.0,2.0
E0940,K,UK,1-3y,senior,remote,2,3.0,3.0,4.0,6.0,3.0,3.0,3.0,3.0,2.0,5.0,4.0,3.0,3.0,5.0,3.0,3.0,2.0,3.0,3.0,4.0,2.0,4.0,3.0,4.0,3.0,3.0,4.0,4.0,5.0,2.0,3.0,3.0,2.0,3.0,3.0,2.0,2.0,4.0,4.0,4.0,5.0,2.0,3.0,2.0,2.0,3.0,4.0,4.0,4.0
E0941,Other (24),India,<1y,junior,hybrid,2,2.0,4.0,4.0,8.0,4.0,4.0,3.0,4.0,3.0,4.0,3.0,3.0,3.0,3.0,3.0,4.0,4.0,2.0,3.0,5.0,3.0,3.0,4.0,4.0,4.0,3.0,4.0,6.0,3.0,2.0,4.0,4.0,4.0,3.0,4.0,2.0,3.0,4.0,5.0,4.0,2.0,3.0,3.0,3.0,5.0,3.0,4.0,2.0,3.0
E0942,C,US,>5y,mid,onsite,2,4.0,4.0,5.0,5.0,5.0,4.0,3.0,4.0,3.0,5.0,5.0,5.0,4.0,4.0,4.0,5.0,3.0,5.0,3.0,5.0,3.0,3.0,5.0,5.0,5.0,5.0,5.0,7.0,4.0,2.0,5.0,2.0,2.0,3.0,4.0,4.0,5.0,5.0,4.0,4.0,5.0,5.0,5.0,3.0,5.0,3.0,4.0,4.0,3.0
E0943,B,Europe,1-3y,mid,hybrid,2,5.0,3.0,4.0,6.0,4.0,5.0,3.0,3.0,4.0,5.0,5.0,4.0,4.0,4.0,4.0,4.0,3.0,4.0,3.0,5.0,5.0,4.0,5.0,5.0,5.0,3.0,4.0,5.0,5.0,4.0,3.0,3.0,3.0,3.0,4.0,5.0,3.0,5.0,4.0,5.0,4.0,4.0,3.0,3.0,3.0,5.0,5.0,4.0,3.0
E0944,Other (24),UK,>5y,lead,remote,2,1.0,4.0,2.0,6.0,4.0,2.0,3.0,3.0,4.0,3.0,3.0,4.0,3.0,2.0,2.0,3.0,3.0,2.0,3.0,5.0,3.0,4.0,3.0,4.0,3.0,2.0,2.0,5.0,3.0,2.0,2.0,3.0,2.0,2.0,3.0,4.0,4.0,2.0,4.0,3.0,3.0,4.0,4.0,3.0,4.0,5.0,4.0,2.0,2.0
E0945,R,Europe,3-5y,mid,onsite,2,3.0,4.0,3.0,6.0,4.0,4.0,3.0,3.0,4.0,5.0,4.0,4.0,4.0,3.0,3.0,4.0,3.0,4.0,3.0,3.0,2.0,4.0,2.0,4.0,4.0,4.0,5.0,8.0,4.0,2.0,3.0,3.0,3.0,3.0,4.0,2.0,5.0,5.0,4.0,3.0,5.0,4.0,4.0,4.0,4.0,3.0,5.0,4.0,3.0
E0946,E,Israel,1-3y,lead,hybrid,2,3.0,5.0,5.0,10.0,5.0,4.0,4.0,5.0,3.0,4.0,2.0,3.0,3.0,4.0,3.0,3.0,1.0,3.0,3.0,3.0,3.0,3.0,3.0,3.0,3.0,3.0,3.0,9.0,4.0,4.0,5.0,2.0,3.0,3.0,4.0,4.0,5.0,3.0,4.0,4.0,4.0,2.0,3.0,4.0,4.0,3.0,3.0,4.0,3.0
E0947,F,UK,>5y,mid,hybrid,2,3.0,2.0,2.0,4.0,2.0,3.0,4.0,2.0,3.0,4.0,3.0,3.0,2.0,4.0,3.0,2.0,3.0,3.0,2.0,3.0,3.0,3.0,3.0,3.0,3.0,3.0,3.0,7.0,2.0,4.0,3.0,4.0,3.0,3.0,4.0,4.0,5.0,4.0,4.0,4.0,5.0,5.0,3.0,4.0,5.0,4.0,3.0,4.0,3.0
E0948,F,UK,1-3y,senior,hybrid,2,3.0,3.0,3.0,4.0,2.0,4.0,4.0,3.0,4.0,3.0,3.0,5.0,3.0,3.0,3.0,3.0,3.0,4.0,2.0,3.0,4.0,4.0,4.0,4.0,3.0,4.0,3.0,8.0,3.0,3.0,3.0,2.0,3.0,4.0,4.0,4.0,4.0,5.0,4.0,4.0,4.0,4.0,3.0,3.0,3.0,4.0,4.0,3.0,3.0
E0949,R,Europe,<1y,mid,remote,2,4.0,5.0,4.0,6.0,5.0,5.0,3.0,5.0,3.0,4.0,5.0,4.0,2.0,4.0,4.0,3.0,2.0,3.0,3.0,5.0,4.0,4.0,3.0,3.0,5.0,4.0,4.0,7.0,4.0,3.0,4.0,3.0,3.0,4.0,4.0,5.0,4.0,3.0,4.0,4.0,3.0,3.0,3.0,4.0,4.0,2.0,3.0,3.0,4.0
E0950,Other (24),Europe,1-3y,senior,hybrid,2,4.0,4.0,4.0,8.0,3.0,5.0,4.0,3.0,3.0,4.0,3.0,5.0,3.0,3.0,4.0,5.0,4.0,3.0,4.0,4.0,5.0,3.0,4.0,4.0,3.0,2.0,3.0,6.0,3.0,3.0,4.0,4.0,3.0,3.0,5.0,5.0,4.0,3.0,4.0,4.0,5.0,5.0,4.0,3.0,4.0,4.0,5.0,5.0,5.0
E0951,C,UK,1-3y,junior,remote,2,4.0,3.0,5.0,3.0,4.0,3.0,4.0,3.0,4.0,5.0,3.0,4.0,5.0,3.0,2.0,3.0,2.0,3.0,3.0,4.0,4.0,3.0,5.0,3.0,3.0,1.0,4.0,8.0,4.0,2.0,4.0,3.0,2.0,3.0,4.0,3.0,4.0,4.0,3.0,4.0,5.0,4.0,4.0,2.0,3.0,4.0,3.0,5.0,5.0
E0952,C,US,<1y,mid,hybrid,2,3.0,2.0,4.0,5.0,4.0,4.0,3.0,3.0,4.0,3.0,3.0,3.0,4.0,3.0,3.0,3.0,3.0,3.0,2.0,3.0,2.0,3.0,3.0,3.0,4.0,3.0,3.0,7.0,1.0,2.0,4.0,2.0,2.0,1.0,3.0,3.0,4.0,4.0,3.0,4.0,5.0,4.0,4.0,2.0,3.0,3.0,3.0,3.0,4.0
E0953,M,US,3-5y,lead,remote,2,3.0,3.0,2.0,6.0,3.0,3.0,3.0,3.0,5.0,4.0,2.0,3.0,4.0,2.0,4.0,2.0,2.0,3.0,4.0,4.0,3.0,2.0,4.0,2.0,3.0,3.0,4.0,9.0,2.0,3.0,4.0,2.0,2.0,4.0,4.0,4.0,3.0,4.0,5.0,4.0,1.0,3.0,3.0,3.0,4.0,3.0,5.0,3.0,2.0
E0954,J,US,>5y,mid,remote,2,2.0,1.0,2.0,1.0,1.0,3.0,3.0,2.0,3.0,3.0,2.0,3.0,3.0,2.0,3.0,4.0,3.0,2.0,2.0,3.0,4.0,4.0,3.0,4.0,3.0,2.0,4.0,4.0,1.0,2.0,3.0,3.0,2.0,3.0,3.0,3.0,3.0,2.0,3.0,3.0,5.0,5.0,5.0,4.0,2.0,3.0,3.0,3.0,5.0
E0955,G,Israel,<1y,mid,onsite,2,4.0,5.0,2.0,9.0,4.0,3.0,3.0,4.0,3.0,4.0,3.0,3.0,3.0,2.0,3.0,3.0,3.0,3.0,2.0,4.0,4.0,4.0,3.0,4.0,5.0,2.0,4.0,8.0,3.0,2.0,3.0,3.0,3.0,1.0,5.0,4.0,5.0,4.0,4.0,5.0,4.0,5.0,5.0,5.0,3.0,5.0,5.0,3.0,3.0
E0956,N,Europe,1-3y,junior,hybrid,2,4.0,3.0,3.0,6.0,4.0,3.0,2.0,2.0,4.0,2.0,2.0,3.0,2.0,4.0,5.0,3.0,3.0,4.0,4.0,3.0,2.0,4.0,3.0,2.0,2.0,2.0,3.0,6.0,3.0,3.0,4.0,3.0,3.0,3.0,5.0,4.0,4.0,3.0,4.0,4.0,1.0,4.0,2.0,3.0,4.0,2.0,3.0,2.0,3.0
E0957,B,Europe,3-5y,mid,hybrid,2,2.0,1.0,3.0,3.0,3.0,2.0,3.0,3.0,4.0,4.0,4.0,3.0,4.0,3.0,3.0,3.0,3.0,1.0,2.0,5.0,3.0,4.0,3.0,3.0,5.0,4.0,4.0,8.0,4.0,2.0,3.0,3.0,4.0,4.0,3.0,1.0,2.0,3.0,2.0,3.0,5.0,3.0,4.0,4.0,5.0,2.0,2.0,4.0,4.0
E0958,O,Europe,1-3y,senior,hybrid,2,3.0,4.0,4.0,6.0,3.0,4.0,4.0,4.0,3.0,3.0,3.0,4.0,3.0,4.0,5.0,4.0,4.0,4.0,4.0,2.0,5.0,3.0,4.0,3.0,4.0,4.0,5.0,7.0,5.0,3.0,4.0,3.0,5.0,3.0,2.0,4.0,4.0,3.0,4.0,4.0,5.0,5.0,4.0,3.0,4.0,5.0,4.0,5.0,4.0
E0959,Other (24),US,1-3y,senior,hybrid,2,1.0,4.0,3.0,7.0,5.0,4.0,2.0,5.0,4.0,2.0,3.0,2.0,4.0,2.0,1.0,3.0,2.0,2.0,3.0,4.0,2.0,4.0,1.0,3.0,3.0,2.0,2.0,9.0,2.0,2.0,4.0,3.0,2.0,2.0,4.0,4.0,3.0,4.0,4.0,3.0,3.0,5.0,4.0,3.0,2.0,4.0,4.0,4.0,4.0
E0960,Other (24),US,<1y,junior,hybrid,2,4.0,5.0,4.0,10.0,4.0,5.0,4.0,5.0,3.0,4.0,4.0,4.0,2.0,3.0,4.0,3.0,4.0,4.0,4.0,4.0,3.0,3.0,4.0,3.0,4.0,2.0,3.0,6.0,4.0,3.0,5.0,3.0,4.0,3.0,4.0,5.0,4.0,3.0,4.0,3.0,4.0,4.0,5.0,4.0,5.0,5.0,4.0,4.0,4.0
E0961,I,US,3-5y,mid,hybrid,2,4.0,3.0,5.0,7.0,4.0,5.0,4.0,5.0,3.0,2.0,2.0,3.0,3.0,4.0,4.0,3.0,3.0,5.0,3.0,4.0,5.0,3.0,2.0,3.0,5.0,2.0,3.0,6.0,4.0,2.0,4.0,1.0,1.0,2.0,4.0,3.0,4.0,3.0,4.0,4.0,5.0,3.0,2.0,3.0,3.0,3.0,3.0,4.0,3.0
E0962,R,US,3-5y,mid,onsite,2,4.0,5.0,5.0,7.0,5.0,5.0,3.0,4.0,4.0,5.0,5.0,4.0,4.0,5.0,4.0,5.0,1.0,4.0,4.0,5.0,4.0,5.0,4.0,4.0,5.0,3.0,5.0,9.0,5.0,3.0,5.0,3.0,3.0,3.0,5.0,5.0,5.0,4.0,4.0,3.0,5.0,3.0,5.0,5.0,4.0,5.0,5.0,5.0,3.0
E0963,Other (24),US,3-5y,mid,hybrid,2,3.0,3.0,5.0,7.0,3.0,4.0,3.0,4.0,3.0,4.0,4.0,5.0,3.0,3.0,4.0,4.0,2.0,3.0,2.0,5.0,3.0,4.0,4.0,5.0,5.0,2.0,5.0,7.0,5.0,2.0,3.0,1.0,2.0,3.0,4.0,4.0,4.0,4.0,5.0,4.0,3.0,4.0,4.0,3.0,4.0,3.0,5.0,5.0,5.0
E0964,F,Europe,1-3y,senior,remote,2,3.0,4.0,4.0,4.0,2.0,3.0,2.0,3.0,2.0,3.0,3.0,3.0,2.0,4.0,4.0,4.0,4.0,3.0,3.0,2.0,3.0,3.0,4.0,4.0,3.0,3.0,2.0,5.0,3.0,4.0,3.0,3.0,3.0,3.0,4.0,4.0,4.0,4.0,4.0,5.0,4.0,4.0,4.0,4.0,4.0,5.0,4.0,2.0,3.0
E0965,I,India,3-5y,junior,onsite,2,5.0,4.0,5.0,7.0,5.0,5.0,5.0,5.0,4.0,4.0,4.0,4.0,4.0,5.0,5.0,4.0,3.0,5.0,5.0,5.0,5.0,5.0,4.0,5.0,5.0,3.0,4.0,7.0,4.0,3.0,4.0,2.0,4.0,4.0,5.0,5.0,5.0,5.0,4.0,4.0,5.0,5.0,5.0,4.0,3.0,4.0,4.0,5.0,5.0
E0966,I,US,3-5y,junior,hybrid,2,4.0,5.0,4.0,8.0,4.0,5.0,4.0,5.0,5.0,3.0,4.0,2.0,2.0,4.0,4.0,4.0,3.0,4.0,5.0,5.0,4.0,4.0,4.0,4.0,4.0,3.0,4.0,10.0,4.0,2.0,4.0,3.0,3.0,3.0,4.0,4.0,4.0,5.0,3.0,4.0,4.0,4.0,4.0,1.0,4.0,4.0,3.0,3.0,4.0
E0967,Other (24),Europe,1-3y,junior,hybrid,2,3.0,3.0,5.0,7.0,3.0,4.0,3.0,3.0,4.0,4.0,4.0,4.0,3.0,3.0,3.0,5.0,3.0,4.0,3.0,5.0,3.0,4.0,3.0,3.0,5.0,2.0,4.0,8.0,3.0,2.0,4.0,3.0,3.0,2.0,5.0,5.0,4.0,5.0,5.0,5.0,4.0,4.0,4.0,4.0,4.0,4.0,5.0,3.0,3.0
E0968,Other (24),US,<1y,mid,onsite,2,3.0,3.0,3.0,6.0,3.0,4.0,3.0,3.0,2.0,2.0,2.0,3.0,1.0,1.0,1.0,3.0,1.0,3.0,3.0,2.0,3.0,2.0,2.0,3.0,3.0,1.0,3.0,2.0,1.0,1.0,3.0,1.0,2.0,1.0,3.0,4.0,4.0,4.0,4.0,4.0,3.0,3.0,3.0,3.0,2.0,4.0,3.0,3.0,3.0
E0969,O,US,1-3y,junior,hybrid,2,4.0,5.0,4.0,10.0,5.0,5.0,4.0,4.0,3.0,3.0,3.0,4.0,2.0,3.0,5.0,3.0,4.0,3.0,4.0,4.0,4.0,4.0,4.0,4.0,4.0,2.0,4.0,5.0,3.0,3.0,4.0,4.0,3.0,2.0,5.0,5.0,4.0,3.0,5.0,5.0,4.0,3.0,4.0,3.0,5.0,5.0,4.0,4.0,4.0
E0970,Other (24),Israel,3-5y,mid,hybrid,2,3.0,5.0,4.0,8.0,5.0,5.0,2.0,4.0,3.0,4.0,4.0,4.0,3.0,3.0,4.0,3.0,4.0,4.0,3.0,4.0,2.0,4.0,3.0,4.0,4.0,3.0,4.0,4.0,3.0,3.0,5.0,3.0,4.0,3.0,4.0,5.0,4.0,4.0,4.0,4.0,5.0,5.0,4.0,5.0,5.0,5.0,4.0,4.0,3.0
E0971,B,UK,<1y,junior,hybrid,2,5.0,4.0,4.0,10.0,5.0,3.0,4.0,5.0,4.0,3.0,3.0,3.0,4.0,3.0,4.0,3.0,3.0,4.0,3.0,4.0,3.0,3.0,3.0,4.0,5.0,2.0,2.0,9.0,2.0,2.0,5.0,2.0,2.0,3.0,4.0,4.0,5.0,4.0,4.0,3.0,5.0,4.0,4.0,3.0,4.0,4.0,4.0,5.0,5.0
E0972,Other (24),Europe,1-3y,junior,hybrid,2,3.0,3.0,3.0,7.0,3.0,4.0,3.0,2.0,3.0,2.0,2.0,3.0,3.0,3.0,3.0,3.0,2.0,3.0,3.0,3.0,3.0,2.0,3.0,3.0,4.0,2.0,3.0,6.0,2.0,2.0,2.0,4.0,5.0,3.0,4.0,3.0,2.0,5.0,4.0,5.0,2.0,3.0,3.0,4.0,4.0,3.0,4.0,2.0,3.0
E0973,C,UK,<1y,mid,hybrid,2,1.0,3.0,5.0,6.0,4.0,2.0,1.0,3.0,3.0,3.0,3.0,4.0,4.0,4.0,3.0,4.0,5.0,3.0,3.0,4.0,1.0,4.0,3.0,3.0,3.0,5.0,5.0,8.0,4.0,5.0,4.0,4.0,4.0,4.0,3.0,3.0,3.0,3.0,3.0,3.0,3.0,5.0,5.0,5.0,5.0,4.0,4.0,4.0,3.0
E0974,I,Israel,1-3y,mid,remote,2,3.0,4.0,5.0,10.0,5.0,4.0,3.0,5.0,4.0,4.0,2.0,4.0,3.0,3.0,3.0,4.0,3.0,3.0,5.0,5.0,4.0,5.0,3.0,3.0,4.0,2.0,4.0,7.0,3.0,2.0,5.0,3.0,4.0,2.0,4.0,4.0,3.0,4.0,4.0,5.0,4.0,4.0,3.0,3.0,4.0,4.0,4.0,5.0,4.0
E0975,Other (24),UK,<1y,junior,remote,2,5.0,5.0,4.0,8.0,5.0,5.0,4.0,5.0,3.0,5.0,5.0,5.0,3.0,4.0,4.0,4.0,3.0,4.0,4.0,5.0,4.0,4.0,4.0,5.0,4.0,2.0,4.0,5.0,4.0,3.0,5.0,4.0,4.0,1.0,5.0,5.0,5.0,5.0,5.0,5.0,4.0,4.0,4.0,4.0,5.0,5.0,4.0,5.0,5.0
E0976,Other (24),Israel,1-3y,senior,hybrid,2,3.0,5.0,5.0,8.0,5.0,4.0,5.0,4.0,3.0,5.0,3.0,4.0,3.0,4.0,3.0,5.0,3.0,4.0,3.0,5.0,4.0,4.0,5.0,5.0,5.0,3.0,4.0,5.0,5.0,2.0,4.0,3.0,3.0,2.0,4.0,5.0,4.0,4.0,4.0,5.0,3.0,4.0,3.0,3.0,4.0,3.0,4.0,4.0,4.0
E0977,Other (24),UK,<1y,mid,remote,2,3.0,5.0,5.0,7.0,4.0,5.0,4.0,3.0,3.0,4.0,2.0,4.0,2.0,2.0,3.0,3.0,2.0,4.0,3.0,4.0,4.0,3.0,2.0,4.0,3.0,2.0,2.0,3.0,2.0,3.0,3.0,3.0,3.0,3.0,4.0,5.0,3.0,4.0,3.0,2.0,3.0,3.0,3.0,4.0,4.0,3.0,3.0,4.0,3.0
E0978,Other (24),US,3-5y,senior,hybrid,2,5.0,4.0,3.0,6.0,5.0,5.0,4.0,4.0,3.0,3.0,2.0,3.0,3.0,2.0,5.0,3.0,3.0,4.0,3.0,2.0,4.0,3.0,2.0,3.0,2.0,2.0,3.0,7.0,3.0,3.0,4.0,4.0,3.0,3.0,5.0,5.0,4.0,2.0,4.0,4.0,3.0,3.0,4.0,3.0,5.0,3.0,3.0,3.0,4.0
E0979,Q,US,<1y,senior,remote,2,4.0,4.0,5.0,5.0,4.0,4.0,5.0,4.0,4.0,5.0,5.0,5.0,4.0,5.0,4.0,5.0,3.0,4.0,2.0,5.0,3.0,3.0,4.0,5.0,5.0,2.0,5.0,7.0,5.0,1.0,5.0,2.0,3.0,2.0,3.0,4.0,4.0,4.0,5.0,5.0,5.0,5.0,5.0,4.0,3.0,5.0,4.0,4.0,4.0
E0980,Other (24),UK,<1y,mid,hybrid,2,3.0,4.0,4.0,7.0,5.0,5.0,3.0,3.0,2.0,5.0,5.0,4.0,1.0,3.0,3.0,4.0,3.0,3.0,4.0,5.0,3.0,4.0,4.0,5.0,4.0,1.0,5.0,5.0,4.0,3.0,5.0,3.0,3.0,3.0,4.0,2.0,3.0,4.0,5.0,5.0,4.0,4.0,4.0,4.0,4.0,3.0,3.0,4.0,5.0
E0981,G,US,3-5y,mid,remote,2,4.0,4.0,5.0,5.0,4.0,3.0,3.0,4.0,1.0,4.0,5.0,3.0,2.0,4.0,2.0,4.0,1.0,3.0,2.0,5.0,3.0,4.0,3.0,3.0,4.0,2.0,4.0,4.0,4.0,1.0,4.0,2.0,2.0,1.0,4.0,5.0,5.0,5.0,4.0,3.0,4.0,5.0,4.0,1.0,3.0,3.0,3.0,5.0,3.0
E0982,N,US,3-5y,junior,remote,2,4.0,5.0,4.0,10.0,5.0,4.0,5.0,4.0,4.0,4.0,3.0,3.0,4.0,4.0,5.0,2.0,3.0,4.0,4.0,5.0,4.0,4.0,4.0,3.0,3.0,2.0,4.0,6.0,3.0,3.0,5.0,3.0,3.0,3.0,4.0,4.0,4.0,5.0,5.0,4.0,4.0,4.0,5.0,3.0,3.0,5.0,3.0,4.0,5.0
E0983,Other (24),UK,>5y,mid,onsite,2,4.0,3.0,5.0,8.0,4.0,5.0,4.0,4.0,4.0,4.0,5.0,5.0,4.0,4.0,4.0,5.0,1.0,5.0,3.0,4.0,5.0,5.0,4.0,5.0,4.0,1.0,4.0,8.0,5.0,2.0,4.0,3.0,2.0,1.0,5.0,5.0,5.0,5.0,3.0,5.0,3.0,3.0,3.0,2.0,3.0,4.0,4.0,3.0,3.0
E0984,A,India,<1y,senior,remote,2,1.0,3.0,2.0,7.0,4.0,2.0,4.0,5.0,4.0,3.0,2.0,3.0,4.0,3.0,3.0,3.0,2.0,3.0,4.0,3.0,4.0,3.0,2.0,3.0,4.0,2.0,5.0,10.0,3.0,3.0,5.0,2.0,3.0,3.0,3.0,5.0,5.0,5.0,3.0,3.0,4.0,3.0,3.0,3.0,3.0,4.0,5.0,4.0,4.0
E0985,Q,Europe,1-3y,junior,remote,2,3.0,4.0,4.0,8.0,5.0,3.0,4.0,4.0,4.0,3.0,4.0,5.0,3.0,5.0,5.0,5.0,4.0,3.0,3.0,4.0,4.0,3.0,4.0,3.0,4.0,3.0,4.0,6.0,5.0,4.0,4.0,3.0,3.0,3.0,3.0,3.0,3.0,5.0,5.0,4.0,4.0,4.0,4.0,5.0,4.0,4.0,4.0,4.0,4.0
E0986,I,UK,1-3y,lead,onsite,2,3.0,4.0,5.0,9.0,4.0,4.0,3.0,4.0,4.0,4.0,3.0,3.0,4.0,3.0,4.0,3.0,4.0,3.0,5.0,4.0,3.0,5.0,4.0,4.0,5.0,4.0,3.0,8.0,2.0,4.0,5.0,5.0,4.0,4.0,4.0,5.0,3.0,4.0,4.0,3.0,5.0,5.0,5.0,5.0,5.0,5.0,5.0,3.0,3.0
E0987,M,India,1-3y,senior,hybrid,2,4.0,4.0,5.0,8.0,3.0,5.0,4.0,5.0,2.0,3.0,3.0,4.0,2.0,2.0,4.0,4.0,3.0,3.0,3.0,5.0,4.0,3.0,5.0,4.0,4.0,4.0,3.0,5.0,4.0,3.0,4.0,3.0,2.0,4.0,3.0,4.0,3.0,3.0,4.0,2.0,3.0,3.0,4.0,4.0,4.0,5.0,4.0,4.0,2.0
E0988,L,US,>5y,senior,hybrid,2,3.0,2.0,4.0,5.0,2.0,3.0,3.0,2.0,5.0,2.0,1.0,3.0,4.0,2.0,2.0,2.0,1.0,3.0,1.0,2.0,2.0,2.0,2.0,3.0,3.0,2.0,4.0,10.0,1.0,1.0,2.0,1.0,2.0,1.0,3.0,3.0,3.0,4.0,3.0,3.0,4.0,3.0,4.0,4.0,4.0,3.0,3.0,3.0,3.0
E0989,C,Europe,1-3y,mid,hybrid,2,2.0,4.0,5.0,10.0,5.0,4.0,3.0,4.0,4.0,3.0,4.0,4.0,4.0,3.0,4.0,4.0,3.0,3.0,4.0,4.0,2.0,2.0,3.0,3.0,5.0,3.0,4.0,8.0,4.0,3.0,5.0,2.0,2.0,3.0,4.0,4.0,4.0,4.0,3.0,4.0,5.0,4.0,5.0,4.0,4.0,4.0,4.0,5.0,4.0
E0990,E,India,3-5y,junior,hybrid,2,3.0,3.0,4.0,7.0,4.0,4.0,4.0,4.0,4.0,2.0,3.0,2.0,4.0,1.0,3.0,4.0,2.0,5.0,3.0,4.0,3.0,3.0,2.0,2.0,3.0,3.0,3.0,10.0,3.0,3.0,4.0,2.0,3.0,4.0,3.0,2.0,3.0,2.0,5.0,4.0,4.0,4.0,3.0,4.0,5.0,4.0,4.0,2.0,3.0
E0991,D,India,3-5y,lead,remote,2,3.0,4.0,4.0,10.0,4.0,5.0,4.0,5.0,4.0,5.0,4.0,4.0,4.0,4.0,5.0,5.0,2.0,3.0,4.0,4.0,5.0,5.0,5.0,5.0,5.0,5.0,4.0,7.0,3.0,4.0,5.0,3.0,2.0,5.0,5.0,5.0,4.0,5.0,3.0,5.0,2.0,3.0,3.0,5.0,3.0,3.0,5.0,4.0,4.0
E0992,I,India,>5y,mid,hybrid,2,3.0,3.0,4.0,5.0,4.0,2.0,3.0,4.0,3.0,3.0,2.0,4.0,3.0,4.0,3.0,2.0,3.0,3.0,4.0,4.0,4.0,4.0,3.0,4.0,5.0,2.0,3.0,7.0,2.0,4.0,4.0,3.0,4.0,4.0,3.0,3.0,3.0,4.0,3.0,4.0,3.0,3.0,4.0,4.0,4.0,4.0,4.0,4.0,4.0
E0993,P,US,1-3y,junior,hybrid,2,4.0,3.0,5.0,6.0,4.0,4.0,3.0,4.0,2.0,5.0,4.0,5.0,4.0,4.0,3.0,3.0,4.0,3.0,3.0,5.0,5.0,5.0,5.0,4.0,5.0,3.0,5.0,6.0,5.0,4.0,5.0,4.0,3.0,5.0,5.0,5.0,3.0,4.0,4.0,5.0,5.0,3.0,4.0,4.0,4.0,4.0,4.0,5.0,4.0
E0994,F,UK,1-3y,mid,hybrid,2,3.0,4.0,2.0,6.0,3.0,3.0,4.0,4.0,3.0,5.0,2.0,3.0,3.0,3.0,3.0,3.0,3.0,3.0,3.0,3.0,3.0,3.0,3.0,4.0,3.0,3.0,3.0,7.0,3.0,4.0,3.0,3.0,3.0,3.0,3.0,3.0,4.0,3.0,3.0,4.0,5.0,4.0,3.0,3.0,4.0,3.0,3.0,2.0,4.0
E0995,B,India,>5y,senior,hybrid,2,3.0,5.0,5.0,8.0,5.0,4.0,4.0,5.0,5.0,5.0,4.0,5.0,4.0,5.0,5.0,4.0,3.0,3.0,4.0,5.0,2.0,4.0,4.0,4.0,5.0,4.0,5.0,10.0,5.0,3.0,5.0,5.0,4.0,4.0,3.0,4.0,4.0,4.0,5.0,4.0,5.0,4.0,4.0,5.0,5.0,5.0,4.0,3.0,2.0
E0996,L,US,<1y,junior,remote,2,2.0,3.0,5.0,5.0,4.0,3.0,2.0,2.0,5.0,3.0,2.0,4.0,2.0,4.0,3.0,3.0,1.0,3.0,3.0,4.0,2.0,4.0,3.0,3.0,4.0,3.0,4.0,5.0,4.0,2.0,5.0,2.0,3.0,2.0,4.0,5.0,4.0,3.0,4.0,3.0,3.0,4.0,4.0,3.0,3.0,3.0,3.0,5.0,5.0
E0997,D,Israel,3-5y,senior,hybrid,2,4.0,5.0,5.0,7.0,4.0,4.0,4.0,4.0,4.0,5.0,4.0,5.0,3.0,5.0,5.0,5.0,3.0,3.0,4.0,5.0,3.0,5.0,5.0,5.0,5.0,5.0,5.0,7.0,5.0,4.0,4.0,3.0,3.0,5.0,4.0,5.0,3.0,4.0,4.0,3.0,5.0,4.0,4.0,4.0,4.0,5.0,5.0,2.0,3.0
E0998,F,UK,>5y,lead,onsite,2,4.0,3.0,3.0,3.0,2.0,4.0,4.0,3.0,3.0,4.0,3.0,4.0,4.0,4.0,4.0,4.0,2.0,3.0,2.0,4.0,4.0,5.0,4.0,4.0,4.0,2.0,4.0,9.0,4.0,2.0,4.0,2.0,1.0,3.0,4.0,3.0,4.0,5.0,5.0,5.0,3.0,3.0,4.0,3.0,3.0,4.0,3.0,3.0,4.0
E0999,K,UK,<1y,junior,onsite,2,3.0,3.0,4.0,6.0,2.0,2.0,3.0,3.0,3.0,4.0,3.0,3.0,4.0,1.0,2.0,4.0,3.0,2.0,3.0,4.0,3.0,2.0,3.0,3.0,4.0,3.0,4.0,5.0,4.0,2.0,4.0,2.0,2.0,3.0,2.0,4.0,3.0,4.0,4.0,3.0,3.0,3.0,3.0,3.0,4.0,4.0,3.0,4.0,3.0
E0000,A,Europe,>5y,junior,hybrid,3,5.0,5.0,4.0,9.0,5.0,4.0,3.0,4.0,3.0,5.0,5.0,5.0,3.0,5.0,4.0,5.0,3.0,4.0,4.0,5.0,5.0,5.0,4.0,5.0,5.0,5.0,5.0,7.0,4.0,5.0,3.0,5.0,5.0,4.0,4.0,4.0,4.0,4.0,4.0,4.0,5.0,5.0,3.0,4.0,5.0,4.0,3.0,4.0,5.0
E0001,P,US,>5y,lead,remote,3,3.0,4.0,3.0,7.0,3.0,4.0,2.0,3.0,2.0,5.0,4.0,5.0,3.0,4.0,3.0,4.0,3.0,3.0,2.0,2.0,4.0,5.0,4.0,4.0,5.0,4.0,4.0,5.0,4.0,2.0,5.0,2.0,3.0,3.0,3.0,3.0,4.0,4.0,5.0,4.0,4.0,3.0,4.0,3.0,4.0,2.0,4.0,4.0,5.0
E0002,Other (24),Israel,<1y,mid,onsite,3,3.0,3.0,4.0,7.0,3.0,3.0,2.0,4.0,4.0,3.0,3.0,4.0,3.0,3.0,2.0,3.0,2.0,3.0,3.0,4.0,2.0,3.0,3.0,5.0,4.0,1.0,3.0,8.0,3.0,3.0,3.0,3.0,2.0,1.0,2.0,4.0,3.0,4.0,4.0,4.0,3.0,3.0,3.0,3.0,3.0,4.0,3.0,3.0,4.0
E0003,P,Europe,3-5y,junior,hybrid,3,5.0,4.0,5.0,7.0,5.0,5.0,4.0,4.0,3.0,5.0,5.0,5.0,3.0,5.0,4.0,5.0,5.0,5.0,3.0,4.0,4.0,5.0,5.0,5.0,5.0,4.0,5.0,8.0,5.0,4.0,5.0,5.0,4.0,5.0,5.0,4.0,5.0,4.0,5.0,4.0,4.0,5.0,4.0,5.0,5.0,5.0,5.0,5.0,4.0
E0004,Other (24),US,1-3y,lead,hybrid,3,3.0,3.0,4.0,8.0,4.0,4.0,4.0,4.0,3.0,3.0,3.0,5.0,3.0,3.0,3.0,5.0,2.0,3.0,3.0,4.0,3.0,4.0,3.0,5.0,3.0,2.0,4.0,6.0,4.0,2.0,3.0,2.0,2.0,1.0,4.0,4.0,4.0,5.0,4.0,3.0,3.0,5.0,4.0,3.0,3.0,5.0,5.0,3.0,3.0
E0005,Other (24),Europe,3-5y,mid,remote,3,4.0,4.0,3.0,8.0,4.0,4.0,3.0,3.0,3.0,2.0,1.0,2.0,4.0,1.0,3.0,2.0,3.0,3.0,2.0,4.0,2.0,2.0,2.0,4.0,2.0,3.0,3.0,7.0,3.0,2.0,4.0,2.0,4.0,1.0,3.0,4.0,3.0,4.0,4.0,5.0,3.0,5.0,5.0,3.0,4.0,4.0,3.0,5.0,4.0
E0006,K,India,<1y,mid,hybrid,3,1.0,2.0,3.0,5.0,3.0,1.0,1.0,3.0,3.0,3.0,3.0,3.0,4.0,2.0,2.0,3.0,3.0,1.0,2.0,3.0,2.0,2.0,2.0,3.0,4.0,2.0,3.0,6.0,2.0,1.0,3.0,2.0,2.0,2.0,3.0,4.0,3.0,4.0,3.0,4.0,4.0,4.0,3.0,2.0,4.0,4.0,4.0,3.0,2.0
E0007,C,Israel,<1y,junior,hybrid,3,3.0,4.0,3.0,8.0,4.0,2.0,2.0,4.0,5.0,4.0,4.0,4.0,4.0,3.0,3.0,4.0,3.0,2.0,4.0,4.0,3.0,4.0,4.0,3.0,3.0,2.0,4.0,8.0,3.0,2.0,5.0,2.0,2.0,2.0,3.0,4.0,3.0,3.0,3.0,3.0,5.0,5.0,4.0,3.0,3.0,5.0,5.0,3.0,4.0
E0008,O,Israel,1-3y,lead,hybrid,3,3.0,4.0,4.0,5.0,2.0,5.0,3.0,4.0,5.0,4.0,3.0,3.0,3.0,3.0,4.0,4.0,3.0,3.0,3.0,4.0,4.0,4.0,4.0,4.0,5.0,4.0,4.0,5.0,3.0,3.0,3.0,3.0,2.0,4.0,5.0,4.0,5.0,4.0,2.0,4.0,3.0,4.0,4.0,4.0,4.0,5.0,4.0,3.0,4.0
E0009,N,UK,1-3y,mid,hybrid,3,4.0,4.0,5.0,8.0,5.0,4.0,5.0,4.0,4.0,4.0,5.0,4.0,4.0,5.0,5.0,3.0,4.0,4.0,3.0,5.0,4.0,5.0,5.0,5.0,4.0,4.0,5.0,4.0,5.0,5.0,4.0,3.0,4.0,5.0,3.0,2.0,5.0,5.0,5.0,5.0,4.0,4.0,4.0,3.0,3.0,4.0,4.0,3.0,4.0
E0010,Other (24),Israel,1-3y,mid,remote,3,5.0,4.0,4.0,7.0,3.0,4.0,3.0,3.0,4.0,4.0,4.0,4.0,2.0,3.0,3.0,5.0,3.0,4.0,4.0,5.0,3.0,5.0,3.0,5.0,4.0,3.0,4.0,3.0,3.0,2.0,4.0,3.0,3.0,2.0,3.0,4.0,4.0,4.0,4.0,4.0,4.0,3.0,4.0,4.0,3.0,3.0,3.0,4.0,4.0
E0011,Other (24),Israel,3-5y,mid,onsite,3,4.0,5.0,3.0,9.0,4.0,5.0,3.0,4.0,4.0,3.0,3.0,4.0,3.0,3.0,3.0,4.0,3.0,4.0,3.0,5.0,3.0,3.0,4.0,3.0,3.0,2.0,4.0,4.0,3.0,3.0,4.0,3.0,3.0,2.0,4.0,2.0,5.0,3.0,4.0,3.0,4.0,4.0,5.0,5.0,5.0,3.0,4.0,4.0,4.0
E0012,F,UK,<1y,mid,hybrid,3,3.0,3.0,3.0,5.0,3.0,4.0,2.0,4.0,2.0,3.0,3.0,3.0,3.0,3.0,3.0,3.0,3.0,1.0,4.0,4.0,3.0,5.0,4.0,4.0,4.0,2.0,3.0,5.0,4.0,3.0,3.0,3.0,3.0,3.0,3.0,3.0,4.0,4.0,4.0,4.0,3.0,2.0,4.0,3.0,4.0,5.0,4.0,4.0,4.0
E0013,O,US,1-3y,senior,remote,3,2.0,4.0,4.0,5.0,4.0,2.0,2.0,3.0,2.0,3.0,3.0,3.0,2.0,3.0,1.0,3.0,2.0,1.0,3.0,4.0,2.0,3.0,3.0,4.0,5.0,3.0,4.0,5.0,3.0,2.0,2.0,3.0,2.0,4.0,4.0,3.0,4.0,3.0,3.0,3.0,4.0,3.0,3.0,4.0,4.0,5.0,4.0,4.0,3.0
E0014,Other (24),India,<1y,mid,hybrid,3,3.0,4.0,5.0,7.0,4.0,4.0,3.0,5.0,3.0,3.0,3.0,4.0,3.0,3.0,2.0,4.0,1.0,4.0,4.0,2.0,3.0,3.0,3.0,3.0,4.0,1.0,3.0,4.0,3.0,1.0,4.0,3.0,2.0,2.0,4.0,4.0,3.0,5.0,5.0,4.0,4.0,4.0,4.0,3.0,2.0,4.0,4.0,4.0,3.0
E0015,F,India,<1y,senior,onsite,3,4.0,3.0,4.0,2.0,3.0,4.0,3.0,3.0,4.0,4.0,5.0,3.0,4.0,3.0,4.0,4.0,4.0,2.0,2.0,4.0,4.0,5.0,4.0,4.0,3.0,3.0,3.0,6.0,4.0,3.0,4.0,3.0,3.0,4.0,5.0,3.0,3.0,3.0,4.0,3.0,4.0,4.0,2.0,4.0,4.0,2.0,3.0,3.0,3.0
E0016,F,UK,>5y,senior,hybrid,3,5.0,5.0,3.0,8.0,5.0,5.0,5.0,5.0,4.0,3.0,2.0,3.0,2.0,4.0,5.0,3.0,2.0,4.0,4.0,3.0,5.0,4.0,3.0,3.0,3.0,3.0,3.0,10.0,3.0,3.0,5.0,2.0,4.0,2.0,4.0,5.0,5.0,3.0,4.0,5.0,4.0,5.0,5.0,3.0,3.0,5.0,4.0,4.0,4.0
E0017,G,Europe,>5y,senior,remote,3,2.0,2.0,3.0,8.0,2.0,4.0,3.0,3.0,2.0,3.0,3.0,3.0,3.0,4.0,3.0,5.0,2.0,4.0,4.0,3.0,4.0,2.0,4.0,4.0,5.0,2.0,3.0,7.0,4.0,1.0,3.0,3.0,2.0,1.0,3.0,2.0,3.0,4.0,4.0,2.0,4.0,4.0,3.0,3.0,3.0,3.0,4.0,4.0,3.0
E0018,H,Israel,>5y,junior,remote,3,5.0,5.0,5.0,10.0,3.0,5.0,4.0,5.0,5.0,4.0,3.0,3.0,5.0,4.0,4.0,5.0,4.0,3.0,3.0,4.0,5.0,5.0,4.0,4.0,5.0,4.0,5.0,10.0,3.0,4.0,5.0,4.0,3.0,5.0,4.0,4.0,4.0,3.0,4.0,3.0,4.0,3.0,3.0,5.0,5.0,5.0,5.0,3.0,3.0
E0019,Other (24),Israel,1-3y,mid,remote,3,4.0,4.0,2.0,8.0,3.0,3.0,3.0,4.0,4.0,3.0,3.0,2.0,4.0,1.0,3.0,2.0,4.0,5.0,2.0,3.0,3.0,3.0,2.0,3.0,2.0,2.0,2.0,7.0,1.0,3.0,4.0,4.0,3.0,3.0,2.0,3.0,4.0,4.0,3.0,5.0,3.0,4.0,4.0,4.0,4.0,3.0,3.0,4.0,3.0
E0020,R,Europe,3-5y,mid,hybrid,3,2.0,4.0,1.0,7.0,4.0,4.0,2.0,5.0,4.0,3.0,2.0,3.0,3.0,2.0,2.0,2.0,2.0,3.0,5.0,3.0,2.0,2.0,2.0,2.0,3.0,3.0,2.0,7.0,2.0,2.0,5.0,2.0,2.0,2.0,3.0,4.0,3.0,3.0,4.0,4.0,4.0,3.0,3.0,4.0,3.0,4.0,4.0,3.0,4.0
E0021,P,US,1-3y,senior,hybrid,3,3.0,5.0,4.0,9.0,5.0,4.0,3.0,4.0,3.0,5.0,4.0,3.0,4.0,5.0,3.0,3.0,2.0,1.0,4.0,3.0,3.0,4.0,4.0,3.0,4.0,2.0,4.0,8.0,4.0,1.0,5.0,1.0,2.0,3.0,3.0,4.0,5.0,3.0,5.0,3.0,4.0,4.0,5.0,4.0,3.0,4.0,4.0,4.0,3.0
E0022,H,US,1-3y,lead,hybrid,3,5.0,4.0,4.0,7.0,3.0,5.0,4.0,5.0,2.0,4.0,4.0,5.0,1.0,3.0,5.0,4.0,2.0,4.0,3.0,4.0,5.0,3.0,4.0,3.0,4.0,4.0,4.0,5.0,3.0,2.0,4.0,3.0,2.0,3.0,2.0,3.0,3.0,3.0,4.0,4.0,3.0,3.0,3.0,3.0,2.0,4.0,2.0,2.0,1.0
E0023,Q,Europe,<1y,lead,hybrid,3,4.0,3.0,3.0,7.0,3.0,4.0,3.0,4.0,3.0,2.0,3.0,3.0,4.0,2.0,4.0,4.0,3.0,4.0,3.0,3.0,4.0,2.0,2.0,2.0,2.0,2.0,3.0,7.0,3.0,2.0,3.0,2.0,3.0,3.0,2.0,4.0,3.0,4.0,4.0,2.0,4.0,4.0,2.0,3.0,4.0,4.0,3.0,4.0,3.0
E0024,L,Israel,1-3y,lead,hybrid,3,4.0,4.0,4.0,4.0,3.0,4.0,5.0,3.0,4.0,4.0,4.0,4.0,3.0,4.0,4.0,4.0,2.0,5.0,3.0,4.0,4.0,5.0,4.0,4.0,4.0,2.0,5.0,7.0,4.0,3.0,3.0,4.0,4.0,3.0,4.0,4.0,5.0,5.0,3.0,4.0,4.0,4.0,4.0,4.0,5.0,5.0,4.0,4.0,4.0
E0025,J,UK,1-3y,senior,remote,3,1.0,5.0,2.0,6.0,4.0,2.0,2.0,4.0,3.0,3.0,3.0,5.0,3.0,3.0,3.0,4.0,4.0,2.0,4.0,4.0,3.0,3.0,3.0,4.0,4.0,3.0,4.0,6.0,3.0,4.0,5.0,3.0,3.0,4.0,4.0,4.0,4.0,5.0,5.0,4.0,4.0,4.0,4.0,5.0,5.0,4.0,5.0,3.0,5.0
E0026,Other (24),UK,3-5y,junior,onsite,3,4.0,3.0,5.0,5.0,4.0,5.0,4.0,4.0,2.0,4.0,2.0,3.0,3.0,3.0,4.0,4.0,3.0,4.0,3.0,5.0,5.0,3.0,3.0,3.0,4.0,4.0,4.0,6.0,4.0,3.0,4.0,4.0,4.0,3.0,4.0,5.0,4.0,3.0,3.0,3.0,5.0,5.0,4.0,4.0,4.0,3.0,4.0,3.0,3.0
E0027,B,US,1-3y,senior,hybrid,3,4.0,5.0,5.0,7.0,4.0,4.0,4.0,3.0,4.0,4.0,4.0,4.0,5.0,4.0,4.0,3.0,3.0,3.0,2.0,5.0,4.0,3.0,4.0,4.0,5.0,3.0,5.0,10.0,3.0,3.0,4.0,3.0,3.0,3.0,4.0,4.0,5.0,4.0,4.0,4.0,5.0,4.0,4.0,3.0,4.0,5.0,5.0,4.0,5.0
E0028,F,UK,1-3y,junior,hybrid,3,3.0,3.0,3.0,2.0,5.0,3.0,3.0,4.0,3.0,3.0,3.0,3.0,3.0,3.0,3.0,4.0,3.0,3.0,3.0,3.0,4.0,4.0,4.0,3.0,3.0,2.0,4.0,8.0,4.0,4.0,5.0,3.0,3.0,3.0,4.0,5.0,4.0,3.0,2.0,3.0,3.0,3.0,3.0,4.0,3.0,4.0,4.0,4.0,3.0
E0029,F,Israel,1-3y,senior,hybrid,3,3.0,4.0,3.0,8.0,5.0,4.0,4.0,5.0,3.0,4.0,3.0,4.0,2.0,3.0,4.0,3.0,4.0,3.0,3.0,3.0,4.0,4.0,3.0,4.0,3.0,3.0,4.0,8.0,3.0,3.0,5.0,3.0,3.0,4.0,3.0,4.0,4.0,4.0,4.0,3.0,4.0,4.0,4.0,4.0,3.0,3.0,2.0,5.0,3.0
E0030,D,Israel,3-5y,mid,hybrid,3,4.0,4.0,4.0,5.0,5.0,3.0,2.0,4.0,4.0,5.0,4.0,3.0,2.0,4.0,4.0,5.0,3.0,3.0,3.0,4.0,4.0,5.0,4.0,3.0,4.0,2.0,3.0,5.0,3.0,3.0,4.0,3.0,2.0,4.0,5.0,4.0,3.0,5.0,4.0,5.0,4.0,5.0,3.0,2.0,3.0,4.0,3.0,3.0,3.0
E0031,P,US,>5y,senior,hybrid,3,3.0,5.0,4.0,8.0,5.0,4.0,3.0,5.0,3.0,5.0,4.0,5.0,4.0,5.0,3.0,4.0,4.0,3.0,4.0,3.0,4.0,4.0,4.0,5.0,4.0,3.0,5.0,8.0,5.0,4.0,5.0,2.0,2.0,4.0,5.0,4.0,4.0,4.0,5.0,4.0,5.0,4.0,5.0,4.0,5.0,4.0,5.0,3.0,4.0
E0032,P,US,<1y,lead,remote,3,4.0,5.0,4.0,8.0,4.0,4.0,4.0,5.0,3.0,4.0,4.0,4.0,4.0,4.0,3.0,4.0,4.0,4.0,5.0,3.0,5.0,4.0,4.0,4.0,4.0,5.0,4.0,7.0,4.0,3.0,5.0,5.0,4.0,5.0,3.0,4.0,4.0,4.0,4.0,4.0,4.0,4.0,4.0,5.0,4.0,3.0,3.0,5.0,4.0
E0033,A,Europe,3-5y,mid,remote,3,4.0,2.0,3.0,6.0,4.0,4.0,4.0,5.0,3.0,3.0,3.0,3.0,3.0,4.0,3.0,3.0,2.0,5.0,4.0,4.0,5.0,4.0,2.0,3.0,3.0,3.0,4.0,8.0,3.0,3.0,4.0,3.0,3.0,4.0,5.0,4.0,3.0,4.0,4.0,4.0,5.0,4.0,5.0,3.0,5.0,4.0,3.0,4.0,4.0
E0034,Other (24),US,<1y,senior,hybrid,3,2.0,1.0,4.0,3.0,4.0,3.0,2.0,2.0,3.0,4.0,3.0,5.0,2.0,3.0,1.0,4.0,2.0,3.0,2.0,4.0,1.0,4.0,4.0,4.0,4.0,2.0,3.0,6.0,3.0,3.0,2.0,2.0,3.0,2.0,3.0,2.0,3.0,3.0,4.0,4.0,4.0,3.0,5.0,4.0,5.0,5.0,3.0,1.0,3.0
E0035,O,India,<1y,mid,hybrid,3,2.0,5.0,4.0,7.0,3.0,3.0,2.0,4.0,3.0,3.0,4.0,3.0,2.0,2.0,3.0,3.0,3.0,3.0,4.0,3.0,3.0,5.0,4.0,4.0,4.0,1.0,4.0,7.0,4.0,3.0,3.0,1.0,3.0,3.0,4.0,4.0,1.0,3.0,3.0,3.0,4.0,3.0,3.0,3.0,4.0,4.0,3.0,4.0,3.0
E0036,C,Europe,1-3y,mid,hybrid,3,3.0,4.0,5.0,8.0,5.0,2.0,3.0,4.0,4.0,5.0,4.0,4.0,3.0,4.0,3.0,4.0,4.0,3.0,3.0,4.0,2.0,4.0,5.0,4.0,5.0,2.0,4.0,8.0,3.0,3.0,5.0,3.0,2.0,2.0,3.0,3.0,3.0,1.0,1.0,1.0,3.0,3.0,3.0,4.0,3.0,3.0,3.0,1.0,3.0
E0037,I,US,3-5y,junior,hybrid,3,5.0,5.0,5.0,9.0,5.0,4.0,4.0,5.0,3.0,5.0,4.0,3.0,4.0,4.0,3.0,4.0,3.0,5.0,3.0,5.0,4.0,5.0,4.0,5.0,5.0,1.0,4.0,9.0,2.0,3.0,4.0,3.0,3.0,2.0,3.0,5.0,4.0,3.0,3.0,4.0,4.0,4.0,3.0,4.0,4.0,3.0,4.0,4.0,3.0
E0038,M,UK,3-5y,lead,remote,3,3.0,5.0,4.0,8.0,4.0,4.0,2.0,4.0,5.0,3.0,3.0,3.0,2.0,3.0,3.0,4.0,3.0,2.0,4.0,5.0,3.0,3.0,3.0,4.0,3.0,5.0,4.0,7.0,3.0,3.0,3.0,3.0,3.0,5.0,5.0,4.0,4.0,3.0,4.0,4.0,4.0,3.0,4.0,3.0,4.0,4.0,4.0,3.0,4.0
E0039,G,Israel,>5y,mid,hybrid,3,5.0,3.0,4.0,7.0,4.0,5.0,4.0,4.0,3.0,4.0,4.0,5.0,2.0,4.0,4.0,5.0,2.0,5.0,2.0,4.0,4.0,5.0,4.0,4.0,5.0,4.0,4.0,7.0,3.0,3.0,2.0,4.0,3.0,3.0,4.0,3.0,3.0,5.0,5.0,5.0,4.0,4.0,4.0,3.0,3.0,3.0,3.0,3.0,3.0
E0040,G,Israel,1-3y,senior,hybrid,3,3.0,4.0,4.0,7.0,4.0,3.0,3.0,4.0,2.0,4.0,3.0,4.0,3.0,2.0,4.0,4.0,2.0,4.0,3.0,4.0,3.0,4.0,3.0,3.0,5.0,3.0,3.0,6.0,3.0,2.0,4.0,2.0,4.0,3.0,5.0,4.0,4.0,4.0,5.0,5.0,5.0,5.0,5.0,3.0,3.0,3.0,5.0,3.0,4.0
E0041,F,US,>5y,mid,remote,3,4.0,3.0,1.0,5.0,2.0,4.0,3.0,3.0,4.0,3.0,2.0,2.0,3.0,2.0,5.0,4.0,2.0,4.0,2.0,1.0,5.0,3.0,3.0,2.0,3.0,2.0,2.0,8.0,3.0,3.0,4.0,2.0,2.0,2.0,4.0,3.0,3.0,5.0,4.0,5.0,2.0,3.0,2.0,3.0,2.0,4.0,3.0,4.0,4.0
E0042,P,UK,<1y,mid,remote,3,5.0,5.0,4.0,6.0,4.0,3.0,3.0,3.0,2.0,5.0,3.0,5.0,4.0,4.0,3.0,4.0,3.0,3.0,2.0,3.0,3.0,5.0,4.0,3.0,4.0,4.0,4.0,6.0,5.0,2.0,3.0,1.0,1.0,3.0,3.0,2.0,3.0,2.0,2.0,3.0,3.0,4.0,4.0,4.0,3.0,3.0,2.0,4.0,4.0
E0043,P,India,3-5y,mid,remote,3,2.0,5.0,5.0,7.0,4.0,3.0,2.0,3.0,3.0,5.0,4.0,5.0,4.0,5.0,2.0,5.0,2.0,3.0,3.0,3.0,2.0,5.0,5.0,5.0,4.0,3.0,4.0,8.0,4.0,2.0,5.0,3.0,2.0,3.0,4.0,4.0,4.0,4.0,3.0,3.0,5.0,4.0,4.0,4.0,3.0,5.0,5.0,4.0,4.0
E0044,Q,US,1-3y,senior,hybrid,3,5.0,5.0,5.0,8.0,5.0,5.0,5.0,5.0,5.0,5.0,5.0,5.0,5.0,5.0,5.0,4.0,4.0,4.0,5.0,4.0,5.0,3.0,4.0,5.0,5.0,3.0,5.0,10.0,5.0,3.0,5.0,3.0,3.0,5.0,5.0,5.0,4.0,4.0,5.0,4.0,4.0,3.0,4.0,4.0,4.0,5.0,4.0,5.0,5.0
E0045,K,Europe,1-3y,senior,onsite,3,4.0,3.0,4.0,4.0,3.0,4.0,4.0,2.0,2.0,5.0,5.0,4.0,1.0,5.0,4.0,4.0,2.0,3.0,2.0,5.0,4.0,3.0,4.0,3.0,4.0,2.0,4.0,3.0,4.0,1.0,5.0,3.0,3.0,3.0,5.0,3.0,4.0,3.0,4.0,4.0,4.0,4.0,4.0,4.0,3.0,3.0,3.0,2.0,3.0
E0046,H,Europe,<1y,senior,onsite,3,5.0,3.0,5.0,7.0,4.0,5.0,4.0,4.0,4.0,4.0,4.0,5.0,4.0,4.0,3.0,4.0,4.0,4.0,3.0,4.0,4.0,5.0,4.0,5.0,5.0,4.0,5.0,9.0,3.0,4.0,3.0,3.0,4.0,4.0,3.0,3.0,4.0,4.0,4.0,3.0,5.0,5.0,4.0,3.0,3.0,4.0,4.0,4.0,5.0
E0047,F,India,1-3y,mid,hybrid,3,2.0,3.0,4.0,7.0,4.0,4.0,3.0,4.0,3.0,4.0,4.0,5.0,2.0,4.0,4.0,5.0,3.0,4.0,4.0,3.0,3.0,5.0,5.0,5.0,5.0,2.0,5.0,5.0,4.0,3.0,4.0,3.0,3.0,3.0,5.0,5.0,4.0,3.0,2.0,4.0,3.0,4.0,3.0,3.0,3.0,4.0,4.0,2.0,4.0
E0048,A,US,1-3y,mid,onsite,3,5.0,5.0,3.0,8.0,5.0,3.0,5.0,5.0,5.0,4.0,3.0,4.0,4.0,4.0,4.0,4.0,2.0,4.0,5.0,4.0,5.0,3.0,5.0,5.0,4.0,4.0,5.0,7.0,4.0,3.0,5.0,3.0,4.0,3.0,5.0,5.0,5.0,3.0,5.0,4.0,4.0,4.0,4.0,5.0,4.0,3.0,3.0,4.0,4.0
E0049,Other (24),US,<1y,senior,hybrid,3,4.0,3.0,3.0,7.0,4.0,3.0,3.0,2.0,3.0,4.0,4.0,3.0,2.0,3.0,3.0,4.0,2.0,4.0,2.0,2.0,3.0,3.0,2.0,4.0,3.0,3.0,3.0,5.0,3.0,2.0,3.0,3.0,3.0,2.0,3.0,4.0,4.0,4.0,5.0,4.0,4.0,4.0,5.0,5.0,3.0,2.0,4.0,3.0,2.0
E0050,J,US,1-3y,mid,remote,3,3.0,3.0,2.0,3.0,3.0,4.0,4.0,3.0,1.0,3.0,2.0,2.0,3.0,2.0,2.0,3.0,1.0,4.0,3.0,3.0,3.0,2.0,3.0,2.0,3.0,1.0,3.0,7.0,2.0,1.0,3.0,2.0,1.0,2.0,3.0,3.0,2.0,4.0,4.0,3.0,4.0,3.0,3.0,2.0,2.0,3.0,4.0,4.0,3.0
E0051,Other (24),India,<1y,mid,hybrid,3,3.0,3.0,3.0,8.0,3.0,4.0,4.0,3.0,2.0,4.0,2.0,3.0,4.0,2.0,3.0,4.0,2.0,4.0,4.0,4.0,3.0,2.0,2.0,3.0,4.0,3.0,3.0,6.0,3.0,2.0,3.0,3.0,4.0,2.0,4.0,3.0,4.0,5.0,3.0,4.0,3.0,3.0,4.0,4.0,4.0,3.0,2.0,4.0,3.0
E0052,Other (24),US,1-3y,junior,remote,3,2.0,3.0,2.0,5.0,3.0,3.0,4.0,2.0,1.0,4.0,3.0,4.0,2.0,1.0,3.0,4.0,3.0,3.0,2.0,5.0,3.0,3.0,3.0,4.0,3.0,1.0,4.0,3.0,3.0,2.0,1.0,3.0,4.0,2.0,2.0,2.0,2.0,3.0,3.0,3.0,4.0,4.0,3.0,3.0,3.0,2.0,1.0,3.0,4.0
E0053,C,UK,<1y,senior,hybrid,3,3.0,4.0,4.0,6.0,4.0,1.0,2.0,4.0,4.0,4.0,3.0,2.0,3.0,3.0,3.0,3.0,3.0,4.0,4.0,3.0,3.0,1.0,4.0,4.0,3.0,2.0,3.0,7.0,3.0,3.0,5.0,2.0,2.0,2.0,5.0,5.0,4.0,5.0,4.0,4.0,3.0,5.0,4.0,3.0,3.0,5.0,4.0,5.0,4.0
E0054,Q,Israel,>5y,senior,remote,3,5.0,4.0,5.0,6.0,4.0,5.0,4.0,4.0,4.0,5.0,4.0,4.0,3.0,5.0,4.0,5.0,4.0,3.0,4.0,4.0,5.0,4.0,4.0,4.0,5.0,3.0,5.0,4.0,5.0,3.0,4.0,3.0,2.0,4.0,5.0,3.0,4.0,4.0,5.0,3.0,4.0,3.0,5.0,4.0,5.0,5.0,5.0,4.0,3.0
E0055,G,Europe,>5y,junior,remote,3,2.0,4.0,2.0,9.0,3.0,2.0,2.0,5.0,2.0,3.0,3.0,4.0,3.0,3.0,2.0,3.0,3.0,2.0,3.0,5.0,2.0,4.0,4.0,3.0,5.0,3.0,4.0,6.0,3.0,3.0,4.0,3.0,3.0,2.0,3.0,4.0,4.0,5.0,5.0,4.0,4.0,4.0,3.0,4.0,3.0,5.0,5.0,2.0,2.0
E0056,A,US,>5y,junior,onsite,3,4.0,4.0,4.0,9.0,4.0,5.0,4.0,5.0,1.0,3.0,3.0,3.0,1.0,2.0,5.0,3.0,1.0,4.0,3.0,3.0,5.0,4.0,5.0,3.0,4.0,2.0,4.0,5.0,3.0,3.0,5.0,3.0,3.0,3.0,4.0,3.0,4.0,3.0,4.0,4.0,5.0,3.0,3.0,4.0,3.0,4.0,3.0,4.0,2.0
E0057,D,US,>5y,senior,remote,3,4.0,4.0,4.0,5.0,4.0,3.0,2.0,3.0,4.0,5.0,4.0,4.0,3.0,3.0,5.0,3.0,2.0,3.0,4.0,3.0,3.0,5.0,3.0,4.0,5.0,4.0,5.0,7.0,4.0,2.0,5.0,3.0,2.0,3.0,3.0,4.0,4.0,3.0,4.0,3.0,4.0,5.0,5.0,2.0,3.0,3.0,4.0,3.0,5.0
E0058,Other (24),Israel,1-3y,lead,remote,3,4.0,5.0,3.0,8.0,4.0,5.0,5.0,3.0,5.0,4.0,3.0,3.0,3.0,2.0,4.0,4.0,1.0,5.0,3.0,3.0,4.0,2.0,3.0,4.0,4.0,3.0,2.0,8.0,3.0,1.0,4.0,2.0,2.0,3.0,5.0,5.0,4.0,4.0,4.0,5.0,4.0,4.0,4.0,4.0,3.0,3.0,3.0,3.0,3.0
E0059,G,India,<1y,junior,hybrid,3,3.0,3.0,5.0,9.0,3.0,4.0,3.0,4.0,3.0,5.0,4.0,4.0,3.0,5.0,3.0,5.0,4.0,3.0,3.0,5.0,3.0,5.0,5.0,3.0,5.0,3.0,5.0,9.0,5.0,3.0,4.0,4.0,5.0,3.0,3.0,4.0,4.0,3.0,4.0,4.0,3.0,4.0,3.0,5.0,5.0,3.0,3.0,4.0,4.0
E0060,Other (24),India,3-5y,lead,hybrid,3,4.0,4.0,1.0,7.0,4.0,4.0,4.0,3.0,3.0,3.0,1.0,3.0,2.0,1.0,3.0,2.0,2.0,4.0,4.0,2.0,3.0,1.0,2.0,2.0,2.0,2.0,1.0,6.0,2.0,3.0,4.0,3.0,3.0,2.0,4.0,3.0,4.0,3.0,4.0,3.0,4.0,4.0,4.0,5.0,4.0,3.0,4.0,4.0,3.0
E0061,F,Israel,<1y,lead,hybrid,3,3.0,5.0,4.0,6.0,4.0,4.0,4.0,4.0,3.0,4.0,3.0,4.0,3.0,3.0,3.0,4.0,3.0,4.0,4.0,4.0,4.0,5.0,5.0,5.0,4.0,3.0,5.0,9.0,4.0,2.0,4.0,3.0,3.0,2.0,5.0,5.0,5.0,3.0,3.0,3.0,3.0,5.0,4.0,3.0,2.0,5.0,5.0,3.0,4.0
E0062,N,Israel,1-3y,mid,remote,3,4.0,4.0,4.0,7.0,5.0,3.0,3.0,5.0,4.0,3.0,5.0,4.0,5.0,3.0,4.0,3.0,2.0,2.0,4.0,4.0,2.0,5.0,3.0,4.0,3.0,4.0,4.0,6.0,4.0,3.0,4.0,4.0,1.0,3.0,3.0,4.0,3.0,3.0,3.0,4.0,5.0,4.0,4.0,4.0,3.0,3.0,3.0,4.0,3.0
E0063,Other (24),US,1-3y,mid,remote,3,2.0,3.0,3.0,4.0,3.0,2.0,4.0,3.0,4.0,4.0,3.0,4.0,2.0,3.0,1.0,4.0,2.0,2.0,2.0,3.0,3.0,4.0,3.0,4.0,4.0,1.0,3.0,4.0,3.0,1.0,3.0,3.0,3.0,2.0,3.0,4.0,4.0,4.0,3.0,3.0,5.0,4.0,4.0,3.0,4.0,5.0,4.0,3.0,3.0
E0064,Other (24),US,3-5y,mid,onsite,3,3.0,2.0,5.0,4.0,3.0,4.0,4.0,3.0,3.0,3.0,4.0,5.0,3.0,3.0,3.0,5.0,3.0,4.0,2.0,5.0,3.0,4.0,4.0,5.0,4.0,3.0,3.0,5.0,5.0,2.0,3.0,2.0,4.0,2.0,3.0,4.0,3.0,5.0,5.0,4.0,4.0,2.0,3.0,4.0,5.0,5.0,3.0,2.0,3.0
E0065,P,India,>5y,lead,hybrid,3,2.0,5.0,2.0,6.0,5.0,4.0,3.0,3.0,4.0,4.0,3.0,3.0,3.0,4.0,3.0,2.0,2.0,4.0,4.0,3.0,4.0,4.0,2.0,3.0,2.0,2.0,3.0,9.0,3.0,2.0,5.0,1.0,2.0,2.0,4.0,4.0,4.0,3.0,5.0,4.0,3.0,3.0,3.0,3.0,3.0,3.0,3.0,3.0,3.0
E0066,K,UK,>5y,junior,hybrid,3,4.0,2.0,4.0,4.0,3.0,4.0,4.0,2.0,3.0,3.0,4.0,3.0,2.0,3.0,4.0,5.0,3.0,3.0,3.0,2.0,5.0,4.0,3.0,3.0,3.0,2.0,3.0,6.0,4.0,1.0,4.0,2.0,2.0,2.0,5.0,5.0,5.0,4.0,4.0,2.0,4.0,3.0,3.0,2.0,4.0,3.0,4.0,3.0,3.0
E0067,I,US,1-3y,lead,hybrid,3,4.0,4.0,5.0,8.0,4.0,4.0,4.0,4.0,3.0,4.0,3.0,4.0,2.0,4.0,4.0,3.0,4.0,3.0,4.0,5.0,4.0,5.0,4.0,4.0,5.0,3.0,5.0,7.0,3.0,4.0,4.0,4.0,4.0,3.0,5.0,4.0,4.0,2.0,2.0,3.0,4.0,3.0,4.0,5.0,4.0,3.0,3.0,3.0,3.0
E0068,M,India,>5y,mid,hybrid,3,4.0,4.0,5.0,5.0,4.0,3.0,3.0,3.0,3.0,3.0,2.0,3.0,4.0,3.0,2.0,4.0,2.0,3.0,4.0,5.0,2.0,2.0,4.0,3.0,4.0,3.0,3.0,8.0,3.0,2.0,4.0,2.0,2.0,2.0,5.0,4.0,3.0,2.0,3.0,3.0,2.0,4.0,3.0,3.0,3.0,3.0,2.0,2.0,3.0
E0069,L,US,>5y,senior,hybrid,3,3.0,3.0,5.0,6.0,4.0,3.0,3.0,2.0,4.0,5.0,3.0,3.0,4.0,5.0,5.0,4.0,4.0,3.0,2.0,4.0,4.0,3.0,3.0,5.0,4.0,4.0,5.0,6.0,4.0,3.0,4.0,4.0,4.0,3.0,4.0,4.0,5.0,3.0,3.0,4.0,4.0,3.0,3.0,5.0,5.0,4.0,5.0,3.0,3.0
E0070,Other (24),UK,3-5y,mid,onsite,3,3.0,5.0,4.0,7.0,4.0,5.0,4.0,3.0,3.0,4.0,4.0,5.0,3.0,4.0,3.0,4.0,2.0,3.0,2.0,4.0,3.0,4.0,3.0,5.0,5.0,2.0,5.0,6.0,3.0,2.0,4.0,3.0,3.0,1.0,4.0,5.0,4.0,3.0,4.0,3.0,4.0,4.0,3.0,3.0,4.0,4.0,4.0,2.0,4.0
E0071,J,Israel,1-3y,junior,onsite,3,3.0,4.0,4.0,7.0,5.0,5.0,4.0,4.0,2.0,3.0,3.0,5.0,3.0,3.0,3.0,3.0,4.0,3.0,4.0,4.0,4.0,3.0,5.0,3.0,4.0,3.0,5.0,8.0,4.0,3.0,5.0,2.0,2.0,5.0,5.0,5.0,4.0,4.0,5.0,4.0,4.0,3.0,4.0,4.0,5.0,5.0,4.0,4.0,5.0
E0072,H,India,<1y,junior,remote,3,5.0,5.0,5.0,10.0,5.0,5.0,4.0,5.0,5.0,5.0,5.0,5.0,5.0,4.0,5.0,5.0,3.0,5.0,5.0,5.0,4.0,5.0,5.0,5.0,5.0,4.0,5.0,10.0,4.0,4.0,5.0,4.0,4.0,4.0,4.0,5.0,5.0,3.0,5.0,3.0,5.0,4.0,5.0,5.0,5.0,5.0,4.0,5.0,3.0
E0073,E,Israel,<1y,senior,remote,3,4.0,5.0,5.0,10.0,5.0,4.0,4.0,5.0,4.0,3.0,3.0,4.0,4.0,3.0,4.0,4.0,3.0,4.0,4.0,4.0,4.0,3.0,4.0,3.0,3.0,4.0,4.0,10.0,2.0,4.0,5.0,4.0,3.0,5.0,5.0,4.0,4.0,4.0,4.0,4.0,3.0,4.0,3.0,4.0,5.0,4.0,5.0,5.0,5.0
E0074,N,India,1-3y,lead,onsite,3,5.0,2.0,5.0,9.0,4.0,5.0,4.0,4.0,3.0,4.0,3.0,4.0,4.0,4.0,5.0,4.0,3.0,4.0,3.0,4.0,4.0,5.0,4.0,5.0,4.0,2.0,4.0,7.0,5.0,3.0,4.0,3.0,4.0,4.0,4.0,5.0,4.0,5.0,5.0,5.0,4.0,5.0,4.0,4.0,4.0,4.0,4.0,5.0,4.0
E0075,M,US,<1y,mid,hybrid,3,4.0,4.0,4.0,8.0,3.0,3.0,4.0,3.0,2.0,4.0,3.0,4.0,3.0,3.0,3.0,3.0,2.0,4.0,3.0,4.0,5.0,3.0,3.0,3.0,4.0,4.0,3.0,8.0,3.0,2.0,4.0,3.0,2.0,3.0,4.0,4.0,5.0,3.0,4.0,4.0,4.0,2.0,3.0,3.0,3.0,3.0,3.0,3.0,3.0
E0076,L,India,<1y,mid,remote,3,3.0,2.0,5.0,5.0,3.0,4.0,3.0,2.0,3.0,4.0,3.0,4.0,2.0,4.0,2.0,5.0,3.0,4.0,2.0,4.0,2.0,5.0,4.0,5.0,5.0,1.0,4.0,6.0,4.0,3.0,3.0,2.0,3.0,3.0,4.0,3.0,4.0,3.0,4.0,3.0,3.0,3.0,3.0,4.0,3.0,5.0,5.0,3.0,3.0
E0077,D,US,3-5y,mid,hybrid,3,4.0,3.0,5.0,5.0,4.0,4.0,3.0,4.0,3.0,5.0,4.0,5.0,4.0,5.0,4.0,4.0,4.0,4.0,3.0,5.0,2.0,5.0,5.0,4.0,5.0,5.0,5.0,5.0,5.0,3.0,4.0,2.0,3.0,3.0,3.0,3.0,4.0,4.0,4.0,3.0,4.0,3.0,4.0,4.0,4.0,4.0,4.0,3.0,4.0
E0078,O,UK,<1y,mid,remote,3,3.0,4.0,5.0,5.0,3.0,3.0,3.0,3.0,3.0,5.0,4.0,4.0,2.0,4.0,3.0,3.0,3.0,3.0,4.0,4.0,3.0,4.0,4.0,4.0,5.0,3.0,4.0,4.0,4.0,3.0,2.0,4.0,4.0,3.0,4.0,4.0,4.0,5.0,4.0,4.0,3.0,3.0,4.0,5.0,3.0,3.0,3.0,3.0,3.0
E0079,L,UK,>5y,junior,onsite,3,3.0,3.0,4.0,5.0,3.0,3.0,2.0,3.0,3.0,3.0,1.0,2.0,3.0,2.0,3.0,2.0,4.0,3.0,3.0,2.0,3.0,3.0,2.0,2.0,3.0,3.0,3.0,5.0,2.0,3.0,3.0,3.0,4.0,3.0,4.0,3.0,3.0,4.0,2.0,3.0,2.0,2.0,3.0,4.0,4.0,3.0,4.0,4.0,4.0
E0080,E,Europe,1-3y,junior,onsite,3,3.0,5.0,5.0,8.0,5.0,3.0,3.0,5.0,3.0,3.0,3.0,5.0,4.0,3.0,3.0,4.0,3.0,4.0,4.0,5.0,3.0,5.0,3.0,5.0,3.0,3.0,4.0,10.0,3.0,4.0,5.0,3.0,3.0,4.0,5.0,4.0,5.0,5.0,4.0,5.0,4.0,3.0,3.0,5.0,4.0,4.0,4.0,4.0,3.0
E0081,Other (24),UK,1-3y,junior,remote,3,2.0,4.0,3.0,5.0,3.0,3.0,2.0,3.0,2.0,2.0,3.0,4.0,2.0,1.0,3.0,3.0,2.0,2.0,2.0,4.0,3.0,3.0,2.0,2.0,4.0,2.0,3.0,5.0,3.0,3.0,4.0,3.0,4.0,2.0,3.0,4.0,3.0,3.0,4.0,2.0,4.0,2.0,4.0,4.0,4.0,3.0,4.0,4.0,2.0
E0082,C,UK,<1y,mid,remote,3,2.0,5.0,5.0,8.0,4.0,2.0,2.0,4.0,3.0,5.0,4.0,3.0,3.0,3.0,3.0,4.0,3.0,4.0,3.0,5.0,3.0,4.0,4.0,4.0,5.0,3.0,2.0,5.0,3.0,4.0,4.0,3.0,3.0,2.0,4.0,4.0,3.0,4.0,4.0,5.0,5.0,5.0,5.0,3.0,4.0,4.0,4.0,3.0,4.0
E0083,D,UK,1-3y,lead,hybrid,3,4.0,3.0,4.0,7.0,5.0,2.0,4.0,3.0,4.0,4.0,5.0,5.0,2.0,4.0,5.0,5.0,3.0,3.0,3.0,5.0,4.0,5.0,4.0,4.0,5.0,5.0,5.0,7.0,3.0,3.0,4.0,2.0,2.0,4.0,4.0,4.0,4.0,4.0,5.0,3.0,5.0,4.0,4.0,4.0,4.0,4.0,3.0,3.0,3.0
E0084,Other (24),US,1-3y,junior,remote,3,4.0,5.0,4.0,9.0,5.0,5.0,3.0,3.0,3.0,4.0,4.0,3.0,3.0,3.0,4.0,3.0,4.0,4.0,3.0,4.0,3.0,4.0,4.0,4.0,4.0,4.0,3.0,6.0,3.0,4.0,5.0,4.0,5.0,3.0,4.0,4.0,4.0,4.0,3.0,4.0,5.0,3.0,4.0,4.0,5.0,5.0,4.0,4.0,4.0
E0085,N,UK,<1y,mid,hybrid,3,3.0,5.0,5.0,5.0,5.0,4.0,4.0,5.0,4.0,4.0,3.0,5.0,4.0,5.0,5.0,3.0,5.0,4.0,4.0,5.0,3.0,5.0,4.0,5.0,4.0,3.0,4.0,5.0,3.0,3.0,4.0,4.0,3.0,4.0,5.0,4.0,4.0,4.0,4.0,3.0,5.0,4.0,5.0,2.0,3.0,3.0,4.0,4.0,3.0
E0086,R,US,<1y,mid,hybrid,3,3.0,5.0,4.0,7.0,4.0,3.0,4.0,4.0,3.0,4.0,3.0,3.0,2.0,2.0,3.0,3.0,1.0,3.0,2.0,5.0,4.0,3.0,3.0,2.0,4.0,2.0,3.0,4.0,3.0,2.0,5.0,2.0,3.0,1.0,3.0,4.0,5.0,4.0,5.0,5.0,4.0,4.0,4.0,4.0,3.0,4.0,4.0,3.0,3.0
E0087,P,US,1-3y,mid,remote,3,3.0,4.0,4.0,7.0,3.0,4.0,4.0,2.0,2.0,5.0,4.0,5.0,2.0,4.0,3.0,5.0,2.0,4.0,3.0,4.0,4.0,5.0,5.0,4.0,5.0,4.0,4.0,7.0,3.0,4.0,5.0,3.0,2.0,3.0,4.0,4.0,5.0,5.0,4.0,4.0,3.0,4.0,3.0,3.0,4.0,5.0,3.0,3.0,4.0
E0088,C,UK,3-5y,mid,hybrid,3,3.0,3.0,4.0,6.0,3.0,3.0,4.0,2.0,3.0,4.0,4.0,3.0,4.0,4.0,3.0,3.0,4.0,3.0,2.0,5.0,3.0,3.0,4.0,4.0,4.0,3.0,3.0,8.0,4.0,3.0,3.0,3.0,3.0,3.0,3.0,3.0,3.0,4.0,4.0,3.0,5.0,5.0,5.0,3.0,4.0,4.0,4.0,3.0,4.0
E0089,I,India,>5y,junior,hybrid,3,5.0,3.0,5.0,6.0,3.0,4.0,5.0,3.0,3.0,4.0,3.0,4.0,3.0,4.0,4.0,3.0,4.0,4.0,4.0,4.0,4.0,4.0,2.0,5.0,3.0,3.0,4.0,7.0,2.0,3.0,4.0,3.0,4.0,4.0,3.0,3.0,3.0,3.0,3.0,3.0,4.0,5.0,4.0,5.0,5.0,4.0,5.0,3.0,2.0
E0090,G,Europe,3-5y,senior,onsite,3,3.0,3.0,4.0,7.0,4.0,4.0,4.0,2.0,2.0,5.0,5.0,5.0,2.0,4.0,2.0,5.0,3.0,4.0,3.0,5.0,5.0,5.0,4.0,5.0,5.0,4.0,5.0,6.0,5.0,3.0,3.0,3.0,4.0,2.0,4.0,4.0,4.0,5.0,3.0,4.0,3.0,4.0,3.0,4.0,3.0,5.0,3.0,4.0,4.0
E0091,Other (24),UK,1-3y,mid,onsite,3,5.0,5.0,4.0,8.0,5.0,4.0,4.0,5.0,3.0,5.0,3.0,4.0,3.0,2.0,4.0,3.0,2.0,4.0,3.0,4.0,5.0,3.0,4.0,5.0,3.0,2.0,5.0,6.0,4.0,2.0,5.0,3.0,3.0,2.0,5.0,5.0,5.0,5.0,4.0,4.0,5.0,3.0,4.0,3.0,4.0,5.0,5.0,4.0,4.0
E0092,K,UK,1-3y,senior,remote,3,2.0,3.0,3.0,7.0,3.0,3.0,2.0,4.0,3.0,3.0,3.0,2.0,3.0,3.0,2.0,3.0,1.0,2.0,4.0,4.0,3.0,2.0,3.0,2.0,4.0,2.0,4.0,4.0,3.0,2.0,4.0,2.0,3.0,3.0,4.0,3.0,4.0,2.0,3.0,4.0,4.0,4.0,3.0,3.0,4.0,3.0,2.0,3.0,3.0
E0093,Other (24),UK,1-3y,lead,onsite,3,4.0,3.0,4.0,5.0,4.0,4.0,2.0,2.0,4.0,3.0,3.0,3.0,3.0,2.0,2.0,2.0,3.0,4.0,2.0,3.0,3.0,3.0,3.0,3.0,4.0,2.0,1.0,8.0,3.0,1.0,4.0,2.0,2.0,1.0,3.0,3.0,4.0,4.0,4.0,3.0,5.0,4.0,3.0,3.0,3.0,5.0,4.0,4.0,3.0
E0094,Other (24),UK,1-3y,junior,hybrid,3,5.0,5.0,3.0,10.0,4.0,4.0,5.0,5.0,3.0,3.0,4.0,4.0,2.0,2.0,4.0,4.0,4.0,3.0,4.0,3.0,4.0,2.0,2.0,2.0,4.0,2.0,3.0,8.0,4.0,3.0,5.0,4.0,3.0,2.0,3.0,4.0,4.0,3.0,3.0,2.0,4.0,3.0,4.0,5.0,5.0,3.0,5.0,4.0,5.0
E0095,L,UK,1-3y,mid,remote,3,4.0,3.0,4.0,5.0,2.0,3.0,3.0,3.0,3.0,4.0,2.0,3.0,2.0,4.0,3.0,3.0,2.0,3.0,1.0,4.0,2.0,3.0,3.0,4.0,5.0,3.0,5.0,6.0,2.0,3.0,1.0,2.0,3.0,2.0,3.0,4.0,3.0,4.0,4.0,4.0,3.0,3.0,3.0,5.0,5.0,4.0,4.0,3.0,2.0
E0096,B,UK,1-3y,junior,onsite,3,4.0,5.0,3.0,9.0,4.0,2.0,3.0,3.0,5.0,3.0,3.0,5.0,5.0,3.0,3.0,2.0,5.0,3.0,5.0,4.0,4.0,4.0,4.0,4.0,5.0,3.0,3.0,10.0,4.0,4.0,4.0,3.0,4.0,4.0,3.0,4.0,3.0,5.0,4.0,4.0,3.0,4.0,3.0,5.0,4.0,5.0,3.0,4.0,5.0
E0097,C,UK,>5y,mid,hybrid,3,3.0,4.0,4.0,7.0,5.0,4.0,4.0,4.0,3.0,4.0,2.0,4.0,5.0,2.0,4.0,3.0,3.0,4.0,4.0,3.0,2.0,3.0,3.0,3.0,3.0,4.0,4.0,8.0,4.0,3.0,5.0,2.0,2.0,2.0,3.0,4.0,5.0,3.0,3.0,4.0,4.0,4.0,4.0,3.0,4.0,4.0,3.0,4.0,3.0
E0098,Q,Europe,1-3y,mid,remote,3,3.0,4.0,4.0,6.0,5.0,4.0,4.0,3.0,3.0,4.0,4.0,5.0,2.0,3.0,3.0,4.0,4.0,3.0,3.0,4.0,4.0,4.0,4.0,4.0,4.0,2.0,4.0,5.0,5.0,3.0,4.0,3.0,3.0,3.0,3.0,3.0,3.0,3.0,4.0,4.0,3.0,4.0,4.0,4.0,4.0,3.0,3.0,3.0,3.0
E0099,F,US,3-5y,mid,hybrid,3,4.0,4.0,3.0,5.0,5.0,3.0,3.0,4.0,2.0,4.0,4.0,3.0,3.0,5.0,4.0,5.0,3.0,3.0,3.0,4.0,4.0,4.0,3.0,5.0,5.0,2.0,5.0,6.0,5.0,3.0,4.0,3.0,2.0,4.0,5.0,5.0,3.0,4.0,3.0,5.0,4.0,3.0,4.0,3.0,4.0,5.0,5.0,3.0,2.0
E0100,C,UK,<1y,mid,hybrid,3,5.0,4.0,5.0,9.0,5.0,4.0,3.0,4.0,5.0,5.0,5.0,4.0,4.0,5.0,5.0,5.0,4.0,4.0,5.0,5.0,3.0,5.0,5.0,5.0,5.0,5.0,5.0,9.0,5.0,4.0,5.0,4.0,5.0,5.0,5.0,5.0,5.0,5.0,5.0,4.0,4.0,3.0,4.0,5.0,5.0,4.0,4.0,4.0,4.0
E0101,I,UK,3-5y,senior,hybrid,3,3.0,2.0,5.0,5.0,3.0,4.0,3.0,4.0,3.0,3.0,3.0,3.0,2.0,3.0,2.0,3.0,3.0,3.0,4.0,4.0,4.0,3.0,4.0,4.0,5.0,3.0,4.0,5.0,4.0,2.0,3.0,4.0,3.0,2.0,3.0,3.0,3.0,3.0,3.0,4.0,4.0,4.0,4.0,3.0,4.0,4.0,4.0,4.0,3.0
E0102,J,Israel,3-5y,mid,hybrid,3,3.0,3.0,3.0,6.0,3.0,4.0,3.0,3.0,1.0,4.0,3.0,4.0,1.0,3.0,3.0,5.0,2.0,3.0,3.0,3.0,3.0,3.0,4.0,3.0,4.0,2.0,4.0,7.0,3.0,2.0,4.0,3.0,2.0,2.0,3.0,4.0,3.0,3.0,3.0,2.0,5.0,5.0,4.0,4.0,4.0,4.0,4.0,3.0,4.0
E0103,Other (24),India,>5y,senior,hybrid,3,3.0,3.0,4.0,5.0,3.0,5.0,3.0,3.0,4.0,5.0,5.0,5.0,4.0,3.0,2.0,5.0,3.0,4.0,3.0,5.0,3.0,5.0,5.0,4.0,4.0,3.0,5.0,8.0,4.0,2.0,4.0,5.0,3.0,3.0,4.0,4.0,4.0,4.0,4.0,4.0,4.0,4.0,3.0,4.0,5.0,4.0,5.0,4.0,3.0
E0104,Other (24),US,<1y,junior,remote,3,4.0,4.0,5.0,10.0,5.0,4.0,3.0,3.0,4.0,4.0,4.0,5.0,4.0,3.0,3.0,4.0,3.0,4.0,5.0,3.0,4.0,4.0,3.0,4.0,3.0,2.0,4.0,9.0,4.0,2.0,4.0,3.0,3.0,3.0,3.0,3.0,4.0,4.0,3.0,3.0,1.0,2.0,2.0,4.0,4.0,5.0,4.0,3.0,4.0
E0105,P,India,1-3y,mid,remote,3,3.0,4.0,3.0,6.0,5.0,3.0,3.0,4.0,4.0,5.0,3.0,4.0,3.0,4.0,3.0,3.0,3.0,3.0,4.0,4.0,3.0,3.0,4.0,3.0,4.0,3.0,5.0,7.0,4.0,3.0,5.0,3.0,2.0,3.0,4.0,4.0,3.0,4.0,3.0,4.0,3.0,4.0,4.0,4.0,4.0,5.0,4.0,4.0,3.0
E0106,M,US,3-5y,senior,onsite,3,5.0,3.0,4.0,6.0,4.0,4.0,5.0,4.0,3.0,4.0,4.0,3.0,2.0,4.0,5.0,4.0,3.0,4.0,4.0,4.0,5.0,2.0,3.0,4.0,4.0,5.0,4.0,4.0,3.0,4.0,3.0,3.0,3.0,4.0,4.0,3.0,4.0,4.0,5.0,4.0,5.0,4.0,4.0,5.0,4.0,3.0,5.0,4.0,4.0
E0107,E,UK,>5y,senior,onsite,3,4.0,4.0,5.0,8.0,4.0,5.0,5.0,5.0,3.0,4.0,4.0,3.0,3.0,3.0,5.0,3.0,4.0,5.0,4.0,5.0,5.0,3.0,4.0,4.0,4.0,4.0,4.0,9.0,4.0,4.0,4.0,4.0,3.0,4.0,5.0,3.0,4.0,4.0,3.0,2.0,5.0,4.0,3.0,5.0,5.0,4.0,4.0,4.0,4.0
E0108,P,Europe,1-3y,senior,hybrid,3,4.0,3.0,5.0,7.0,5.0,4.0,4.0,5.0,2.0,5.0,4.0,5.0,3.0,5.0,3.0,3.0,4.0,4.0,3.0,4.0,5.0,4.0,3.0,3.0,5.0,4.0,5.0,9.0,5.0,4.0,5.0,3.0,3.0,4.0,4.0,5.0,4.0,3.0,4.0,3.0,4.0,4.0,4.0,4.0,4.0,3.0,3.0,4.0,2.0
E0109,C,US,1-3y,mid,hybrid,3,2.0,3.0,5.0,5.0,2.0,3.0,2.0,3.0,2.0,3.0,4.0,3.0,2.0,3.0,3.0,3.0,4.0,2.0,2.0,4.0,3.0,2.0,4.0,2.0,4.0,5.0,3.0,6.0,3.0,4.0,4.0,4.0,2.0,2.0,2.0,4.0,4.0,3.0,3.0,3.0,5.0,4.0,5.0,4.0,5.0,3.0,3.0,3.0,4.0
E0110,J,UK,1-3y,mid,remote,3,3.0,3.0,3.0,5.0,5.0,3.0,2.0,5.0,3.0,3.0,2.0,2.0,3.0,2.0,3.0,3.0,2.0,2.0,3.0,4.0,4.0,2.0,3.0,3.0,3.0,2.0,3.0,7.0,3.0,2.0,5.0,2.0,3.0,2.0,4.0,4.0,5.0,3.0,3.0,3.0,4.0,3.0,4.0,3.0,4.0,3.0,4.0,4.0,4.0
E0111,Other (24),UK,<1y,senior,hybrid,3,3.0,3.0,3.0,7.0,3.0,4.0,4.0,3.0,2.0,4.0,2.0,4.0,2.0,3.0,2.0,3.0,3.0,3.0,3.0,4.0,2.0,2.0,2.0,4.0,2.0,2.0,3.0,6.0,4.0,2.0,3.0,3.0,4.0,3.0,4.0,4.0,4.0,3.0,4.0,3.0,4.0,5.0,4.0,4.0,4.0,3.0,2.0,4.0,3.0
E0112,B,UK,<1y,junior,remote,3,3.0,4.0,5.0,6.0,4.0,3.0,3.0,4.0,5.0,3.0,5.0,5.0,4.0,4.0,2.0,4.0,3.0,3.0,3.0,5.0,3.0,3.0,5.0,5.0,5.0,3.0,4.0,9.0,4.0,5.0,5.0,4.0,4.0,5.0,3.0,4.0,5.0,4.0,3.0,4.0,5.0,4.0,5.0,4.0,5.0,5.0,5.0,4.0,4.0
E0113,K,Israel,1-3y,mid,hybrid,3,3.0,2.0,4.0,5.0,2.0,4.0,4.0,3.0,3.0,5.0,5.0,4.0,3.0,3.0,4.0,3.0,3.0,3.0,2.0,3.0,4.0,3.0,5.0,3.0,4.0,4.0,4.0,3.0,4.0,3.0,4.0,3.0,3.0,4.0,4.0,3.0,3.0,4.0,3.0,4.0,4.0,3.0,4.0,4.0,4.0,5.0,4.0,3.0,4.0
E0114,O,UK,1-3y,senior,onsite,3,3.0,4.0,3.0,6.0,4.0,4.0,3.0,3.0,2.0,3.0,2.0,3.0,2.0,2.0,2.0,2.0,4.0,2.0,3.0,3.0,4.0,3.0,3.0,3.0,3.0,2.0,3.0,2.0,2.0,3.0,3.0,2.0,4.0,3.0,3.0,3.0,2.0,3.0,4.0,4.0,4.0,3.0,3.0,3.0,5.0,3.0,3.0,3.0,3.0
E0115,O,US,1-3y,mid,hybrid,3,2.0,5.0,4.0,5.0,4.0,3.0,3.0,4.0,3.0,4.0,3.0,2.0,3.0,3.0,3.0,4.0,3.0,2.0,2.0,4.0,3.0,3.0,3.0,3.0,3.0,3.0,2.0,6.0,3.0,3.0,3.0,3.0,3.0,2.0,2.0,3.0,2.0,4.0,3.0,3.0,5.0,3.0,5.0,3.0,4.0,3.0,3.0,4.0,4.0
E0116,Q,India,1-3y,senior,remote,3,5.0,5.0,5.0,10.0,5.0,5.0,4.0,5.0,5.0,5.0,4.0,5.0,5.0,4.0,5.0,5.0,3.0,5.0,4.0,4.0,5.0,5.0,4.0,4.0,4.0,4.0,5.0,5.0,5.0,3.0,5.0,4.0,5.0,3.0,5.0,5.0,5.0,4.0,4.0,4.0,3.0,4.0,4.0,5.0,5.0,5.0,4.0,4.0,3.0
E0117,Other (24),US,>5y,junior,hybrid,3,3.0,4.0,3.0,10.0,4.0,4.0,3.0,4.0,3.0,2.0,3.0,4.0,2.0,2.0,3.0,4.0,3.0,4.0,4.0,4.0,3.0,3.0,2.0,3.0,4.0,2.0,3.0,4.0,3.0,2.0,5.0,4.0,3.0,1.0,4.0,4.0,2.0,4.0,4.0,5.0,5.0,5.0,4.0,5.0,5.0,4.0,4.0,4.0,4.0
E0118,I,Europe,1-3y,junior,hybrid,3,5.0,2.0,5.0,5.0,4.0,4.0,4.0,3.0,2.0,3.0,4.0,3.0,3.0,4.0,5.0,4.0,4.0,4.0,4.0,5.0,4.0,5.0,5.0,5.0,5.0,4.0,5.0,8.0,4.0,4.0,4.0,4.0,4.0,3.0,3.0,3.0,2.0,4.0,4.0,3.0,5.0,4.0,5.0,5.0,5.0,4.0,3.0,3.0,2.0
E0119,E,India,1-3y,senior,hybrid,3,3.0,5.0,5.0,9.0,4.0,3.0,3.0,4.0,3.0,3.0,3.0,4.0,3.0,2.0,3.0,4.0,2.0,4.0,3.0,5.0,4.0,3.0,2.0,3.0,4.0,4.0,4.0,9.0,4.0,4.0,4.0,3.0,2.0,4.0,4.0,5.0,4.0,5.0,5.0,4.0,4.0,4.0,4.0,5.0,3.0,4.0,3.0,5.0,5.0
E0120,M,UK,1-3y,junior,onsite,3,4.0,3.0,5.0,6.0,2.0,3.0,3.0,4.0,3.0,4.0,3.0,4.0,2.0,3.0,3.0,5.0,2.0,3.0,4.0,5.0,4.0,3.0,3.0,4.0,3.0,2.0,4.0,2.0,3.0,2.0,3.0,2.0,1.0,2.0,4.0,4.0,4.0,2.0,2.0,3.0,4.0,3.0,3.0,3.0,3.0,4.0,3.0,3.0,3.0
E0121,Other (24),India,<1y,mid,remote,3,4.0,5.0,3.0,9.0,5.0,4.0,3.0,4.0,3.0,5.0,3.0,4.0,3.0,2.0,2.0,4.0,2.0,4.0,3.0,5.0,3.0,5.0,4.0,4.0,4.0,3.0,4.0,8.0,3.0,2.0,4.0,2.0,3.0,2.0,4.0,3.0,4.0,2.0,3.0,3.0,4.0,4.0,4.0,3.0,3.0,4.0,4.0,4.0,4.0
E0122,Other (24),Europe,<1y,mid,onsite,3,4.0,4.0,4.0,7.0,4.0,4.0,3.0,2.0,2.0,5.0,5.0,5.0,3.0,4.0,3.0,4.0,1.0,4.0,3.0,5.0,3.0,4.0,4.0,4.0,4.0,2.0,3.0,5.0,4.0,1.0,3.0,2.0,2.0,2.0,4.0,3.0,3.0,4.0,5.0,5.0,3.0,4.0,5.0,3.0,3.0,2.0,2.0,4.0,3.0
E0123,A,Israel,1-3y,junior,hybrid,3,3.0,4.0,4.0,6.0,3.0,4.0,3.0,3.0,3.0,4.0,3.0,3.0,2.0,4.0,3.0,4.0,2.0,4.0,3.0,5.0,4.0,2.0,4.0,3.0,4.0,2.0,4.0,5.0,2.0,3.0,3.0,4.0,3.0,3.0,5.0,4.0,4.0,3.0,3.0,3.0,5.0,4.0,3.0,3.0,4.0,5.0,4.0,5.0,4.0
E0124,F,UK,1-3y,junior,onsite,3,4.0,3.0,3.0,3.0,2.0,5.0,3.0,2.0,3.0,3.0,3.0,2.0,3.0,3.0,4.0,3.0,3.0,3.0,1.0,2.0,4.0,3.0,3.0,4.0,4.0,3.0,3.0,10.0,3.0,4.0,3.0,3.0,2.0,1.0,2.0,4.0,3.0,4.0,3.0,3.0,3.0,4.0,3.0,4.0,3.0,4.0,4.0,3.0,2.0
E0125,C,US,>5y,mid,onsite,3,4.0,4.0,4.0,6.0,3.0,4.0,3.0,4.0,4.0,4.0,3.0,4.0,4.0,5.0,3.0,3.0,4.0,3.0,2.0,4.0,3.0,2.0,4.0,3.0,4.0,4.0,3.0,8.0,4.0,5.0,4.0,4.0,4.0,3.0,5.0,4.0,5.0,5.0,5.0,4.0,4.0,5.0,4.0,5.0,4.0,2.0,3.0,3.0,3.0
E0126,E,Israel,<1y,junior,hybrid,3,3.0,4.0,4.0,10.0,5.0,4.0,4.0,5.0,4.0,3.0,3.0,4.0,4.0,2.0,4.0,3.0,2.0,4.0,4.0,2.0,5.0,2.0,2.0,3.0,3.0,3.0,3.0,10.0,2.0,2.0,4.0,2.0,2.0,2.0,4.0,4.0,5.0,3.0,3.0,4.0,2.0,4.0,3.0,3.0,3.0,3.0,3.0,3.0,2.0
E0127,Other (24),US,>5y,lead,hybrid,3,3.0,4.0,5.0,9.0,4.0,4.0,3.0,4.0,3.0,4.0,3.0,5.0,4.0,4.0,2.0,3.0,1.0,3.0,3.0,4.0,4.0,5.0,4.0,5.0,4.0,1.0,5.0,6.0,5.0,1.0,3.0,1.0,3.0,2.0,3.0,3.0,5.0,4.0,3.0,2.0,5.0,4.0,5.0,2.0,2.0,3.0,3.0,4.0,2.0
E0128,I,Israel,1-3y,mid,onsite,3,1.0,4.0,3.0,7.0,4.0,4.0,4.0,3.0,3.0,2.0,2.0,3.0,3.0,2.0,3.0,1.0,4.0,4.0,4.0,4.0,2.0,3.0,3.0,3.0,3.0,3.0,3.0,9.0,3.0,4.0,5.0,2.0,2.0,3.0,4.0,3.0,5.0,2.0,2.0,2.0,5.0,5.0,5.0,4.0,4.0,3.0,4.0,3.0,4.0
E0129,M,India,1-3y,junior,hybrid,3,3.0,4.0,4.0,7.0,3.0,3.0,3.0,3.0,4.0,4.0,3.0,5.0,4.0,4.0,3.0,5.0,2.0,4.0,4.0,5.0,2.0,3.0,5.0,4.0,4.0,4.0,4.0,8.0,4.0,2.0,5.0,1.0,2.0,3.0,3.0,3.0,4.0,4.0,3.0,3.0,3.0,3.0,3.0,5.0,4.0,4.0,4.0,4.0,3.0
E0130,R,UK,1-3y,senior,hybrid,3,2.0,4.0,2.0,8.0,4.0,3.0,2.0,4.0,4.0,2.0,3.0,3.0,4.0,2.0,2.0,1.0,2.0,2.0,2.0,2.0,1.0,3.0,1.0,1.0,3.0,2.0,2.0,6.0,2.0,1.0,3.0,1.0,2.0,3.0,3.0,3.0,2.0,4.0,3.0,5.0,3.0,3.0,2.0,3.0,3.0,4.0,4.0,4.0,5.0
E0131,Other (24),India,1-3y,senior,remote,3,5.0,3.0,4.0,6.0,4.0,4.0,3.0,3.0,3.0,4.0,4.0,5.0,4.0,2.0,3.0,5.0,2.0,5.0,2.0,4.0,5.0,4.0,4.0,4.0,4.0,2.0,3.0,5.0,3.0,3.0,2.0,3.0,3.0,1.0,3.0,3.0,3.0,3.0,4.0,3.0,3.0,4.0,4.0,3.0,3.0,4.0,2.0,3.0,2.0
E0132,Other (24),Europe,1-3y,mid,hybrid,3,3.0,5.0,4.0,7.0,4.0,5.0,4.0,3.0,2.0,5.0,5.0,5.0,1.0,4.0,3.0,5.0,2.0,4.0,3.0,5.0,3.0,4.0,5.0,5.0,5.0,2.0,5.0,5.0,4.0,2.0,4.0,3.0,3.0,2.0,4.0,4.0,4.0,4.0,4.0,3.0,3.0,4.0,5.0,3.0,3.0,3.0,3.0,3.0,3.0
E0133,K,Israel,3-5y,junior,hybrid,3,4.0,4.0,4.0,7.0,3.0,4.0,3.0,3.0,2.0,5.0,5.0,4.0,4.0,4.0,4.0,4.0,3.0,4.0,5.0,3.0,4.0,4.0,3.0,4.0,5.0,2.0,4.0,4.0,5.0,3.0,5.0,2.0,4.0,4.0,5.0,4.0,3.0,5.0,4.0,4.0,5.0,4.0,5.0,4.0,5.0,4.0,4.0,4.0,4.0
E0134,Other (24),UK,1-3y,senior,hybrid,3,4.0,4.0,3.0,6.0,5.0,4.0,3.0,3.0,2.0,4.0,2.0,3.0,2.0,3.0,3.0,3.0,1.0,3.0,4.0,4.0,4.0,2.0,2.0,2.0,3.0,1.0,3.0,7.0,3.0,1.0,3.0,2.0,2.0,1.0,3.0,4.0,4.0,3.0,4.0,2.0,5.0,3.0,4.0,3.0,3.0,5.0,4.0,3.0,4.0
E0135,L,Israel,>5y,junior,remote,3,2.0,4.0,4.0,7.0,3.0,3.0,3.0,2.0,5.0,2.0,2.0,3.0,3.0,3.0,2.0,3.0,1.0,3.0,3.0,4.0,2.0,3.0,2.0,3.0,3.0,3.0,4.0,10.0,2.0,2.0,3.0,2.0,3.0,2.0,3.0,3.0,2.0,3.0,3.0,4.0,4.0,4.0,3.0,4.0,3.0,4.0,2.0,3.0,4.0
E0136,P,UK,3-5y,senior,hybrid,3,4.0,4.0,5.0,10.0,5.0,5.0,4.0,4.0,2.0,5.0,4.0,5.0,4.0,5.0,5.0,4.0,3.0,5.0,5.0,3.0,5.0,4.0,4.0,4.0,5.0,3.0,5.0,6.0,3.0,3.0,5.0,4.0,3.0,4.0,3.0,4.0,3.0,3.0,3.0,4.0,4.0,3.0,3.0,3.0,4.0,4.0,3.0,4.0,4.0
E0137,F,UK,>5y,mid,hybrid,3,4.0,3.0,3.0,7.0,2.0,5.0,3.0,3.0,3.0,4.0,2.0,4.0,2.0,3.0,4.0,3.0,3.0,3.0,3.0,2.0,4.0,4.0,4.0,3.0,4.0,3.0,4.0,7.0,3.0,3.0,4.0,4.0,3.0,3.0,3.0,3.0,1.0,4.0,4.0,3.0,4.0,3.0,2.0,4.0,5.0,4.0,5.0,4.0,3.0
E0138,D,US,>5y,junior,onsite,3,5.0,5.0,5.0,9.0,5.0,4.0,4.0,5.0,3.0,5.0,5.0,5.0,3.0,4.0,5.0,4.0,4.0,3.0,4.0,5.0,5.0,5.0,5.0,4.0,5.0,4.0,5.0,6.0,4.0,5.0,5.0,3.0,3.0,5.0,5.0,4.0,5.0,5.0,5.0,5.0,3.0,5.0,3.0,5.0,5.0,5.0,5.0,5.0,5.0
E0139,H,India,<1y,senior,remote,3,5.0,4.0,5.0,10.0,3.0,5.0,5.0,5.0,5.0,5.0,4.0,5.0,5.0,5.0,4.0,5.0,3.0,4.0,4.0,5.0,5.0,5.0,5.0,5.0,5.0,4.0,5.0,10.0,5.0,4.0,5.0,5.0,5.0,3.0,3.0,4.0,4.0,3.0,4.0,4.0,4.0,3.0,4.0,4.0,3.0,3.0,4.0,5.0,3.0
E0140,Other (24),Europe,1-3y,junior,remote,3,4.0,5.0,5.0,10.0,5.0,3.0,4.0,5.0,3.0,5.0,5.0,5.0,3.0,5.0,4.0,5.0,4.0,4.0,4.0,5.0,4.0,5.0,5.0,5.0,5.0,3.0,5.0,7.0,5.0,3.0,5.0,4.0,4.0,3.0,5.0,5.0,5.0,4.0,5.0,5.0,3.0,3.0,3.0,5.0,4.0,5.0,5.0,4.0,4.0
E0141,L,UK,<1y,mid,onsite,3,4.0,3.0,5.0,4.0,4.0,5.0,4.0,4.0,5.0,3.0,2.0,4.0,2.0,3.0,5.0,4.0,3.0,5.0,3.0,4.0,2.0,5.0,3.0,4.0,4.0,2.0,4.0,9.0,3.0,3.0,4.0,3.0,3.0,2.0,3.0,4.0,5.0,3.0,4.0,3.0,5.0,5.0,5.0,3.0,4.0,4.0,3.0,3.0,3.0
E0142,R,India,>5y,junior,hybrid,3,4.0,5.0,3.0,7.0,5.0,4.0,4.0,5.0,4.0,4.0,5.0,4.0,3.0,2.0,4.0,4.0,2.0,4.0,3.0,3.0,4.0,3.0,3.0,4.0,5.0,3.0,2.0,8.0,4.0,4.0,4.0,2.0,4.0,3.0,5.0,5.0,4.0,5.0,5.0,3.0,4.0,5.0,5.0,3.0,4.0,5.0,4.0,3.0,4.0
E0143,A,UK,1-3y,mid,remote,3,4.0,3.0,4.0,8.0,5.0,4.0,4.0,4.0,3.0,4.0,3.0,3.0,4.0,5.0,4.0,4.0,3.0,5.0,4.0,4.0,5.0,4.0,5.0,4.0,2.0,3.0,4.0,7.0,4.0,4.0,4.0,5.0,5.0,4.0,4.0,4.0,4.0,5.0,4.0,4.0,3.0,4.0,4.0,5.0,5.0,3.0,3.0,5.0,4.0
E0144,K,US,3-5y,senior,hybrid,3,2.0,3.0,4.0,6.0,2.0,2.0,1.0,3.0,4.0,3.0,3.0,2.0,4.0,2.0,2.0,2.0,2.0,3.0,3.0,3.0,3.0,3.0,3.0,2.0,2.0,2.0,2.0,6.0,3.0,2.0,3.0,2.0,2.0,1.0,4.0,4.0,3.0,4.0,4.0,3.0,4.0,3.0,4.0,2.0,4.0,3.0,3.0,3.0,3.0
E0145,L,US,<1y,junior,hybrid,3,4.0,3.0,4.0,3.0,4.0,4.0,3.0,2.0,4.0,4.0,2.0,2.0,3.0,4.0,4.0,2.0,2.0,4.0,2.0,3.0,3.0,2.0,3.0,2.0,3.0,2.0,3.0,5.0,2.0,1.0,3.0,3.0,3.0,1.0,5.0,4.0,3.0,4.0,4.0,5.0,3.0,4.0,3.0,3.0,3.0,4.0,3.0,3.0,3.0
E0146,D,UK,3-5y,senior,hybrid,3,4.0,4.0,4.0,8.0,4.0,4.0,3.0,4.0,4.0,3.0,3.0,3.0,3.0,3.0,5.0,4.0,3.0,3.0,3.0,4.0,3.0,5.0,3.0,4.0,4.0,3.0,4.0,8.0,3.0,4.0,5.0,2.0,3.0,4.0,4.0,5.0,4.0,3.0,4.0,4.0,3.0,3.0,4.0,4.0,4.0,4.0,4.0,2.0,4.0
E0147,P,UK,<1y,senior,hybrid,3,2.0,4.0,4.0,7.0,5.0,3.0,1.0,4.0,4.0,4.0,4.0,5.0,4.0,4.0,3.0,4.0,2.0,2.0,3.0,4.0,3.0,5.0,3.0,3.0,5.0,4.0,5.0,8.0,4.0,3.0,5.0,2.0,3.0,3.0,5.0,3.0,3.0,3.0,3.0,3.0,4.0,5.0,4.0,4.0,3.0,4.0,4.0,3.0,2.0
E0148,A,UK,1-3y,junior,hybrid,3,3.0,4.0,4.0,7.0,4.0,3.0,3.0,5.0,2.0,4.0,4.0,4.0,4.0,5.0,3.0,5.0,2.0,5.0,4.0,5.0,4.0,4.0,4.0,5.0,3.0,2.0,5.0,7.0,4.0,3.0,5.0,4.0,4.0,2.0,4.0,4.0,4.0,4.0,5.0,5.0,4.0,4.0,4.0,4.0,4.0,5.0,5.0,3.0,4.0
E0149,Other (24),US,1-3y,junior,hybrid,3,5.0,3.0,4.0,6.0,4.0,4.0,5.0,3.0,3.0,4.0,4.0,4.0,4.0,4.0,4.0,4.0,2.0,3.0,3.0,4.0,5.0,4.0,4.0,4.0,5.0,3.0,2.0,9.0,3.0,3.0,4.0,2.0,3.0,2.0,4.0,4.0,3.0,3.0,3.0,4.0,4.0,4.0,5.0,4.0,3.0,3.0,3.0,5.0,4.0
E0150,Q,Europe,1-3y,junior,hybrid,3,5.0,4.0,3.0,8.0,5.0,3.0,3.0,5.0,4.0,2.0,3.0,4.0,2.0,3.0,4.0,3.0,3.0,2.0,5.0,3.0,3.0,4.0,3.0,3.0,4.0,3.0,4.0,6.0,4.0,2.0,5.0,3.0,2.0,4.0,4.0,4.0,4.0,3.0,4.0,4.0,5.0,4.0,4.0,4.0,4.0,4.0,5.0,3.0,3.0
E0151,N,US,1-3y,junior,hybrid,3,4.0,4.0,5.0,7.0,4.0,4.0,3.0,4.0,3.0,3.0,3.0,3.0,4.0,4.0,5.0,3.0,3.0,5.0,5.0,4.0,4.0,5.0,3.0,4.0,4.0,4.0,3.0,3.0,3.0,3.0,5.0,4.0,3.0,5.0,3.0,4.0,4.0,4.0,4.0,4.0,3.0,4.0,4.0,4.0,3.0,4.0,4.0,5.0,5.0
E0152,Other (24),US,3-5y,mid,remote,3,4.0,5.0,3.0,8.0,4.0,4.0,3.0,4.0,3.0,4.0,4.0,4.0,3.0,2.0,4.0,3.0,2.0,4.0,3.0,4.0,3.0,3.0,4.0,4.0,3.0,2.0,2.0,5.0,2.0,2.0,4.0,3.0,2.0,2.0,4.0,5.0,3.0,4.0,5.0,4.0,5.0,5.0,4.0,3.0,3.0,5.0,5.0,3.0,4.0
E0153,F,Israel,1-3y,mid,hybrid,3,4.0,3.0,1.0,5.0,4.0,4.0,4.0,4.0,3.0,2.0,1.0,1.0,2.0,2.0,3.0,1.0,4.0,3.0,3.0,2.0,3.0,2.0,2.0,3.0,3.0,2.0,3.0,10.0,2.0,1.0,4.0,3.0,1.0,1.0,3.0,3.0,4.0,4.0,3.0,4.0,4.0,3.0,3.0,3.0,3.0,1.0,4.0,4.0,3.0
E0154,Other (24),UK,1-3y,junior,remote,3,4.0,4.0,3.0,8.0,4.0,5.0,4.0,5.0,4.0,3.0,3.0,5.0,5.0,4.0,4.0,5.0,2.0,4.0,4.0,5.0,3.0,4.0,5.0,5.0,4.0,1.0,5.0,8.0,5.0,2.0,4.0,3.0,3.0,2.0,5.0,5.0,5.0,4.0,3.0,3.0,4.0,4.0,5.0,4.0,3.0,4.0,5.0,3.0,3.0
E0155,Other (24),India,3-5y,senior,hybrid,3,4.0,4.0,4.0,10.0,5.0,4.0,4.0,4.0,3.0,3.0,4.0,4.0,4.0,1.0,3.0,4.0,4.0,3.0,4.0,5.0,3.0,4.0,3.0,4.0,5.0,3.0,3.0,7.0,3.0,3.0,4.0,4.0,5.0,3.0,3.0,3.0,4.0,5.0,4.0,4.0,4.0,5.0,4.0,5.0,4.0,4.0,4.0,5.0,4.0
E0156,L,UK,<1y,senior,hybrid,3,4.0,4.0,4.0,5.0,4.0,4.0,2.0,3.0,3.0,3.0,2.0,3.0,2.0,3.0,2.0,3.0,2.0,2.0,1.0,3.0,3.0,3.0,4.0,3.0,3.0,3.0,3.0,8.0,3.0,3.0,3.0,4.0,3.0,2.0,4.0,4.0,3.0,5.0,5.0,5.0,3.0,3.0,5.0,4.0,4.0,4.0,2.0,4.0,3.0
E0157,L,UK,<1y,senior,onsite,3,5.0,3.0,4.0,6.0,4.0,4.0,5.0,4.0,3.0,4.0,3.0,3.0,3.0,4.0,4.0,5.0,3.0,3.0,2.0,5.0,4.0,4.0,3.0,4.0,4.0,3.0,3.0,7.0,3.0,4.0,5.0,4.0,4.0,3.0,4.0,5.0,4.0,4.0,3.0,5.0,5.0,5.0,5.0,5.0,4.0,4.0,5.0,4.0,4.0
E0158,B,Israel,<1y,senior,hybrid,3,5.0,5.0,4.0,5.0,4.0,3.0,4.0,4.0,4.0,3.0,3.0,4.0,3.0,2.0,4.0,3.0,3.0,3.0,3.0,4.0,4.0,3.0,2.0,3.0,4.0,2.0,3.0,8.0,3.0,2.0,4.0,2.0,2.0,1.0,3.0,4.0,4.0,4.0,3.0,4.0,3.0,5.0,4.0,3.0,3.0,4.0,4.0,4.0,4.0
E0159,N,Europe,<1y,mid,hybrid,3,4.0,3.0,5.0,9.0,5.0,3.0,3.0,5.0,3.0,4.0,4.0,5.0,5.0,4.0,4.0,4.0,4.0,3.0,5.0,5.0,4.0,5.0,4.0,5.0,3.0,3.0,5.0,6.0,5.0,4.0,5.0,4.0,3.0,5.0,5.0,4.0,5.0,3.0,3.0,4.0,5.0,5.0,4.0,5.0,4.0,3.0,4.0,4.0,3.0
E0160,Q,Israel,1-3y,mid,remote,3,5.0,5.0,4.0,8.0,4.0,5.0,4.0,4.0,4.0,4.0,3.0,4.0,3.0,4.0,4.0,5.0,2.0,4.0,4.0,4.0,5.0,3.0,3.0,5.0,4.0,2.0,5.0,8.0,4.0,2.0,3.0,1.0,1.0,2.0,2.0,3.0,4.0,5.0,4.0,4.0,3.0,2.0,4.0,3.0,2.0,3.0,3.0,4.0,3.0
E0161,K,US,3-5y,senior,remote,3,4.0,4.0,3.0,6.0,3.0,3.0,3.0,4.0,4.0,3.0,3.0,3.0,3.0,3.0,3.0,3.0,4.0,3.0,3.0,4.0,5.0,3.0,3.0,3.0,4.0,3.0,4.0,3.0,2.0,3.0,3.0,3.0,3.0,4.0,5.0,4.0,5.0,3.0,4.0,5.0,3.0,4.0,4.0,4.0,3.0,4.0,4.0,4.0,4.0
E0162,H,US,<1y,junior,onsite,3,5.0,5.0,5.0,10.0,5.0,4.0,3.0,5.0,5.0,4.0,3.0,4.0,4.0,4.0,3.0,4.0,4.0,3.0,5.0,4.0,4.0,4.0,5.0,5.0,4.0,4.0,5.0,10.0,4.0,5.0,5.0,4.0,5.0,4.0,4.0,5.0,3.0,5.0,4.0,4.0,4.0,3.0,5.0,4.0,5.0,4.0,4.0,3.0,2.0
E0163,I,India,<1y,senior,remote,3,3.0,3.0,5.0,7.0,3.0,3.0,3.0,3.0,3.0,4.0,3.0,1.0,3.0,3.0,3.0,3.0,3.0,4.0,3.0,2.0,3.0,5.0,2.0,3.0,4.0,2.0,3.0,7.0,2.0,3.0,3.0,3.0,3.0,3.0,4.0,3.0,4.0,4.0,4.0,4.0,1.0,3.0,2.0,4.0,4.0,4.0,3.0,4.0,3.0
E0164,Other (24),UK,1-3y,senior,onsite,3,4.0,4.0,4.0,9.0,3.0,4.0,4.0,3.0,3.0,5.0,3.0,5.0,3.0,4.0,4.0,4.0,1.0,4.0,4.0,5.0,3.0,3.0,3.0,5.0,4.0,2.0,5.0,7.0,5.0,2.0,4.0,3.0,3.0,2.0,4.0,3.0,4.0,4.0,4.0,3.0,5.0,4.0,4.0,3.0,2.0,3.0,3.0,4.0,3.0
E0165,H,India,1-3y,junior,hybrid,3,5.0,5.0,5.0,10.0,4.0,3.0,4.0,4.0,4.0,5.0,4.0,5.0,4.0,5.0,4.0,5.0,3.0,5.0,5.0,4.0,4.0,5.0,5.0,5.0,5.0,4.0,5.0,10.0,4.0,5.0,4.0,4.0,4.0,4.0,5.0,4.0,4.0,5.0,4.0,5.0,5.0,5.0,5.0,4.0,5.0,5.0,4.0,4.0,4.0
E0166,Other (24),US,<1y,senior,remote,3,4.0,3.0,2.0,7.0,5.0,5.0,4.0,5.0,2.0,3.0,2.0,4.0,2.0,2.0,4.0,3.0,3.0,5.0,3.0,4.0,5.0,2.0,3.0,3.0,4.0,1.0,3.0,4.0,4.0,2.0,4.0,2.0,4.0,1.0,5.0,5.0,4.0,3.0,3.0,3.0,4.0,3.0,4.0,3.0,3.0,4.0,3.0,5.0,4.0
E0167,N,Europe,1-3y,mid,onsite,3,4.0,4.0,5.0,9.0,5.0,4.0,3.0,5.0,3.0,4.0,5.0,5.0,4.0,5.0,5.0,3.0,4.0,4.0,4.0,5.0,4.0,5.0,5.0,4.0,3.0,3.0,5.0,7.0,4.0,3.0,5.0,4.0,3.0,5.0,4.0,4.0,5.0,3.0,4.0,3.0,4.0,3.0,4.0,5.0,4.0,2.0,4.0,4.0,4.0
E0168,R,US,1-3y,mid,hybrid,3,3.0,4.0,4.0,6.0,4.0,4.0,2.0,4.0,2.0,4.0,3.0,3.0,3.0,3.0,2.0,3.0,3.0,3.0,3.0,5.0,2.0,4.0,3.0,3.0,5.0,4.0,4.0,3.0,4.0,3.0,3.0,3.0,2.0,4.0,3.0,3.0,3.0,3.0,3.0,3.0,4.0,4.0,3.0,5.0,5.0,1.0,2.0,4.0,3.0
E0169,C,UK,1-3y,junior,hybrid,3,2.0,2.0,3.0,7.0,4.0,2.0,2.0,3.0,4.0,4.0,4.0,3.0,5.0,1.0,3.0,4.0,4.0,3.0,3.0,4.0,3.0,4.0,3.0,3.0,4.0,4.0,4.0,9.0,3.0,4.0,4.0,2.0,3.0,2.0,3.0,3.0,3.0,2.0,2.0,2.0,3.0,3.0,4.0,5.0,3.0,4.0,5.0,2.0,2.0
E0170,R,Israel,1-3y,junior,remote,3,3.0,5.0,2.0,8.0,4.0,4.0,3.0,4.0,3.0,3.0,3.0,3.0,3.0,3.0,3.0,2.0,3.0,4.0,4.0,3.0,3.0,3.0,2.0,2.0,3.0,5.0,2.0,8.0,3.0,4.0,5.0,2.0,3.0,3.0,3.0,5.0,4.0,5.0,5.0,4.0,2.0,3.0,4.0,5.0,5.0,3.0,4.0,4.0,4.0
E0171,L,US,1-3y,mid,onsite,3,4.0,4.0,5.0,6.0,2.0,4.0,5.0,3.0,4.0,4.0,4.0,3.0,5.0,2.0,5.0,4.0,4.0,4.0,3.0,5.0,4.0,4.0,3.0,4.0,4.0,3.0,4.0,8.0,1.0,3.0,3.0,3.0,3.0,3.0,5.0,4.0,5.0,3.0,3.0,4.0,4.0,4.0,5.0,4.0,4.0,4.0,4.0,3.0,4.0
E0172,K,US,<1y,senior,onsite,3,2.0,5.0,3.0,8.0,5.0,3.0,3.0,3.0,5.0,2.0,3.0,2.0,4.0,1.0,3.0,4.0,2.0,3.0,4.0,3.0,4.0,3.0,4.0,5.0,4.0,1.0,3.0,7.0,4.0,1.0,4.0,2.0,2.0,2.0,5.0,5.0,4.0,4.0,5.0,3.0,4.0,4.0,4.0,3.0,2.0,5.0,4.0,3.0,4.0
E0173,R,UK,3-5y,mid,hybrid,3,4.0,5.0,4.0,9.0,5.0,3.0,2.0,4.0,3.0,4.0,5.0,4.0,3.0,4.0,2.0,4.0,3.0,3.0,5.0,5.0,2.0,4.0,3.0,3.0,4.0,3.0,5.0,7.0,4.0,2.0,5.0,2.0,4.0,3.0,5.0,5.0,5.0,3.0,4.0,4.0,4.0,5.0,4.0,4.0,4.0,4.0,4.0,4.0,3.0
E0174,H,US,1-3y,junior,hybrid,3,5.0,5.0,5.0,10.0,5.0,5.0,5.0,5.0,4.0,5.0,5.0,5.0,4.0,4.0,5.0,4.0,4.0,4.0,5.0,5.0,4.0,5.0,4.0,5.0,5.0,5.0,5.0,7.0,4.0,5.0,5.0,3.0,3.0,5.0,4.0,4.0,5.0,3.0,3.0,4.0,3.0,4.0,3.0,4.0,4.0,4.0,4.0,4.0,4.0
E0175,Q,Israel,>5y,senior,hybrid,3,3.0,4.0,4.0,10.0,4.0,4.0,4.0,4.0,4.0,4.0,5.0,4.0,4.0,5.0,4.0,5.0,4.0,4.0,3.0,5.0,4.0,4.0,4.0,5.0,4.0,4.0,5.0,9.0,4.0,3.0,5.0,3.0,4.0,4.0,3.0,3.0,3.0,4.0,3.0,4.0,4.0,5.0,4.0,5.0,4.0,3.0,3.0,5.0,5.0
E0176,J,Europe,>5y,mid,hybrid,3,3.0,4.0,4.0,4.0,4.0,4.0,4.0,4.0,2.0,4.0,3.0,3.0,1.0,3.0,4.0,3.0,3.0,4.0,3.0,4.0,4.0,3.0,3.0,5.0,3.0,2.0,4.0,7.0,4.0,2.0,3.0,2.0,1.0,2.0,4.0,5.0,4.0,4.0,4.0,4.0,3.0,3.0,5.0,3.0,3.0,4.0,3.0,3.0,5.0
E0177,L,UK,1-3y,senior,hybrid,3,3.0,3.0,4.0,2.0,3.0,4.0,3.0,3.0,3.0,3.0,1.0,3.0,3.0,3.0,3.0,3.0,2.0,4.0,2.0,3.0,3.0,3.0,3.0,4.0,4.0,2.0,3.0,8.0,3.0,2.0,2.0,3.0,2.0,3.0,4.0,5.0,4.0,3.0,3.0,2.0,2.0,3.0,3.0,3.0,4.0,3.0,3.0,3.0,1.0
E0178,R,Israel,>5y,mid,remote,3,2.0,4.0,5.0,6.0,3.0,2.0,3.0,2.0,3.0,3.0,4.0,4.0,2.0,3.0,2.0,3.0,1.0,1.0,2.0,4.0,1.0,4.0,4.0,4.0,5.0,3.0,3.0,5.0,3.0,2.0,3.0,1.0,2.0,2.0,2.0,3.0,4.0,4.0,4.0,4.0,3.0,2.0,2.0,2.0,2.0,3.0,3.0,3.0,3.0
E0179,H,US,1-3y,mid,remote,3,5.0,4.0,5.0,10.0,4.0,5.0,5.0,4.0,5.0,5.0,5.0,4.0,5.0,4.0,4.0,5.0,3.0,4.0,4.0,4.0,5.0,5.0,5.0,5.0,5.0,4.0,5.0,9.0,3.0,5.0,4.0,3.0,3.0,3.0,4.0,5.0,5.0,4.0,4.0,4.0,4.0,3.0,4.0,3.0,4.0,4.0,4.0,3.0,3.0
E0180,Other (24),Israel,>5y,junior,hybrid,3,3.0,5.0,4.0,8.0,5.0,5.0,3.0,4.0,2.0,3.0,4.0,4.0,3.0,3.0,3.0,5.0,4.0,4.0,5.0,5.0,3.0,3.0,4.0,3.0,4.0,3.0,4.0,6.0,3.0,3.0,5.0,4.0,3.0,2.0,4.0,3.0,4.0,5.0,5.0,5.0,4.0,4.0,4.0,4.0,4.0,4.0,4.0,3.0,3.0
E0181,L,US,3-5y,junior,remote,3,3.0,3.0,4.0,3.0,3.0,3.0,4.0,3.0,3.0,3.0,3.0,3.0,2.0,4.0,4.0,3.0,2.0,4.0,3.0,4.0,3.0,3.0,5.0,2.0,4.0,3.0,4.0,8.0,3.0,4.0,4.0,2.0,2.0,2.0,2.0,3.0,3.0,3.0,3.0,4.0,4.0,4.0,4.0,4.0,3.0,4.0,3.0,5.0,4.0
E0182,L,UK,>5y,senior,hybrid,3,3.0,2.0,5.0,5.0,3.0,3.0,2.0,4.0,4.0,3.0,2.0,4.0,3.0,4.0,3.0,2.0,3.0,3.0,3.0,4.0,4.0,4.0,4.0,4.0,3.0,3.0,3.0,7.0,3.0,2.0,2.0,3.0,3.0,2.0,3.0,4.0,3.0,4.0,5.0,4.0,3.0,3.0,4.0,4.0,4.0,3.0,3.0,3.0,4.0
E0183,A,Europe,3-5y,junior,hybrid,3,4.0,2.0,3.0,6.0,2.0,3.0,4.0,3.0,3.0,3.0,3.0,3.0,3.0,3.0,4.0,3.0,2.0,4.0,3.0,4.0,4.0,2.0,3.0,4.0,3.0,1.0,3.0,6.0,2.0,2.0,4.0,2.0,4.0,3.0,5.0,5.0,4.0,3.0,3.0,3.0,3.0,4.0,3.0,3.0,3.0,5.0,4.0,4.0,5.0
E0184,G,India,<1y,senior,hybrid,3,3.0,3.0,3.0,9.0,4.0,4.0,4.0,3.0,2.0,3.0,3.0,4.0,2.0,4.0,3.0,3.0,3.0,3.0,4.0,2.0,3.0,4.0,2.0,2.0,4.0,3.0,4.0,5.0,3.0,2.0,3.0,3.0,3.0,3.0,3.0,3.0,5.0,4.0,3.0,5.0,4.0,4.0,5.0,4.0,4.0,3.0,4.0,3.0,3.0
E0185,B,US,>5y,mid,hybrid,3,4.0,4.0,5.0,10.0,4.0,4.0,5.0,4.0,4.0,4.0,3.0,4.0,3.0,3.0,4.0,3.0,2.0,4.0,5.0,5.0,4.0,4.0,5.0,4.0,5.0,2.0,4.0,8.0,3.0,3.0,4.0,2.0,4.0,3.0,4.0,4.0,4.0,4.0,3.0,3.0,5.0,5.0,5.0,4.0,3.0,3.0,5.0,4.0,4.0
E0186,I,US,>5y,junior,onsite,3,3.0,4.0,5.0,9.0,5.0,4.0,4.0,4.0,3.0,5.0,4.0,4.0,2.0,5.0,2.0,4.0,3.0,3.0,4.0,4.0,4.0,4.0,4.0,5.0,5.0,3.0,5.0,9.0,5.0,4.0,5.0,3.0,4.0,3.0,5.0,4.0,5.0,4.0,3.0,4.0,4.0,4.0,4.0,4.0,5.0,4.0,5.0,4.0,4.0
E0187,N,UK,3-5y,mid,hybrid,3,3.0,3.0,4.0,7.0,4.0,3.0,2.0,4.0,4.0,3.0,3.0,4.0,3.0,3.0,4.0,3.0,5.0,3.0,3.0,4.0,4.0,5.0,4.0,5.0,3.0,3.0,5.0,6.0,5.0,3.0,3.0,4.0,3.0,5.0,4.0,3.0,3.0,4.0,4.0,4.0,4.0,3.0,5.0,4.0,5.0,4.0,4.0,4.0,4.0
E0188,N,Europe,1-3y,mid,hybrid,3,3.0,4.0,4.0,10.0,5.0,5.0,5.0,5.0,2.0,3.0,4.0,4.0,2.0,3.0,4.0,3.0,4.0,4.0,4.0,4.0,3.0,5.0,3.0,4.0,4.0,3.0,2.0,4.0,4.0,3.0,5.0,3.0,2.0,3.0,4.0,4.0,4.0,3.0,4.0,4.0,4.0,4.0,5.0,3.0,4.0,4.0,4.0,3.0,4.0
E0189,M,US,3-5y,mid,hybrid,3,3.0,4.0,4.0,7.0,4.0,3.0,3.0,4.0,2.0,3.0,2.0,4.0,3.0,3.0,3.0,4.0,2.0,4.0,3.0,5.0,3.0,3.0,4.0,4.0,4.0,4.0,3.0,7.0,4.0,4.0,4.0,3.0,3.0,5.0,4.0,4.0,3.0,3.0,3.0,3.0,5.0,5.0,5.0,4.0,3.0,4.0,5.0,3.0,2.0
E0190,R,Europe,1-3y,junior,remote,3,3.0,5.0,4.0,7.0,4.0,3.0,3.0,5.0,3.0,3.0,4.0,4.0,2.0,3.0,3.0,3.0,2.0,3.0,4.0,4.0,3.0,3.0,4.0,3.0,4.0,2.0,3.0,5.0,3.0,1.0,3.0,2.0,3.0,2.0,4.0,5.0,4.0,4.0,4.0,4.0,4.0,4.0,4.0,3.0,3.0,3.0,4.0,3.0,3.0
E0191,Q,US,<1y,senior,onsite,3,5.0,5.0,4.0,8.0,5.0,4.0,5.0,5.0,5.0,5.0,5.0,5.0,3.0,5.0,5.0,5.0,4.0,4.0,4.0,5.0,4.0,5.0,4.0,5.0,5.0,3.0,5.0,5.0,5.0,3.0,5.0,3.0,2.0,4.0,5.0,5.0,5.0,4.0,3.0,4.0,5.0,4.0,4.0,4.0,3.0,5.0,5.0,4.0,3.0
E0192,L,US,<1y,junior,hybrid,3,4.0,3.0,4.0,4.0,3.0,4.0,4.0,4.0,5.0,3.0,2.0,3.0,4.0,5.0,4.0,4.0,2.0,3.0,3.0,4.0,3.0,3.0,2.0,3.0,3.0,2.0,3.0,10.0,4.0,1.0,3.0,2.0,2.0,1.0,3.0,3.0,4.0,4.0,3.0,4.0,4.0,4.0,4.0,4.0,4.0,5.0,5.0,3.0,3.0
E0193,O,Israel,<1y,mid,remote,3,3.0,4.0,3.0,5.0,5.0,3.0,2.0,4.0,3.0,4.0,2.0,3.0,2.0,2.0,3.0,4.0,2.0,3.0,5.0,3.0,4.0,4.0,2.0,3.0,2.0,4.0,4.0,7.0,2.0,3.0,5.0,2.0,2.0,3.0,4.0,4.0,4.0,2.0,2.0,3.0,3.0,4.0,4.0,3.0,3.0,3.0,3.0,3.0,2.0
E0194,K,UK,3-5y,senior,hybrid,3,2.0,4.0,4.0,9.0,4.0,3.0,3.0,4.0,3.0,3.0,4.0,4.0,2.0,3.0,4.0,4.0,4.0,3.0,5.0,4.0,3.0,3.0,4.0,4.0,4.0,3.0,4.0,5.0,5.0,3.0,3.0,4.0,3.0,4.0,4.0,4.0,5.0,5.0,4.0,5.0,4.0,5.0,5.0,4.0,4.0,4.0,5.0,3.0,4.0
E0195,G,US,3-5y,mid,hybrid,3,4.0,4.0,2.0,10.0,4.0,4.0,3.0,4.0,2.0,4.0,4.0,5.0,2.0,5.0,4.0,4.0,4.0,4.0,4.0,5.0,5.0,4.0,3.0,3.0,5.0,5.0,4.0,7.0,4.0,4.0,5.0,4.0,4.0,3.0,5.0,4.0,4.0,4.0,4.0,4.0,4.0,4.0,3.0,4.0,5.0,3.0,3.0,2.0,3.0
E0196,D,US,<1y,junior,hybrid,3,3.0,4.0,4.0,4.0,4.0,3.0,4.0,3.0,2.0,4.0,5.0,5.0,3.0,2.0,3.0,5.0,3.0,2.0,2.0,5.0,3.0,5.0,5.0,4.0,5.0,5.0,4.0,5.0,3.0,3.0,4.0,2.0,3.0,3.0,3.0,4.0,3.0,4.0,5.0,4.0,4.0,3.0,3.0,3.0,4.0,3.0,4.0,3.0,3.0
E0197,I,US,3-5y,junior,hybrid,3,4.0,4.0,5.0,6.0,4.0,5.0,2.0,3.0,5.0,4.0,3.0,4.0,5.0,4.0,3.0,4.0,3.0,4.0,3.0,4.0,3.0,5.0,5.0,4.0,5.0,3.0,5.0,10.0,4.0,3.0,5.0,4.0,3.0,3.0,3.0,3.0,4.0,4.0,4.0,3.0,3.0,4.0,4.0,4.0,3.0,5.0,5.0,4.0,3.0
E0198,Other (24),India,1-3y,lead,onsite,3,4.0,3.0,3.0,7.0,3.0,5.0,4.0,2.0,3.0,2.0,3.0,3.0,3.0,2.0,4.0,3.0,1.0,4.0,3.0,2.0,3.0,3.0,1.0,3.0,2.0,1.0,2.0,8.0,2.0,1.0,3.0,1.0,1.0,2.0,2.0,3.0,4.0,5.0,4.0,4.0,3.0,5.0,3.0,3.0,3.0,5.0,4.0,3.0,4.0
E0199,D,US,1-3y,junior,hybrid,3,1.0,1.0,4.0,4.0,3.0,3.0,3.0,2.0,3.0,3.0,3.0,3.0,3.0,3.0,4.0,2.0,2.0,2.0,2.0,4.0,2.0,4.0,4.0,4.0,3.0,2.0,4.0,5.0,3.0,2.0,2.0,1.0,1.0,3.0,3.0,2.0,3.0,4.0,4.0,3.0,4.0,4.0,4.0,3.0,3.0,4.0,4.0,4.0,4.0
E0200,Other (24),Europe,>5y,senior,hybrid,3,4.0,5.0,4.0,7.0,4.0,3.0,4.0,3.0,3.0,3.0,4.0,5.0,2.0,3.0,3.0,4.0,1.0,2.0,3.0,4.0,4.0,4.0,4.0,4.0,4.0,1.0,4.0,4.0,5.0,1.0,4.0,3.0,3.0,2.0,5.0,5.0,5.0,5.0,4.0,4.0,3.0,4.0,4.0,3.0,4.0,3.0,4.0,4.0,5.0
E0201,G,UK,<1y,mid,remote,3,4.0,4.0,3.0,9.0,4.0,2.0,4.0,5.0,3.0,4.0,4.0,3.0,3.0,4.0,4.0,5.0,2.0,5.0,4.0,4.0,4.0,5.0,4.0,4.0,5.0,2.0,3.0,8.0,3.0,1.0,3.0,2.0,3.0,2.0,4.0,4.0,4.0,4.0,3.0,3.0,5.0,4.0,4.0,3.0,4.0,3.0,5.0,4.0,4.0
E0202,Q,US,1-3y,junior,hybrid,3,4.0,4.0,2.0,6.0,4.0,5.0,4.0,4.0,3.0,4.0,3.0,3.0,2.0,4.0,5.0,3.0,3.0,5.0,4.0,3.0,5.0,2.0,4.0,3.0,4.0,2.0,3.0,4.0,5.0,2.0,4.0,2.0,2.0,2.0,4.0,4.0,4.0,4.0,4.0,4.0,5.0,5.0,4.0,3.0,2.0,4.0,5.0,4.0,4.0
E0203,K,US,3-5y,senior,hybrid,3,3.0,2.0,4.0,4.0,3.0,4.0,3.0,2.0,3.0,4.0,4.0,3.0,3.0,3.0,3.0,3.0,3.0,3.0,4.0,3.0,3.0,3.0,2.0,3.0,4.0,2.0,4.0,7.0,3.0,3.0,3.0,3.0,2.0,1.0,4.0,4.0,4.0,3.0,4.0,3.0,5.0,4.0,5.0,3.0,4.0,3.0,3.0,2.0,3.0
E0204,Other (24),US,<1y,junior,remote,3,3.0,3.0,3.0,7.0,4.0,4.0,3.0,3.0,2.0,4.0,4.0,5.0,2.0,3.0,2.0,5.0,1.0,4.0,3.0,4.0,4.0,5.0,5.0,5.0,4.0,1.0,4.0,5.0,4.0,1.0,3.0,2.0,1.0,1.0,3.0,4.0,3.0,3.0,3.0,3.0,3.0,2.0,2.0,3.0,3.0,2.0,2.0,3.0,3.0
E0205,C,India,<1y,junior,remote,3,3.0,5.0,5.0,8.0,5.0,3.0,4.0,5.0,4.0,5.0,4.0,5.0,4.0,4.0,5.0,5.0,4.0,3.0,5.0,5.0,4.0,5.0,4.0,3.0,5.0,5.0,5.0,9.0,4.0,3.0,5.0,3.0,4.0,4.0,5.0,4.0,4.0,4.0,5.0,4.0,4.0,5.0,5.0,5.0,5.0,5.0,5.0,5.0,5.0
E0206,I,Israel,1-3y,lead,remote,3,5.0,3.0,5.0,5.0,3.0,5.0,5.0,4.0,5.0,4.0,4.0,3.0,4.0,4.0,4.0,4.0,3.0,4.0,4.0,5.0,5.0,5.0,5.0,4.0,5.0,3.0,3.0,10.0,3.0,3.0,4.0,4.0,3.0,3.0,5.0,5.0,5.0,4.0,4.0,3.0,5.0,5.0,5.0,5.0,5.0,5.0,5.0,4.0,4.0
E0207,Other (24),US,3-5y,junior,hybrid,3,2.0,4.0,4.0,8.0,4.0,3.0,3.0,4.0,4.0,4.0,3.0,5.0,4.0,4.0,3.0,3.0,2.0,2.0,4.0,4.0,2.0,4.0,3.0,4.0,4.0,2.0,2.0,7.0,4.0,2.0,4.0,2.0,3.0,1.0,5.0,4.0,5.0,5.0,4.0,4.0,4.0,4.0,3.0,2.0,2.0,4.0,3.0,3.0,4.0
E0208,B,UK,1-3y,junior,onsite,3,3.0,4.0,4.0,7.0,4.0,3.0,3.0,4.0,4.0,3.0,4.0,4.0,3.0,3.0,4.0,3.0,5.0,3.0,3.0,5.0,4.0,3.0,3.0,4.0,4.0,4.0,4.0,10.0,4.0,4.0,4.0,3.0,5.0,3.0,4.0,3.0,2.0,3.0,3.0,3.0,5.0,5.0,5.0,5.0,5.0,3.0,3.0,5.0,5.0
E0209,C,UK,3-5y,mid,hybrid,3,3.0,5.0,4.0,8.0,4.0,3.0,3.0,2.0,3.0,4.0,5.0,4.0,4.0,4.0,3.0,4.0,4.0,4.0,4.0,4.0,3.0,4.0,4.0,4.0,3.0,4.0,4.0,9.0,4.0,2.0,5.0,2.0,3.0,2.0,5.0,3.0,4.0,3.0,4.0,4.0,4.0,5.0,5.0,3.0,4.0,3.0,3.0,3.0,4.0
E0210,H,UK,1-3y,mid,remote,3,5.0,4.0,5.0,10.0,5.0,5.0,5.0,5.0,5.0,4.0,4.0,5.0,5.0,3.0,4.0,4.0,2.0,4.0,5.0,4.0,5.0,5.0,4.0,4.0,5.0,4.0,5.0,10.0,3.0,4.0,5.0,4.0,3.0,5.0,4.0,4.0,2.0,5.0,4.0,5.0,3.0,4.0,4.0,5.0,4.0,5.0,5.0,5.0,4.0
E0211,C,India,<1y,mid,onsite,3,3.0,3.0,5.0,7.0,4.0,2.0,3.0,4.0,3.0,3.0,4.0,4.0,3.0,4.0,3.0,4.0,5.0,3.0,3.0,4.0,5.0,3.0,4.0,5.0,4.0,5.0,4.0,5.0,4.0,5.0,5.0,3.0,3.0,3.0,4.0,4.0,5.0,3.0,3.0,3.0,5.0,4.0,4.0,5.0,4.0,5.0,5.0,5.0,4.0
E0212,Q,UK,1-3y,senior,remote,3,4.0,5.0,4.0,9.0,5.0,4.0,4.0,5.0,4.0,3.0,3.0,3.0,4.0,5.0,5.0,5.0,4.0,4.0,4.0,4.0,5.0,3.0,3.0,5.0,4.0,2.0,4.0,4.0,3.0,3.0,5.0,4.0,3.0,3.0,5.0,3.0,4.0,4.0,4.0,4.0,4.0,3.0,4.0,4.0,4.0,5.0,4.0,5.0,4.0
E0213,J,India,1-3y,junior,hybrid,3,4.0,4.0,3.0,4.0,3.0,3.0,3.0,5.0,1.0,4.0,3.0,3.0,3.0,3.0,3.0,4.0,3.0,2.0,4.0,4.0,4.0,4.0,4.0,5.0,4.0,2.0,4.0,5.0,3.0,2.0,5.0,2.0,1.0,4.0,4.0,3.0,3.0,4.0,3.0,4.0,5.0,4.0,5.0,3.0,3.0,5.0,4.0,4.0,4.0
E0214,G,India,>5y,junior,hybrid,3,3.0,4.0,2.0,6.0,4.0,3.0,3.0,3.0,2.0,4.0,3.0,4.0,1.0,3.0,4.0,4.0,3.0,4.0,4.0,3.0,3.0,5.0,4.0,4.0,5.0,3.0,5.0,6.0,3.0,3.0,5.0,3.0,5.0,4.0,3.0,3.0,4.0,4.0,4.0,3.0,5.0,3.0,3.0,5.0,4.0,2.0,4.0,4.0,3.0
E0215,A,India,1-3y,mid,remote,3,5.0,5.0,5.0,10.0,5.0,4.0,4.0,5.0,3.0,5.0,4.0,4.0,4.0,5.0,4.0,4.0,3.0,4.0,4.0,5.0,4.0,5.0,3.0,5.0,5.0,3.0,4.0,8.0,4.0,2.0,5.0,2.0,3.0,4.0,5.0,4.0,5.0,4.0,5.0,4.0,3.0,4.0,4.0,3.0,3.0,3.0,3.0,5.0,5.0
E0216,C,India,<1y,mid,hybrid,3,2.0,3.0,5.0,6.0,4.0,2.0,3.0,4.0,2.0,4.0,4.0,4.0,2.0,4.0,5.0,4.0,2.0,4.0,3.0,5.0,2.0,3.0,4.0,4.0,5.0,3.0,4.0,7.0,3.0,3.0,5.0,1.0,1.0,1.0,3.0,3.0,3.0,3.0,3.0,3.0,3.0,2.0,4.0,2.0,4.0,2.0,5.0,3.0,4.0
E0217,I,UK,1-3y,mid,remote,3,3.0,4.0,5.0,10.0,4.0,4.0,3.0,4.0,3.0,5.0,4.0,4.0,3.0,5.0,4.0,4.0,5.0,3.0,5.0,5.0,3.0,5.0,4.0,4.0,5.0,4.0,5.0,5.0,5.0,5.0,4.0,4.0,4.0,4.0,3.0,3.0,4.0,3.0,4.0,3.0,3.0,3.0,3.0,5.0,5.0,3.0,5.0,4.0,5.0
E0218,B,US,3-5y,junior,remote,3,4.0,5.0,5.0,8.0,5.0,3.0,4.0,5.0,4.0,5.0,5.0,5.0,4.0,5.0,5.0,5.0,5.0,4.0,2.0,5.0,4.0,5.0,5.0,5.0,5.0,4.0,5.0,8.0,4.0,3.0,4.0,3.0,3.0,4.0,4.0,3.0,3.0,5.0,5.0,4.0,4.0,4.0,5.0,4.0,4.0,5.0,4.0,5.0,5.0
E0219,Other (24),UK,<1y,lead,hybrid,3,3.0,4.0,3.0,7.0,4.0,2.0,3.0,3.0,4.0,1.0,2.0,2.0,3.0,1.0,3.0,3.0,2.0,4.0,2.0,3.0,3.0,1.0,1.0,2.0,3.0,3.0,3.0,8.0,3.0,2.0,4.0,3.0,3.0,2.0,3.0,2.0,3.0,3.0,2.0,3.0,4.0,3.0,4.0,4.0,4.0,5.0,3.0,2.0,3.0
E0220,L,UK,3-5y,mid,hybrid,3,4.0,4.0,4.0,4.0,2.0,3.0,2.0,4.0,3.0,3.0,3.0,3.0,2.0,3.0,2.0,4.0,2.0,3.0,3.0,4.0,2.0,4.0,4.0,3.0,4.0,3.0,4.0,7.0,3.0,3.0,3.0,4.0,3.0,2.0,5.0,5.0,4.0,4.0,4.0,4.0,5.0,5.0,5.0,3.0,4.0,4.0,3.0,3.0,4.0
E0221,M,US,1-3y,lead,hybrid,3,5.0,4.0,5.0,8.0,4.0,5.0,5.0,4.0,4.0,4.0,4.0,5.0,3.0,5.0,5.0,5.0,3.0,5.0,5.0,5.0,5.0,4.0,4.0,5.0,5.0,5.0,5.0,9.0,4.0,4.0,4.0,3.0,3.0,4.0,3.0,4.0,4.0,4.0,3.0,3.0,4.0,4.0,4.0,4.0,4.0,4.0,4.0,5.0,5.0
E0222,Q,UK,<1y,mid,hybrid,3,4.0,3.0,4.0,9.0,3.0,5.0,3.0,5.0,2.0,5.0,5.0,4.0,4.0,5.0,3.0,5.0,2.0,3.0,3.0,4.0,5.0,4.0,4.0,5.0,5.0,1.0,4.0,6.0,4.0,2.0,5.0,2.0,1.0,2.0,4.0,4.0,4.0,4.0,4.0,4.0,5.0,4.0,5.0,2.0,3.0,5.0,5.0,4.0,4.0
E0223,O,US,>5y,senior,onsite,3,3.0,2.0,5.0,3.0,4.0,3.0,4.0,2.0,2.0,3.0,2.0,1.0,3.0,3.0,3.0,3.0,3.0,4.0,1.0,3.0,5.0,1.0,2.0,3.0,4.0,4.0,2.0,5.0,4.0,3.0,2.0,4.0,3.0,4.0,4.0,2.0,4.0,3.0,3.0,3.0,4.0,2.0,4.0,4.0,5.0,3.0,3.0,3.0,2.0
E0224,P,Europe,1-3y,junior,hybrid,3,2.0,5.0,4.0,6.0,5.0,4.0,4.0,3.0,4.0,4.0,4.0,5.0,4.0,5.0,3.0,4.0,3.0,3.0,4.0,2.0,3.0,4.0,4.0,2.0,4.0,3.0,4.0,10.0,4.0,3.0,5.0,2.0,2.0,4.0,3.0,3.0,3.0,4.0,4.0,3.0,3.0,2.0,3.0,4.0,4.0,4.0,3.0,4.0,3.0
E0225,J,US,1-3y,senior,onsite,3,3.0,3.0,1.0,5.0,4.0,4.0,3.0,4.0,1.0,2.0,4.0,3.0,2.0,2.0,2.0,4.0,3.0,3.0,3.0,3.0,4.0,2.0,3.0,3.0,3.0,3.0,3.0,3.0,2.0,2.0,4.0,4.0,2.0,5.0,3.0,3.0,2.0,4.0,5.0,4.0,5.0,4.0,4.0,3.0,5.0,4.0,5.0,3.0,3.0
E0226,E,Europe,1-3y,lead,hybrid,3,3.0,3.0,5.0,7.0,4.0,3.0,3.0,4.0,5.0,3.0,3.0,3.0,3.0,2.0,4.0,1.0,3.0,4.0,2.0,4.0,3.0,3.0,1.0,3.0,4.0,4.0,3.0,8.0,2.0,4.0,4.0,3.0,2.0,3.0,3.0,5.0,3.0,4.0,5.0,4.0,3.0,3.0,3.0,2.0,3.0,3.0,4.0,3.0,3.0
E0227,O,Israel,>5y,mid,onsite,3,4.0,4.0,5.0,8.0,5.0,3.0,3.0,4.0,3.0,4.0,3.0,3.0,3.0,3.0,4.0,3.0,2.0,3.0,4.0,3.0,4.0,3.0,2.0,2.0,5.0,2.0,4.0,10.0,2.0,3.0,4.0,2.0,2.0,3.0,4.0,4.0,3.0,4.0,5.0,5.0,3.0,4.0,4.0,4.0,3.0,4.0,3.0,3.0,4.0
E0228,M,India,1-3y,junior,hybrid,3,4.0,3.0,5.0,8.0,4.0,4.0,5.0,3.0,4.0,5.0,3.0,3.0,3.0,3.0,5.0,4.0,2.0,5.0,4.0,5.0,4.0,3.0,4.0,4.0,4.0,4.0,3.0,7.0,3.0,3.0,4.0,2.0,1.0,3.0,3.0,4.0,4.0,3.0,3.0,3.0,5.0,4.0,2.0,3.0,3.0,4.0,4.0,3.0,2.0
E0229,G,Europe,1-3y,junior,hybrid,3,4.0,4.0,5.0,10.0,4.0,4.0,4.0,4.0,3.0,5.0,4.0,4.0,3.0,4.0,5.0,5.0,2.0,4.0,3.0,5.0,4.0,5.0,3.0,3.0,5.0,2.0,5.0,7.0,3.0,2.0,5.0,2.0,3.0,2.0,5.0,5.0,5.0,4.0,4.0,4.0,5.0,4.0,5.0,4.0,3.0,3.0,3.0,3.0,4.0
E0230,F,Europe,<1y,junior,hybrid,3,3.0,5.0,5.0,8.0,4.0,4.0,3.0,5.0,5.0,4.0,4.0,4.0,4.0,5.0,3.0,5.0,3.0,3.0,5.0,4.0,4.0,5.0,4.0,5.0,5.0,3.0,4.0,8.0,4.0,4.0,4.0,4.0,4.0,4.0,5.0,5.0,4.0,3.0,3.0,4.0,5.0,5.0,5.0,5.0,5.0,4.0,5.0,4.0,4.0
E0231,L,Europe,>5y,lead,hybrid,3,4.0,4.0,4.0,6.0,2.0,5.0,3.0,4.0,5.0,3.0,3.0,2.0,4.0,3.0,5.0,4.0,2.0,4.0,2.0,5.0,5.0,3.0,5.0,4.0,4.0,3.0,4.0,8.0,4.0,3.0,3.0,3.0,3.0,1.0,4.0,4.0,4.0,3.0,5.0,3.0,4.0,4.0,4.0,4.0,3.0,4.0,4.0,5.0,4.0
E0232,K,India,3-5y,mid,hybrid,3,3.0,3.0,4.0,7.0,4.0,4.0,4.0,4.0,4.0,4.0,4.0,4.0,4.0,3.0,4.0,3.0,3.0,3.0,4.0,3.0,4.0,3.0,5.0,3.0,4.0,3.0,3.0,7.0,5.0,2.0,5.0,3.0,3.0,3.0,4.0,4.0,4.0,4.0,4.0,4.0,5.0,4.0,5.0,4.0,4.0,4.0,3.0,3.0,3.0
E0233,Other (24),US,1-3y,mid,remote,3,3.0,4.0,4.0,6.0,3.0,3.0,2.0,4.0,3.0,3.0,2.0,4.0,2.0,3.0,3.0,4.0,1.0,4.0,3.0,4.0,2.0,3.0,3.0,2.0,3.0,2.0,4.0,5.0,2.0,1.0,4.0,4.0,3.0,1.0,2.0,3.0,3.0,4.0,4.0,4.0,3.0,2.0,3.0,3.0,3.0,3.0,4.0,4.0,3.0
E0234,F,Europe,1-3y,mid,onsite,3,3.0,3.0,4.0,7.0,4.0,5.0,3.0,4.0,2.0,4.0,4.0,4.0,2.0,4.0,5.0,5.0,3.0,3.0,3.0,4.0,4.0,5.0,4.0,5.0,5.0,3.0,5.0,5.0,4.0,3.0,4.0,4.0,3.0,3.0,5.0,4.0,4.0,5.0,5.0,4.0,3.0,4.0,4.0,4.0,4.0,4.0,4.0,5.0,4.0
E0235,B,UK,1-3y,junior,remote,3,2.0,4.0,3.0,8.0,4.0,4.0,3.0,4.0,5.0,4.0,4.0,5.0,4.0,4.0,4.0,3.0,3.0,3.0,4.0,4.0,4.0,3.0,3.0,4.0,5.0,4.0,2.0,8.0,3.0,4.0,5.0,2.0,3.0,2.0,4.0,3.0,2.0,4.0,4.0,4.0,2.0,2.0,4.0,5.0,4.0,3.0,4.0,4.0,5.0
E0236,Other (24),Israel,3-5y,lead,remote,3,3.0,5.0,4.0,7.0,4.0,3.0,2.0,5.0,3.0,5.0,4.0,5.0,3.0,4.0,1.0,5.0,1.0,3.0,3.0,5.0,3.0,4.0,4.0,4.0,4.0,3.0,3.0,5.0,4.0,2.0,5.0,3.0,2.0,1.0,4.0,5.0,5.0,4.0,3.0,4.0,4.0,4.0,4.0,4.0,3.0,3.0,3.0,4.0,3.0
E0237,Other (24),India,3-5y,mid,hybrid,3,3.0,4.0,3.0,5.0,2.0,4.0,4.0,3.0,3.0,2.0,2.0,3.0,2.0,2.0,3.0,3.0,1.0,5.0,3.0,4.0,4.0,1.0,2.0,3.0,3.0,1.0,3.0,6.0,3.0,1.0,3.0,2.0,3.0,2.0,4.0,4.0,3.0,3.0,2.0,2.0,5.0,4.0,5.0,2.0,2.0,5.0,4.0,3.0,4.0
E0238,H,US,<1y,junior,hybrid,3,5.0,5.0,5.0,10.0,5.0,5.0,5.0,5.0,3.0,5.0,5.0,5.0,4.0,5.0,4.0,5.0,4.0,5.0,5.0,4.0,4.0,5.0,5.0,5.0,5.0,4.0,5.0,7.0,5.0,5.0,4.0,5.0,3.0,4.0,4.0,5.0,5.0,4.0,5.0,4.0,4.0,4.0,4.0,5.0,4.0,5.0,4.0,4.0,5.0
E0239,F,US,>5y,senior,hybrid,3,3.0,4.0,4.0,9.0,4.0,3.0,3.0,4.0,3.0,4.0,4.0,4.0,3.0,3.0,3.0,3.0,4.0,4.0,5.0,3.0,4.0,5.0,3.0,4.0,5.0,3.0,2.0,9.0,3.0,4.0,5.0,3.0,5.0,5.0,5.0,5.0,4.0,4.0,4.0,5.0,3.0,3.0,3.0,4.0,4.0,3.0,5.0,4.0,3.0
E0240,F,US,1-3y,mid,remote,3,3.0,3.0,3.0,5.0,2.0,4.0,3.0,2.0,3.0,3.0,3.0,3.0,2.0,4.0,4.0,4.0,3.0,4.0,2.0,3.0,3.0,4.0,5.0,3.0,4.0,3.0,4.0,9.0,3.0,3.0,3.0,2.0,3.0,2.0,3.0,3.0,3.0,5.0,5.0,5.0,4.0,5.0,5.0,4.0,3.0,4.0,5.0,4.0,4.0
E0241,O,UK,1-3y,lead,hybrid,3,4.0,4.0,5.0,8.0,5.0,4.0,3.0,4.0,4.0,2.0,2.0,3.0,4.0,2.0,4.0,3.0,2.0,4.0,3.0,5.0,5.0,4.0,3.0,4.0,4.0,2.0,5.0,7.0,3.0,3.0,2.0,3.0,3.0,2.0,3.0,3.0,4.0,3.0,4.0,3.0,5.0,4.0,4.0,2.0,4.0,3.0,2.0,3.0,4.0
E0242,Other (24),US,3-5y,senior,onsite,3,4.0,4.0,2.0,8.0,3.0,3.0,4.0,3.0,2.0,2.0,3.0,4.0,2.0,1.0,2.0,3.0,1.0,4.0,3.0,4.0,3.0,4.0,3.0,4.0,4.0,2.0,3.0,5.0,3.0,3.0,3.0,3.0,3.0,2.0,4.0,5.0,3.0,3.0,4.0,4.0,4.0,3.0,4.0,3.0,4.0,3.0,5.0,4.0,3.0
E0243,Other (24),UK,3-5y,junior,hybrid,3,5.0,2.0,5.0,6.0,4.0,4.0,4.0,4.0,5.0,4.0,4.0,4.0,4.0,4.0,4.0,4.0,3.0,3.0,3.0,4.0,5.0,4.0,5.0,4.0,4.0,3.0,5.0,10.0,4.0,2.0,4.0,3.0,3.0,3.0,5.0,5.0,5.0,3.0,5.0,4.0,3.0,3.0,4.0,3.0,2.0,5.0,4.0,5.0,5.0
E0244,Other (24),US,1-3y,senior,onsite,3,4.0,4.0,3.0,7.0,5.0,4.0,4.0,3.0,4.0,3.0,5.0,4.0,4.0,3.0,3.0,4.0,1.0,5.0,4.0,4.0,4.0,3.0,4.0,4.0,5.0,2.0,4.0,6.0,3.0,3.0,4.0,2.0,2.0,1.0,4.0,4.0,5.0,3.0,5.0,4.0,3.0,3.0,2.0,3.0,3.0,5.0,5.0,4.0,3.0
E0245,N,US,3-5y,senior,hybrid,3,4.0,4.0,4.0,5.0,5.0,5.0,4.0,3.0,3.0,4.0,4.0,4.0,3.0,4.0,5.0,4.0,3.0,3.0,4.0,4.0,5.0,5.0,4.0,5.0,4.0,3.0,5.0,7.0,4.0,3.0,3.0,3.0,4.0,4.0,4.0,4.0,4.0,4.0,3.0,3.0,4.0,3.0,4.0,2.0,4.0,5.0,5.0,4.0,4.0
E0246,B,India,<1y,lead,remote,3,3.0,3.0,4.0,5.0,4.0,3.0,4.0,5.0,3.0,2.0,4.0,4.0,2.0,3.0,4.0,2.0,3.0,2.0,4.0,4.0,3.0,3.0,3.0,3.0,5.0,3.0,3.0,8.0,3.0,1.0,4.0,2.0,1.0,2.0,4.0,4.0,4.0,4.0,3.0,4.0,3.0,3.0,3.0,3.0,3.0,3.0,4.0,3.0,3.0
E0247,B,Israel,3-5y,junior,hybrid,3,3.0,3.0,5.0,8.0,3.0,4.0,3.0,4.0,4.0,3.0,2.0,3.0,4.0,5.0,3.0,3.0,4.0,3.0,3.0,5.0,4.0,3.0,3.0,5.0,5.0,3.0,4.0,9.0,3.0,3.0,4.0,3.0,3.0,4.0,3.0,3.0,3.0,5.0,4.0,4.0,4.0,4.0,5.0,5.0,3.0,3.0,3.0,4.0,4.0
E0248,O,UK,>5y,mid,onsite,3,4.0,5.0,5.0,8.0,3.0,4.0,3.0,4.0,4.0,5.0,4.0,4.0,3.0,4.0,4.0,5.0,4.0,3.0,4.0,5.0,4.0,5.0,3.0,5.0,5.0,3.0,4.0,9.0,5.0,4.0,5.0,3.0,3.0,3.0,4.0,4.0,4.0,4.0,4.0,4.0,4.0,5.0,4.0,5.0,4.0,4.0,4.0,4.0,4.0
E0249,Other (24),India,<1y,mid,remote,3,3.0,3.0,3.0,7.0,3.0,2.0,3.0,3.0,3.0,4.0,5.0,4.0,2.0,3.0,2.0,5.0,1.0,4.0,3.0,3.0,4.0,4.0,3.0,4.0,4.0,1.0,5.0,4.0,5.0,1.0,4.0,2.0,2.0,1.0,4.0,3.0,3.0,4.0,3.0,3.0,3.0,1.0,3.0,2.0,2.0,3.0,4.0,3.0,4.0
E0250,E,UK,>5y,lead,onsite,3,3.0,4.0,5.0,10.0,4.0,5.0,4.0,5.0,2.0,3.0,4.0,4.0,3.0,4.0,4.0,3.0,4.0,5.0,4.0,5.0,5.0,4.0,4.0,4.0,4.0,5.0,4.0,6.0,3.0,5.0,5.0,4.0,3.0,4.0,4.0,4.0,5.0,4.0,4.0,4.0,3.0,4.0,4.0,4.0,5.0,3.0,4.0,3.0,4.0
E0251,M,Europe,<1y,junior,remote,3,3.0,3.0,5.0,6.0,4.0,4.0,3.0,4.0,4.0,4.0,3.0,4.0,4.0,4.0,5.0,3.0,2.0,4.0,4.0,5.0,4.0,3.0,4.0,5.0,4.0,4.0,4.0,5.0,5.0,2.0,4.0,3.0,2.0,4.0,3.0,4.0,4.0,3.0,3.0,3.0,3.0,4.0,3.0,4.0,4.0,4.0,4.0,3.0,3.0
E0252,H,Israel,1-3y,mid,hybrid,3,5.0,4.0,5.0,10.0,5.0,5.0,5.0,3.0,4.0,4.0,4.0,5.0,3.0,4.0,4.0,4.0,4.0,4.0,5.0,4.0,4.0,5.0,3.0,5.0,5.0,4.0,4.0,7.0,4.0,4.0,4.0,3.0,3.0,2.0,3.0,3.0,3.0,3.0,3.0,3.0,4.0,4.0,3.0,4.0,3.0,5.0,4.0,5.0,3.0
E0253,A,UK,1-3y,mid,hybrid,3,5.0,4.0,4.0,7.0,5.0,3.0,4.0,5.0,2.0,4.0,3.0,3.0,2.0,4.0,4.0,4.0,4.0,4.0,4.0,4.0,5.0,3.0,4.0,3.0,4.0,3.0,4.0,9.0,4.0,4.0,4.0,3.0,3.0,2.0,3.0,3.0,3.0,3.0,3.0,2.0,3.0,4.0,3.0,5.0,3.0,5.0,4.0,3.0,3.0
E0254,Other (24),India,>5y,mid,hybrid,3,4.0,5.0,5.0,9.0,3.0,3.0,4.0,3.0,3.0,4.0,4.0,5.0,2.0,3.0,3.0,4.0,1.0,3.0,4.0,5.0,4.0,3.0,3.0,5.0,3.0,2.0,4.0,6.0,4.0,2.0,2.0,4.0,3.0,3.0,4.0,4.0,3.0,3.0,4.0,4.0,5.0,5.0,5.0,4.0,4.0,5.0,5.0,4.0,3.0
E0255,C,Europe,1-3y,mid,remote,3,3.0,3.0,4.0,6.0,3.0,4.0,3.0,3.0,4.0,3.0,3.0,4.0,3.0,3.0,4.0,4.0,2.0,3.0,2.0,5.0,3.0,3.0,2.0,3.0,5.0,3.0,3.0,7.0,4.0,3.0,3.0,1.0,2.0,3.0,3.0,5.0,3.0,5.0,4.0,3.0,4.0,4.0,4.0,4.0,4.0,4.0,3.0,4.0,4.0
E0256,K,UK,3-5y,mid,hybrid,3,4.0,3.0,4.0,6.0,4.0,3.0,4.0,4.0,2.0,4.0,3.0,4.0,4.0,3.0,4.0,4.0,3.0,4.0,4.0,4.0,3.0,4.0,5.0,4.0,3.0,3.0,4.0,3.0,3.0,3.0,4.0,3.0,2.0,3.0,3.0,4.0,4.0,3.0,5.0,5.0,5.0,5.0,4.0,4.0,5.0,5.0,5.0,5.0,4.0
E0257,B,India,>5y,junior,onsite,3,5.0,5.0,4.0,6.0,3.0,2.0,3.0,4.0,4.0,4.0,4.0,5.0,5.0,4.0,3.0,3.0,3.0,2.0,3.0,4.0,4.0,3.0,4.0,3.0,5.0,2.0,4.0,10.0,3.0,3.0,4.0,3.0,1.0,2.0,4.0,4.0,5.0,4.0,5.0,5.0,5.0,4.0,5.0,2.0,3.0,5.0,4.0,3.0,3.0
E0258,Other (24),Israel,<1y,mid,hybrid,3,2.0,2.0,3.0,4.0,2.0,4.0,3.0,2.0,3.0,4.0,3.0,4.0,2.0,3.0,2.0,4.0,4.0,4.0,2.0,4.0,3.0,3.0,4.0,3.0,4.0,2.0,4.0,2.0,3.0,3.0,2.0,3.0,4.0,3.0,3.0,3.0,2.0,3.0,2.0,2.0,4.0,4.0,5.0,4.0,4.0,3.0,4.0,2.0,3.0
E0259,E,Europe,1-3y,junior,onsite,3,4.0,5.0,4.0,8.0,5.0,5.0,4.0,5.0,4.0,4.0,3.0,4.0,4.0,3.0,3.0,4.0,3.0,4.0,3.0,4.0,3.0,4.0,3.0,3.0,3.0,4.0,4.0,10.0,3.0,3.0,5.0,3.0,3.0,3.0,3.0,4.0,4.0,3.0,3.0,2.0,4.0,3.0,5.0,4.0,4.0,5.0,5.0,4.0,4.0
E0260,J,India,<1y,senior,hybrid,3,3.0,3.0,2.0,5.0,4.0,3.0,2.0,4.0,1.0,4.0,2.0,3.0,2.0,2.0,2.0,2.0,2.0,2.0,3.0,3.0,2.0,5.0,3.0,2.0,4.0,2.0,3.0,4.0,3.0,2.0,4.0,2.0,2.0,3.0,3.0,4.0,4.0,3.0,2.0,3.0,3.0,4.0,4.0,3.0,3.0,4.0,5.0,4.0,4.0
E0261,Q,Europe,<1y,junior,onsite,3,4.0,4.0,5.0,10.0,4.0,5.0,4.0,4.0,5.0,4.0,3.0,3.0,5.0,4.0,5.0,5.0,4.0,5.0,4.0,4.0,5.0,4.0,4.0,3.0,4.0,3.0,4.0,9.0,4.0,3.0,5.0,4.0,3.0,4.0,5.0,5.0,5.0,4.0,3.0,3.0,4.0,5.0,5.0,4.0,5.0,3.0,3.0,3.0,3.0
E0262,Q,Israel,<1y,mid,hybrid,3,4.0,2.0,4.0,4.0,2.0,4.0,4.0,2.0,4.0,2.0,3.0,2.0,5.0,2.0,5.0,4.0,2.0,4.0,1.0,3.0,4.0,2.0,2.0,1.0,1.0,2.0,4.0,8.0,3.0,2.0,3.0,2.0,2.0,3.0,3.0,3.0,4.0,3.0,4.0,3.0,5.0,5.0,5.0,4.0,4.0,4.0,4.0,3.0,3.0
E0263,D,US,1-3y,junior,remote,3,5.0,3.0,5.0,7.0,5.0,5.0,3.0,5.0,5.0,5.0,5.0,5.0,4.0,5.0,5.0,5.0,4.0,4.0,3.0,5.0,4.0,5.0,5.0,5.0,5.0,5.0,5.0,10.0,5.0,4.0,4.0,2.0,3.0,4.0,4.0,4.0,4.0,5.0,5.0,5.0,5.0,5.0,5.0,5.0,4.0,4.0,3.0,3.0,5.0
E0264,D,India,>5y,mid,remote,3,4.0,4.0,3.0,4.0,4.0,4.0,4.0,4.0,5.0,4.0,2.0,4.0,4.0,5.0,5.0,3.0,2.0,3.0,4.0,3.0,3.0,5.0,4.0,3.0,3.0,4.0,4.0,7.0,3.0,3.0,5.0,3.0,2.0,4.0,4.0,3.0,4.0,3.0,4.0,4.0,4.0,4.0,4.0,3.0,4.0,5.0,3.0,5.0,5.0
E0265,Q,US,>5y,junior,hybrid,3,3.0,4.0,4.0,8.0,4.0,3.0,3.0,4.0,5.0,4.0,2.0,3.0,4.0,3.0,5.0,4.0,2.0,3.0,2.0,2.0,2.0,3.0,4.0,3.0,4.0,1.0,4.0,10.0,4.0,1.0,5.0,3.0,3.0,2.0,3.0,5.0,4.0,3.0,4.0,3.0,3.0,5.0,4.0,3.0,3.0,4.0,4.0,5.0,4.0
E0266,L,Europe,<1y,mid,hybrid,3,4.0,2.0,3.0,6.0,4.0,4.0,4.0,3.0,4.0,3.0,2.0,3.0,2.0,4.0,4.0,3.0,1.0,4.0,3.0,4.0,4.0,3.0,4.0,3.0,4.0,2.0,3.0,8.0,3.0,3.0,4.0,3.0,3.0,2.0,5.0,4.0,4.0,3.0,4.0,4.0,4.0,3.0,4.0,4.0,4.0,4.0,4.0,3.0,3.0
E0267,L,UK,1-3y,junior,hybrid,3,3.0,4.0,5.0,4.0,3.0,4.0,3.0,4.0,4.0,4.0,2.0,4.0,3.0,3.0,2.0,3.0,2.0,3.0,3.0,4.0,2.0,3.0,4.0,4.0,5.0,2.0,3.0,7.0,4.0,1.0,3.0,2.0,3.0,3.0,3.0,3.0,2.0,3.0,5.0,3.0,3.0,2.0,3.0,3.0,4.0,3.0,4.0,3.0,2.0
E0268,G,Europe,>5y,mid,hybrid,3,3.0,3.0,3.0,6.0,4.0,3.0,4.0,2.0,3.0,3.0,3.0,3.0,3.0,3.0,2.0,5.0,2.0,3.0,2.0,3.0,2.0,3.0,3.0,2.0,3.0,2.0,2.0,7.0,4.0,2.0,2.0,3.0,2.0,1.0,4.0,4.0,3.0,5.0,5.0,5.0,3.0,3.0,4.0,4.0,4.0,3.0,3.0,3.0,2.0
E0269,R,India,1-3y,junior,remote,3,4.0,4.0,4.0,7.0,3.0,3.0,2.0,5.0,3.0,4.0,4.0,4.0,4.0,4.0,3.0,4.0,3.0,3.0,3.0,3.0,3.0,4.0,4.0,3.0,5.0,2.0,4.0,7.0,3.0,4.0,5.0,3.0,4.0,4.0,3.0,3.0,3.0,5.0,5.0,4.0,5.0,5.0,5.0,4.0,5.0,4.0,4.0,4.0,4.0
E0270,Other (24),US,3-5y,mid,hybrid,3,4.0,4.0,3.0,7.0,4.0,3.0,3.0,4.0,2.0,4.0,2.0,4.0,2.0,3.0,2.0,4.0,3.0,4.0,4.0,5.0,2.0,5.0,3.0,5.0,4.0,2.0,4.0,6.0,4.0,2.0,4.0,3.0,3.0,1.0,4.0,4.0,4.0,4.0,2.0,3.0,4.0,4.0,3.0,4.0,4.0,4.0,4.0,3.0,3.0
E0271,I,Europe,1-3y,senior,hybrid,3,5.0,4.0,4.0,9.0,5.0,5.0,3.0,4.0,4.0,4.0,4.0,3.0,5.0,5.0,3.0,2.0,3.0,3.0,4.0,4.0,5.0,4.0,4.0,3.0,5.0,3.0,3.0,9.0,4.0,3.0,4.0,3.0,4.0,2.0,4.0,3.0,3.0,3.0,4.0,3.0,3.0,4.0,3.0,3.0,4.0,4.0,3.0,3.0,3.0
E0272,L,Europe,3-5y,junior,remote,3,3.0,3.0,3.0,5.0,3.0,4.0,4.0,1.0,4.0,3.0,2.0,3.0,3.0,3.0,4.0,2.0,3.0,3.0,3.0,3.0,4.0,1.0,2.0,2.0,3.0,2.0,4.0,8.0,2.0,2.0,3.0,2.0,3.0,1.0,4.0,4.0,4.0,3.0,3.0,3.0,4.0,4.0,4.0,4.0,1.0,2.0,3.0,2.0,2.0
E0273,N,UK,<1y,mid,remote,3,3.0,4.0,5.0,8.0,5.0,4.0,3.0,4.0,2.0,4.0,5.0,5.0,3.0,4.0,4.0,3.0,3.0,4.0,4.0,5.0,5.0,5.0,4.0,4.0,5.0,4.0,5.0,7.0,5.0,3.0,4.0,4.0,4.0,4.0,4.0,3.0,4.0,4.0,4.0,3.0,4.0,4.0,4.0,3.0,3.0,5.0,5.0,5.0,5.0
E0274,C,India,>5y,mid,onsite,3,2.0,3.0,5.0,8.0,4.0,3.0,3.0,2.0,2.0,3.0,3.0,3.0,3.0,3.0,4.0,4.0,2.0,2.0,3.0,4.0,2.0,3.0,3.0,4.0,3.0,2.0,4.0,6.0,3.0,2.0,4.0,2.0,3.0,1.0,3.0,4.0,3.0,4.0,3.0,4.0,4.0,4.0,3.0,4.0,4.0,2.0,2.0,3.0,3.0
E0275,Other (24),UK,1-3y,senior,hybrid,3,4.0,4.0,4.0,9.0,5.0,4.0,3.0,3.0,3.0,4.0,4.0,5.0,3.0,4.0,3.0,5.0,5.0,4.0,3.0,5.0,4.0,5.0,5.0,5.0,5.0,3.0,5.0,7.0,5.0,3.0,5.0,4.0,5.0,2.0,4.0,3.0,4.0,3.0,3.0,4.0,5.0,5.0,4.0,5.0,5.0,3.0,3.0,4.0,4.0
E0276,Other (24),Europe,1-3y,lead,remote,3,3.0,3.0,5.0,4.0,3.0,4.0,4.0,2.0,3.0,4.0,4.0,4.0,2.0,4.0,2.0,3.0,2.0,3.0,2.0,3.0,3.0,4.0,4.0,4.0,5.0,2.0,4.0,4.0,3.0,2.0,3.0,3.0,3.0,3.0,4.0,4.0,4.0,5.0,4.0,5.0,3.0,4.0,5.0,2.0,4.0,3.0,3.0,3.0,3.0
E0277,Other (24),UK,3-5y,junior,hybrid,3,4.0,3.0,4.0,6.0,4.0,4.0,3.0,4.0,3.0,5.0,3.0,5.0,4.0,3.0,3.0,4.0,1.0,4.0,4.0,4.0,3.0,4.0,5.0,3.0,3.0,2.0,4.0,9.0,4.0,2.0,4.0,2.0,2.0,2.0,4.0,4.0,4.0,3.0,5.0,4.0,3.0,3.0,4.0,3.0,2.0,3.0,4.0,4.0,3.0
E0278,J,Israel,<1y,mid,hybrid,3,3.0,4.0,3.0,4.0,4.0,2.0,2.0,3.0,3.0,3.0,3.0,4.0,3.0,4.0,2.0,4.0,3.0,2.0,3.0,4.0,3.0,4.0,3.0,4.0,2.0,2.0,4.0,7.0,3.0,2.0,4.0,2.0,1.0,3.0,5.0,4.0,5.0,4.0,4.0,4.0,4.0,4.0,3.0,4.0,4.0,4.0,4.0,4.0,4.0
E0279,K,US,1-3y,mid,onsite,3,3.0,2.0,5.0,5.0,4.0,3.0,3.0,2.0,3.0,5.0,4.0,5.0,2.0,3.0,3.0,5.0,3.0,3.0,3.0,4.0,3.0,4.0,4.0,3.0,4.0,5.0,4.0,3.0,5.0,3.0,4.0,3.0,3.0,4.0,3.0,2.0,3.0,5.0,3.0,2.0,3.0,3.0,4.0,4.0,4.0,3.0,4.0,4.0,4.0
E0280,I,UK,3-5y,junior,hybrid,3,5.0,2.0,5.0,3.0,2.0,5.0,5.0,2.0,3.0,4.0,3.0,3.0,4.0,3.0,5.0,4.0,5.0,4.0,3.0,3.0,5.0,5.0,3.0,4.0,5.0,3.0,4.0,7.0,3.0,4.0,3.0,4.0,3.0,3.0,2.0,3.0,1.0,2.0,3.0,3.0,3.0,2.0,2.0,3.0,3.0,4.0,3.0,2.0,3.0
E0281,P,India,1-3y,senior,hybrid,3,4.0,3.0,4.0,5.0,4.0,4.0,4.0,3.0,3.0,5.0,3.0,4.0,3.0,4.0,4.0,4.0,4.0,3.0,3.0,3.0,4.0,4.0,3.0,3.0,5.0,4.0,4.0,9.0,4.0,3.0,5.0,5.0,5.0,3.0,4.0,3.0,3.0,3.0,5.0,4.0,5.0,4.0,5.0,5.0,5.0,3.0,3.0,4.0,4.0
E0282,Other (24),UK,>5y,mid,hybrid,3,3.0,3.0,4.0,7.0,5.0,3.0,4.0,4.0,4.0,4.0,4.0,3.0,4.0,2.0,3.0,5.0,3.0,4.0,3.0,5.0,3.0,3.0,2.0,4.0,4.0,1.0,3.0,9.0,3.0,2.0,5.0,2.0,2.0,1.0,5.0,4.0,4.0,3.0,5.0,5.0,3.0,3.0,3.0,4.0,4.0,5.0,4.0,3.0,4.0
E0283,J,Israel,<1y,senior,remote,3,3.0,3.0,2.0,4.0,3.0,3.0,3.0,3.0,1.0,1.0,2.0,1.0,2.0,1.0,2.0,2.0,2.0,2.0,3.0,2.0,3.0,2.0,1.0,2.0,2.0,2.0,2.0,4.0,1.0,2.0,3.0,2.0,3.0,2.0,3.0,2.0,4.0,3.0,2.0,3.0,4.0,3.0,4.0,3.0,3.0,3.0,3.0,4.0,4.0
E0284,Other (24),US,3-5y,senior,onsite,3,2.0,4.0,3.0,7.0,3.0,4.0,4.0,3.0,2.0,3.0,3.0,4.0,2.0,4.0,3.0,4.0,2.0,4.0,4.0,3.0,2.0,3.0,3.0,3.0,4.0,2.0,4.0,6.0,3.0,3.0,4.0,2.0,3.0,2.0,5.0,5.0,3.0,5.0,4.0,3.0,5.0,5.0,5.0,4.0,5.0,2.0,3.0,3.0,2.0
E0285,H,India,3-5y,lead,onsite,3,5.0,4.0,5.0,8.0,3.0,5.0,5.0,5.0,4.0,3.0,3.0,4.0,4.0,2.0,3.0,3.0,3.0,4.0,4.0,4.0,4.0,5.0,4.0,5.0,5.0,4.0,4.0,8.0,4.0,2.0,3.0,3.0,3.0,4.0,4.0,3.0,5.0,4.0,4.0,5.0,4.0,4.0,5.0,2.0,3.0,3.0,4.0,3.0,4.0
E0286,Q,Israel,3-5y,senior,hybrid,3,5.0,5.0,5.0,8.0,5.0,5.0,4.0,5.0,5.0,5.0,4.0,5.0,4.0,4.0,4.0,5.0,3.0,5.0,4.0,5.0,5.0,5.0,5.0,4.0,5.0,2.0,5.0,10.0,5.0,5.0,5.0,5.0,4.0,4.0,5.0,4.0,5.0,4.0,5.0,4.0,5.0,5.0,5.0,5.0,5.0,5.0,3.0,4.0,5.0
E0287,O,India,3-5y,senior,hybrid,3,3.0,4.0,4.0,6.0,3.0,5.0,2.0,3.0,3.0,4.0,4.0,3.0,3.0,3.0,2.0,3.0,4.0,4.0,3.0,5.0,4.0,5.0,4.0,5.0,4.0,4.0,4.0,5.0,4.0,3.0,3.0,4.0,3.0,4.0,5.0,4.0,4.0,5.0,5.0,5.0,4.0,3.0,3.0,4.0,4.0,3.0,4.0,5.0,4.0
E0288,F,India,1-3y,mid,remote,3,4.0,3.0,4.0,5.0,4.0,4.0,4.0,3.0,2.0,5.0,3.0,4.0,2.0,4.0,4.0,4.0,4.0,3.0,2.0,4.0,4.0,4.0,4.0,5.0,4.0,3.0,4.0,4.0,4.0,3.0,3.0,3.0,3.0,4.0,4.0,4.0,4.0,4.0,3.0,4.0,3.0,4.0,5.0,3.0,4.0,3.0,3.0,3.0,3.0
E0289,Other (24),India,1-3y,senior,hybrid,3,3.0,4.0,5.0,10.0,4.0,4.0,3.0,4.0,3.0,5.0,5.0,5.0,3.0,4.0,2.0,5.0,2.0,4.0,3.0,5.0,3.0,4.0,5.0,5.0,5.0,2.0,4.0,5.0,5.0,3.0,5.0,3.0,3.0,2.0,5.0,5.0,5.0,5.0,5.0,5.0,4.0,5.0,5.0,5.0,4.0,5.0,5.0,3.0,4.0
E0290,E,India,>5y,mid,hybrid,3,3.0,4.0,3.0,9.0,3.0,4.0,3.0,5.0,3.0,4.0,3.0,3.0,3.0,3.0,4.0,3.0,3.0,4.0,4.0,4.0,4.0,3.0,3.0,3.0,4.0,3.0,4.0,9.0,3.0,3.0,4.0,3.0,3.0,3.0,4.0,4.0,3.0,4.0,3.0,3.0,5.0,4.0,4.0,3.0,4.0,4.0,4.0,4.0,3.0
E0291,J,India,3-5y,mid,hybrid,3,4.0,3.0,2.0,1.0,2.0,3.0,3.0,3.0,1.0,2.0,2.0,3.0,3.0,3.0,2.0,2.0,2.0,4.0,1.0,2.0,4.0,3.0,3.0,3.0,2.0,2.0,3.0,6.0,1.0,2.0,3.0,2.0,1.0,3.0,3.0,3.0,4.0,2.0,4.0,3.0,4.0,3.0,3.0,4.0,3.0,3.0,4.0,3.0,4.0
E0292,N,Israel,1-3y,mid,onsite,3,3.0,5.0,5.0,9.0,5.0,4.0,3.0,4.0,3.0,4.0,4.0,5.0,3.0,4.0,4.0,4.0,1.0,3.0,4.0,5.0,4.0,5.0,4.0,4.0,4.0,4.0,5.0,8.0,5.0,2.0,4.0,3.0,3.0,4.0,5.0,4.0,5.0,4.0,4.0,4.0,5.0,4.0,4.0,5.0,4.0,5.0,4.0,4.0,5.0
E0293,R,India,3-5y,senior,hybrid,3,4.0,4.0,3.0,6.0,3.0,5.0,3.0,3.0,3.0,5.0,4.0,5.0,3.0,3.0,2.0,4.0,2.0,3.0,3.0,4.0,2.0,5.0,3.0,3.0,3.0,2.0,3.0,7.0,4.0,2.0,4.0,2.0,1.0,2.0,4.0,4.0,4.0,4.0,3.0,4.0,5.0,5.0,5.0,3.0,3.0,4.0,3.0,3.0,2.0
E0294,K,UK,>5y,senior,hybrid,3,4.0,3.0,4.0,5.0,3.0,4.0,4.0,4.0,3.0,4.0,4.0,4.0,3.0,3.0,3.0,4.0,3.0,2.0,2.0,4.0,4.0,3.0,4.0,5.0,5.0,3.0,3.0,6.0,4.0,3.0,4.0,3.0,3.0,4.0,4.0,4.0,3.0,3.0,4.0,3.0,3.0,3.0,3.0,4.0,4.0,3.0,4.0,2.0,1.0
E0295,B,Israel,<1y,lead,hybrid,3,4.0,4.0,4.0,10.0,4.0,4.0,4.0,4.0,5.0,4.0,4.0,5.0,3.0,4.0,5.0,4.0,4.0,4.0,3.0,5.0,4.0,3.0,5.0,5.0,5.0,3.0,5.0,9.0,5.0,3.0,4.0,3.0,4.0,3.0,3.0,3.0,3.0,4.0,4.0,5.0,5.0,5.0,5.0,4.0,4.0,4.0,4.0,4.0,3.0
E0296,Other (24),Israel,1-3y,mid,hybrid,3,4.0,5.0,4.0,8.0,5.0,4.0,3.0,5.0,3.0,5.0,4.0,5.0,4.0,3.0,2.0,4.0,2.0,3.0,5.0,5.0,3.0,3.0,4.0,5.0,4.0,2.0,4.0,7.0,3.0,2.0,4.0,3.0,3.0,2.0,5.0,4.0,4.0,4.0,4.0,3.0,3.0,4.0,3.0,3.0,2.0,3.0,3.0,3.0,3.0
E0297,Other (24),US,>5y,mid,remote,3,4.0,4.0,3.0,5.0,4.0,5.0,4.0,3.0,2.0,3.0,2.0,4.0,2.0,3.0,3.0,3.0,3.0,5.0,3.0,4.0,5.0,4.0,4.0,4.0,5.0,1.0,4.0,8.0,3.0,2.0,3.0,3.0,3.0,2.0,4.0,4.0,4.0,4.0,4.0,4.0,4.0,4.0,5.0,3.0,3.0,4.0,4.0,3.0,4.0
E0298,O,India,1-3y,lead,onsite,3,3.0,3.0,4.0,4.0,4.0,3.0,3.0,2.0,2.0,3.0,2.0,3.0,1.0,2.0,3.0,2.0,3.0,4.0,3.0,4.0,3.0,4.0,2.0,3.0,4.0,4.0,5.0,6.0,3.0,3.0,3.0,3.0,4.0,2.0,2.0,4.0,3.0,4.0,5.0,4.0,4.0,4.0,5.0,3.0,3.0,2.0,4.0,4.0,5.0
E0299,G,India,1-3y,senior,hybrid,3,5.0,5.0,2.0,10.0,5.0,5.0,4.0,4.0,3.0,4.0,3.0,4.0,3.0,2.0,5.0,3.0,2.0,5.0,5.0,3.0,4.0,4.0,3.0,3.0,3.0,2.0,2.0,6.0,3.0,2.0,4.0,2.0,2.0,3.0,4.0,3.0,4.0,3.0,2.0,4.0,2.0,2.0,3.0,3.0,3.0,3.0,3.0,3.0,3.0
E0300,Other (24),Europe,<1y,senior,hybrid,3,3.0,4.0,5.0,6.0,3.0,3.0,4.0,3.0,2.0,5.0,3.0,4.0,3.0,3.0,3.0,5.0,3.0,4.0,3.0,4.0,3.0,4.0,5.0,5.0,4.0,3.0,4.0,6.0,5.0,3.0,5.0,3.0,3.0,2.0,4.0,4.0,5.0,5.0,4.0,5.0,5.0,4.0,4.0,4.0,4.0,4.0,5.0,3.0,4.0
E0301,Other (24),Israel,1-3y,mid,hybrid,3,4.0,3.0,4.0,7.0,4.0,3.0,5.0,3.0,3.0,4.0,4.0,5.0,2.0,3.0,2.0,5.0,2.0,3.0,3.0,4.0,3.0,4.0,5.0,4.0,4.0,4.0,3.0,5.0,4.0,4.0,4.0,4.0,4.0,2.0,4.0,4.0,2.0,3.0,4.0,3.0,3.0,4.0,4.0,5.0,5.0,3.0,3.0,4.0,4.0
E0302,J,Israel,<1y,junior,hybrid,3,2.0,3.0,2.0,4.0,2.0,2.0,2.0,2.0,1.0,3.0,2.0,3.0,2.0,3.0,2.0,5.0,3.0,3.0,2.0,5.0,3.0,2.0,3.0,3.0,4.0,3.0,3.0,3.0,2.0,3.0,3.0,2.0,1.0,4.0,3.0,5.0,4.0,4.0,3.0,3.0,2.0,1.0,2.0,4.0,4.0,3.0,3.0,3.0,3.0
E0303,O,Israel,>5y,lead,remote,3,3.0,4.0,4.0,9.0,5.0,3.0,3.0,4.0,4.0,3.0,3.0,3.0,5.0,2.0,4.0,1.0,3.0,2.0,5.0,3.0,3.0,2.0,3.0,3.0,3.0,3.0,1.0,7.0,3.0,2.0,4.0,2.0,2.0,3.0,4.0,4.0,4.0,4.0,4.0,4.0,3.0,4.0,2.0,2.0,3.0,3.0,4.0,3.0,3.0
E0304,N,US,1-3y,mid,hybrid,3,5.0,4.0,4.0,9.0,5.0,4.0,3.0,4.0,3.0,4.0,5.0,5.0,4.0,5.0,5.0,3.0,4.0,4.0,3.0,5.0,4.0,5.0,3.0,5.0,3.0,4.0,4.0,6.0,4.0,4.0,4.0,5.0,4.0,5.0,4.0,5.0,4.0,4.0,3.0,4.0,4.0,4.0,3.0,4.0,3.0,3.0,3.0,4.0,3.0
E0305,L,UK,>5y,mid,hybrid,3,4.0,3.0,5.0,7.0,3.0,3.0,4.0,4.0,3.0,3.0,1.0,3.0,3.0,3.0,5.0,2.0,3.0,4.0,3.0,3.0,3.0,3.0,4.0,4.0,4.0,5.0,4.0,7.0,3.0,4.0,3.0,3.0,3.0,3.0,3.0,3.0,3.0,3.0,4.0,4.0,5.0,4.0,4.0,4.0,5.0,4.0,5.0,4.0,3.0
E0306,B,India,<1y,junior,onsite,3,3.0,4.0,5.0,10.0,4.0,4.0,4.0,5.0,4.0,4.0,2.0,5.0,5.0,4.0,3.0,4.0,3.0,3.0,4.0,5.0,3.0,2.0,3.0,4.0,5.0,3.0,3.0,10.0,4.0,2.0,5.0,1.0,4.0,3.0,3.0,4.0,3.0,4.0,3.0,4.0,5.0,4.0,5.0,4.0,3.0,4.0,3.0,2.0,3.0
E0307,L,India,1-3y,mid,hybrid,3,5.0,1.0,5.0,3.0,4.0,4.0,3.0,3.0,3.0,3.0,2.0,2.0,4.0,3.0,5.0,4.0,1.0,4.0,3.0,3.0,3.0,3.0,3.0,3.0,5.0,2.0,2.0,7.0,3.0,3.0,3.0,3.0,2.0,2.0,3.0,3.0,3.0,3.0,2.0,2.0,3.0,3.0,4.0,4.0,4.0,4.0,3.0,3.0,3.0
E0308,Q,UK,<1y,mid,hybrid,3,4.0,4.0,4.0,8.0,3.0,4.0,3.0,4.0,5.0,5.0,4.0,5.0,4.0,4.0,5.0,5.0,3.0,3.0,3.0,4.0,4.0,5.0,5.0,3.0,4.0,2.0,5.0,7.0,4.0,3.0,4.0,3.0,3.0,3.0,2.0,3.0,4.0,3.0,3.0,2.0,5.0,3.0,3.0,3.0,3.0,2.0,3.0,5.0,4.0
E0309,Other (24),UK,>5y,mid,hybrid,3,3.0,4.0,4.0,9.0,4.0,4.0,2.0,5.0,3.0,4.0,3.0,5.0,1.0,4.0,3.0,4.0,3.0,2.0,4.0,4.0,3.0,5.0,3.0,4.0,5.0,3.0,4.0,4.0,4.0,3.0,5.0,5.0,3.0,2.0,3.0,2.0,3.0,4.0,4.0,4.0,3.0,4.0,4.0,4.0,4.0,5.0,5.0,3.0,2.0
E0310,O,Europe,>5y,mid,hybrid,3,2.0,4.0,4.0,6.0,3.0,4.0,3.0,3.0,4.0,3.0,3.0,5.0,4.0,4.0,4.0,3.0,2.0,3.0,2.0,5.0,3.0,5.0,3.0,4.0,5.0,2.0,4.0,2.0,3.0,2.0,2.0,2.0,1.0,3.0,2.0,3.0,3.0,3.0,4.0,3.0,4.0,3.0,3.0,2.0,3.0,3.0,3.0,4.0,4.0
E0311,C,US,1-3y,junior,hybrid,3,4.0,4.0,5.0,7.0,5.0,4.0,3.0,4.0,4.0,4.0,3.0,2.0,3.0,3.0,4.0,3.0,4.0,4.0,3.0,4.0,3.0,2.0,2.0,4.0,3.0,4.0,3.0,6.0,2.0,4.0,5.0,3.0,3.0,3.0,3.0,4.0,4.0,3.0,4.0,3.0,4.0,4.0,3.0,3.0,3.0,4.0,5.0,4.0,4.0
E0312,Q,UK,1-3y,mid,remote,3,4.0,4.0,5.0,6.0,5.0,3.0,4.0,5.0,5.0,4.0,4.0,4.0,4.0,4.0,4.0,4.0,4.0,3.0,4.0,4.0,5.0,4.0,5.0,4.0,5.0,3.0,4.0,6.0,5.0,3.0,3.0,3.0,3.0,4.0,3.0,3.0,3.0,1.0,2.0,2.0,5.0,4.0,3.0,4.0,4.0,3.0,4.0,3.0,3.0
E0313,K,India,1-3y,senior,onsite,3,2.0,3.0,4.0,8.0,4.0,3.0,2.0,2.0,2.0,5.0,4.0,4.0,2.0,3.0,4.0,4.0,3.0,3.0,2.0,4.0,3.0,3.0,3.0,4.0,4.0,2.0,5.0,5.0,5.0,3.0,5.0,4.0,2.0,3.0,4.0,4.0,4.0,4.0,4.0,4.0,3.0,3.0,3.0,4.0,4.0,2.0,2.0,5.0,3.0
E0314,J,US,<1y,mid,hybrid,3,3.0,4.0,3.0,5.0,4.0,4.0,4.0,5.0,1.0,4.0,4.0,4.0,1.0,3.0,3.0,5.0,2.0,4.0,4.0,5.0,4.0,4.0,4.0,4.0,4.0,3.0,5.0,5.0,3.0,3.0,4.0,4.0,1.0,3.0,5.0,5.0,5.0,4.0,5.0,4.0,3.0,5.0,4.0,4.0,3.0,4.0,3.0,4.0,4.0
E0315,I,Israel,>5y,junior,hybrid,3,5.0,5.0,5.0,10.0,5.0,4.0,3.0,5.0,4.0,4.0,3.0,2.0,3.0,4.0,5.0,3.0,4.0,4.0,5.0,4.0,5.0,4.0,3.0,4.0,5.0,2.0,4.0,7.0,2.0,4.0,4.0,3.0,2.0,4.0,3.0,4.0,5.0,4.0,5.0,3.0,4.0,3.0,4.0,5.0,4.0,4.0,4.0,3.0,3.0
E0316,A,UK,>5y,mid,remote,3,4.0,3.0,2.0,9.0,5.0,3.0,4.0,4.0,4.0,4.0,3.0,3.0,3.0,3.0,5.0,2.0,3.0,4.0,4.0,3.0,5.0,4.0,3.0,3.0,4.0,4.0,3.0,10.0,2.0,4.0,4.0,5.0,4.0,4.0,3.0,4.0,4.0,4.0,3.0,4.0,5.0,4.0,3.0,3.0,3.0,4.0,5.0,4.0,5.0
E0317,I,UK,1-3y,mid,remote,3,3.0,4.0,5.0,7.0,3.0,3.0,3.0,4.0,3.0,5.0,2.0,3.0,3.0,4.0,3.0,3.0,3.0,3.0,3.0,5.0,3.0,5.0,4.0,3.0,5.0,3.0,4.0,6.0,3.0,4.0,4.0,4.0,3.0,2.0,3.0,3.0,3.0,4.0,3.0,4.0,4.0,5.0,5.0,5.0,3.0,4.0,3.0,3.0,3.0
E0318,D,UK,1-3y,mid,hybrid,3,5.0,4.0,5.0,7.0,4.0,5.0,3.0,4.0,4.0,5.0,5.0,5.0,4.0,5.0,5.0,5.0,3.0,4.0,2.0,5.0,3.0,5.0,5.0,5.0,5.0,3.0,5.0,10.0,4.0,4.0,5.0,3.0,2.0,4.0,5.0,4.0,4.0,4.0,5.0,4.0,5.0,4.0,4.0,3.0,4.0,3.0,4.0,5.0,5.0
E0319,H,US,<1y,junior,onsite,3,5.0,4.0,5.0,10.0,5.0,5.0,5.0,5.0,4.0,4.0,3.0,5.0,3.0,3.0,4.0,3.0,2.0,4.0,4.0,4.0,5.0,5.0,4.0,5.0,4.0,4.0,5.0,5.0,5.0,5.0,4.0,3.0,3.0,4.0,4.0,4.0,3.0,4.0,4.0,4.0,3.0,4.0,3.0,4.0,4.0,3.0,3.0,5.0,2.0
E0320,D,US,>5y,mid,remote,3,2.0,3.0,4.0,2.0,3.0,3.0,2.0,3.0,4.0,3.0,3.0,4.0,3.0,5.0,5.0,3.0,4.0,2.0,2.0,4.0,3.0,5.0,4.0,3.0,4.0,5.0,4.0,5.0,4.0,4.0,4.0,2.0,2.0,5.0,3.0,3.0,5.0,4.0,3.0,3.0,5.0,4.0,4.0,3.0,4.0,3.0,3.0,2.0,2.0
E0321,C,UK,3-5y,mid,remote,3,3.0,5.0,4.0,9.0,4.0,3.0,2.0,4.0,4.0,4.0,3.0,3.0,4.0,3.0,5.0,3.0,3.0,4.0,4.0,4.0,4.0,3.0,3.0,3.0,3.0,3.0,3.0,7.0,4.0,2.0,5.0,2.0,2.0,1.0,2.0,4.0,3.0,4.0,4.0,4.0,5.0,4.0,5.0,3.0,4.0,4.0,4.0,4.0,4.0
E0322,Other (24),UK,>5y,mid,onsite,3,3.0,5.0,4.0,7.0,4.0,3.0,3.0,4.0,5.0,3.0,2.0,3.0,4.0,3.0,2.0,5.0,4.0,3.0,4.0,4.0,3.0,4.0,4.0,3.0,3.0,2.0,4.0,8.0,3.0,2.0,3.0,3.0,3.0,3.0,3.0,3.0,3.0,4.0,4.0,3.0,3.0,3.0,4.0,4.0,4.0,3.0,4.0,2.0,5.0
E0323,I,US,<1y,mid,hybrid,3,3.0,4.0,5.0,6.0,4.0,3.0,2.0,5.0,3.0,4.0,4.0,5.0,3.0,5.0,2.0,4.0,3.0,3.0,4.0,5.0,3.0,5.0,4.0,5.0,5.0,2.0,4.0,5.0,4.0,2.0,4.0,4.0,3.0,3.0,4.0,4.0,5.0,2.0,3.0,4.0,4.0,4.0,4.0,4.0,4.0,3.0,3.0,3.0,3.0
E0324,G,UK,3-5y,junior,hybrid,3,4.0,3.0,3.0,8.0,4.0,4.0,3.0,3.0,3.0,5.0,4.0,5.0,2.0,4.0,4.0,5.0,3.0,3.0,4.0,5.0,4.0,5.0,3.0,4.0,5.0,2.0,3.0,5.0,4.0,2.0,4.0,3.0,2.0,2.0,2.0,4.0,4.0,4.0,4.0,4.0,4.0,5.0,5.0,4.0,3.0,3.0,3.0,3.0,3.0
E0325,B,India,<1y,mid,hybrid,3,3.0,5.0,5.0,9.0,5.0,3.0,4.0,5.0,4.0,5.0,4.0,4.0,3.0,4.0,3.0,4.0,3.0,2.0,4.0,5.0,3.0,4.0,4.0,5.0,5.0,3.0,5.0,8.0,4.0,3.0,5.0,3.0,2.0,2.0,5.0,5.0,4.0,3.0,4.0,3.0,5.0,3.0,3.0,4.0,3.0,4.0,4.0,5.0,5.0
E0326,Other (24),India,>5y,senior,hybrid,3,5.0,5.0,4.0,6.0,5.0,5.0,4.0,3.0,2.0,4.0,3.0,4.0,3.0,3.0,4.0,4.0,3.0,3.0,4.0,4.0,4.0,4.0,4.0,4.0,4.0,2.0,5.0,6.0,5.0,2.0,3.0,5.0,2.0,2.0,4.0,4.0,5.0,5.0,4.0,5.0,5.0,5.0,5.0,4.0,3.0,4.0,4.0,2.0,3.0
E0327,M,US,1-3y,junior,hybrid,3,3.0,4.0,4.0,4.0,3.0,4.0,3.0,4.0,2.0,3.0,3.0,4.0,2.0,3.0,4.0,3.0,2.0,3.0,4.0,4.0,3.0,3.0,3.0,3.0,4.0,4.0,3.0,7.0,3.0,2.0,3.0,3.0,1.0,4.0,4.0,4.0,3.0,4.0,3.0,4.0,5.0,4.0,4.0,3.0,3.0,4.0,4.0,3.0,4.0
E0328,A,UK,1-3y,mid,onsite,3,2.0,4.0,3.0,8.0,4.0,3.0,4.0,5.0,3.0,4.0,4.0,3.0,5.0,4.0,3.0,4.0,3.0,3.0,4.0,3.0,4.0,4.0,5.0,5.0,5.0,3.0,5.0,8.0,4.0,4.0,5.0,4.0,3.0,4.0,5.0,4.0,4.0,4.0,4.0,4.0,4.0,3.0,4.0,4.0,4.0,5.0,5.0,5.0,5.0
E0329,D,US,1-3y,mid,hybrid,3,3.0,4.0,5.0,6.0,4.0,4.0,3.0,4.0,5.0,3.0,4.0,5.0,2.0,4.0,4.0,2.0,4.0,2.0,3.0,3.0,2.0,5.0,3.0,3.0,4.0,4.0,5.0,4.0,5.0,5.0,4.0,2.0,2.0,3.0,4.0,4.0,3.0,3.0,3.0,2.0,3.0,3.0,4.0,3.0,4.0,3.0,3.0,3.0,4.0
E0330,C,Israel,>5y,mid,hybrid,3,2.0,3.0,4.0,8.0,4.0,3.0,3.0,4.0,3.0,5.0,4.0,5.0,2.0,3.0,3.0,5.0,4.0,3.0,3.0,5.0,2.0,3.0,4.0,5.0,5.0,4.0,4.0,6.0,4.0,3.0,5.0,3.0,2.0,2.0,4.0,4.0,4.0,4.0,4.0,4.0,4.0,4.0,4.0,3.0,4.0,5.0,5.0,5.0,4.0
E0331,K,UK,1-3y,junior,onsite,3,1.0,2.0,3.0,7.0,2.0,4.0,3.0,3.0,3.0,4.0,3.0,3.0,2.0,3.0,3.0,3.0,3.0,3.0,3.0,4.0,5.0,3.0,4.0,5.0,5.0,2.0,5.0,4.0,5.0,1.0,3.0,2.0,2.0,3.0,2.0,2.0,3.0,3.0,3.0,3.0,5.0,4.0,3.0,4.0,3.0,4.0,4.0,4.0,4.0
E0332,E,US,1-3y,mid,hybrid,3,2.0,5.0,5.0,8.0,5.0,2.0,4.0,5.0,1.0,4.0,4.0,4.0,3.0,5.0,3.0,4.0,5.0,3.0,5.0,5.0,4.0,4.0,4.0,3.0,4.0,5.0,5.0,8.0,4.0,4.0,4.0,3.0,3.0,3.0,4.0,4.0,4.0,3.0,3.0,3.0,4.0,5.0,4.0,5.0,3.0,3.0,3.0,3.0,4.0
E0333,Other (24),India,<1y,mid,onsite,3,3.0,4.0,2.0,8.0,3.0,3.0,4.0,3.0,4.0,4.0,3.0,2.0,3.0,1.0,3.0,5.0,2.0,4.0,3.0,3.0,3.0,2.0,2.0,4.0,4.0,2.0,3.0,7.0,3.0,2.0,3.0,3.0,4.0,2.0,4.0,3.0,4.0,4.0,4.0,5.0,3.0,3.0,3.0,4.0,4.0,4.0,5.0,5.0,5.0
E0334,E,Israel,<1y,mid,onsite,3,4.0,4.0,5.0,7.0,4.0,3.0,5.0,5.0,2.0,3.0,3.0,3.0,3.0,3.0,3.0,3.0,3.0,4.0,3.0,3.0,4.0,3.0,3.0,3.0,3.0,4.0,3.0,6.0,2.0,3.0,4.0,3.0,3.0,2.0,5.0,5.0,4.0,5.0,5.0,4.0,4.0,4.0,4.0,4.0,3.0,5.0,4.0,4.0,3.0
E0335,K,UK,1-3y,junior,hybrid,3,2.0,3.0,3.0,8.0,4.0,3.0,3.0,3.0,3.0,4.0,5.0,3.0,3.0,4.0,2.0,3.0,2.0,2.0,4.0,3.0,4.0,4.0,4.0,4.0,5.0,2.0,3.0,6.0,5.0,1.0,5.0,2.0,2.0,2.0,4.0,3.0,4.0,3.0,4.0,3.0,5.0,5.0,4.0,1.0,2.0,4.0,5.0,3.0,3.0
E0336,Other (24),Europe,<1y,lead,remote,3,5.0,4.0,4.0,10.0,5.0,4.0,4.0,4.0,3.0,5.0,5.0,5.0,3.0,4.0,3.0,4.0,3.0,4.0,4.0,5.0,4.0,5.0,5.0,5.0,5.0,3.0,5.0,6.0,5.0,2.0,4.0,3.0,4.0,3.0,4.0,5.0,5.0,4.0,4.0,4.0,4.0,5.0,5.0,4.0,5.0,3.0,3.0,5.0,4.0
E0337,L,UK,>5y,senior,hybrid,3,3.0,3.0,5.0,4.0,3.0,4.0,4.0,3.0,4.0,4.0,1.0,4.0,4.0,4.0,5.0,4.0,2.0,4.0,1.0,3.0,3.0,4.0,4.0,4.0,4.0,1.0,4.0,8.0,4.0,3.0,3.0,2.0,2.0,1.0,3.0,5.0,4.0,4.0,5.0,5.0,4.0,3.0,5.0,4.0,2.0,3.0,4.0,4.0,3.0
E0338,M,UK,1-3y,mid,onsite,3,4.0,5.0,5.0,5.0,4.0,3.0,3.0,4.0,2.0,2.0,3.0,4.0,3.0,3.0,4.0,3.0,1.0,4.0,3.0,5.0,5.0,3.0,3.0,3.0,4.0,3.0,3.0,7.0,2.0,2.0,4.0,1.0,2.0,4.0,3.0,5.0,4.0,3.0,3.0,3.0,2.0,4.0,5.0,4.0,4.0,5.0,3.0,3.0,4.0
E0339,E,UK,>5y,mid,hybrid,3,2.0,2.0,5.0,6.0,4.0,3.0,2.0,5.0,3.0,4.0,4.0,5.0,2.0,3.0,3.0,4.0,3.0,3.0,3.0,5.0,3.0,4.0,4.0,3.0,3.0,3.0,4.0,7.0,3.0,3.0,4.0,3.0,2.0,2.0,3.0,3.0,4.0,4.0,4.0,4.0,4.0,4.0,4.0,2.0,3.0,5.0,4.0,2.0,3.0
E0340,L,Europe,1-3y,senior,onsite,3,2.0,3.0,2.0,3.0,2.0,3.0,1.0,3.0,4.0,3.0,2.0,3.0,4.0,3.0,2.0,2.0,2.0,2.0,1.0,3.0,2.0,3.0,1.0,3.0,3.0,1.0,2.0,7.0,3.0,2.0,2.0,3.0,3.0,2.0,3.0,4.0,3.0,3.0,4.0,4.0,2.0,2.0,3.0,3.0,3.0,4.0,4.0,3.0,3.0
E0341,H,US,<1y,junior,hybrid,3,5.0,5.0,5.0,10.0,4.0,5.0,4.0,4.0,4.0,4.0,3.0,4.0,3.0,5.0,4.0,4.0,4.0,5.0,5.0,5.0,4.0,5.0,3.0,4.0,5.0,4.0,5.0,9.0,5.0,4.0,4.0,4.0,4.0,5.0,5.0,5.0,5.0,3.0,3.0,5.0,5.0,4.0,4.0,3.0,3.0,4.0,4.0,2.0,4.0
E0342,P,US,3-5y,junior,remote,3,3.0,5.0,3.0,7.0,5.0,4.0,4.0,4.0,3.0,5.0,5.0,5.0,4.0,5.0,4.0,4.0,3.0,4.0,4.0,3.0,4.0,5.0,4.0,4.0,5.0,4.0,4.0,6.0,4.0,3.0,5.0,4.0,4.0,4.0,4.0,5.0,5.0,5.0,4.0,4.0,3.0,5.0,3.0,4.0,4.0,4.0,5.0,4.0,5.0
E0343,Q,Europe,1-3y,mid,hybrid,3,4.0,4.0,5.0,7.0,4.0,4.0,3.0,5.0,3.0,3.0,5.0,4.0,3.0,4.0,4.0,4.0,5.0,3.0,4.0,5.0,4.0,4.0,3.0,4.0,4.0,3.0,5.0,3.0,4.0,3.0,4.0,3.0,3.0,4.0,5.0,5.0,5.0,3.0,3.0,4.0,4.0,4.0,4.0,5.0,5.0,4.0,3.0,5.0,3.0
E0344,Other (24),Israel,<1y,mid,onsite,3,3.0,5.0,2.0,8.0,4.0,4.0,4.0,3.0,4.0,3.0,3.0,3.0,4.0,2.0,4.0,3.0,3.0,4.0,4.0,4.0,3.0,3.0,4.0,3.0,2.0,4.0,4.0,9.0,2.0,2.0,4.0,4.0,4.0,3.0,3.0,3.0,4.0,4.0,5.0,4.0,4.0,5.0,3.0,4.0,5.0,4.0,4.0,4.0,4.0
E0345,J,UK,1-3y,lead,hybrid,3,3.0,1.0,3.0,4.0,1.0,3.0,2.0,2.0,1.0,3.0,3.0,3.0,2.0,2.0,1.0,4.0,3.0,3.0,1.0,3.0,3.0,3.0,3.0,2.0,4.0,3.0,3.0,4.0,3.0,3.0,3.0,2.0,3.0,3.0,3.0,3.0,3.0,5.0,5.0,4.0,3.0,4.0,4.0,5.0,4.0,5.0,4.0,2.0,1.0
E0346,H,Europe,1-3y,junior,hybrid,3,4.0,5.0,5.0,10.0,4.0,4.0,3.0,4.0,4.0,5.0,4.0,5.0,3.0,4.0,3.0,5.0,3.0,3.0,5.0,3.0,3.0,5.0,4.0,5.0,5.0,3.0,4.0,6.0,5.0,3.0,5.0,3.0,3.0,4.0,5.0,4.0,5.0,5.0,5.0,4.0,4.0,5.0,4.0,3.0,3.0,4.0,4.0,3.0,3.0
E0347,L,US,1-3y,mid,onsite,3,4.0,3.0,5.0,5.0,4.0,4.0,3.0,2.0,3.0,3.0,2.0,4.0,4.0,2.0,5.0,4.0,3.0,4.0,2.0,4.0,4.0,4.0,2.0,4.0,4.0,3.0,5.0,8.0,3.0,3.0,5.0,3.0,3.0,2.0,4.0,3.0,4.0,3.0,4.0,3.0,4.0,5.0,5.0,4.0,3.0,5.0,5.0,4.0,4.0
E0348,D,India,<1y,mid,hybrid,3,4.0,5.0,5.0,10.0,3.0,3.0,4.0,2.0,5.0,5.0,5.0,3.0,2.0,5.0,5.0,4.0,4.0,3.0,3.0,4.0,3.0,5.0,5.0,5.0,4.0,4.0,5.0,7.0,4.0,4.0,4.0,4.0,4.0,5.0,3.0,3.0,3.0,5.0,4.0,5.0,4.0,5.0,4.0,5.0,4.0,4.0,4.0,3.0,3.0
E0349,H,Israel,>5y,senior,hybrid,3,4.0,5.0,5.0,10.0,4.0,5.0,4.0,4.0,5.0,5.0,5.0,5.0,5.0,4.0,4.0,5.0,3.0,5.0,5.0,5.0,5.0,5.0,5.0,5.0,5.0,4.0,5.0,9.0,5.0,5.0,4.0,4.0,4.0,5.0,5.0,5.0,4.0,5.0,5.0,4.0,5.0,4.0,4.0,5.0,4.0,3.0,4.0,5.0,5.0
E0350,A,Israel,<1y,senior,hybrid,3,4.0,3.0,2.0,8.0,4.0,3.0,3.0,4.0,1.0,3.0,3.0,3.0,2.0,3.0,3.0,3.0,1.0,3.0,3.0,4.0,4.0,3.0,3.0,4.0,4.0,1.0,4.0,4.0,2.0,2.0,4.0,3.0,3.0,2.0,4.0,4.0,3.0,4.0,3.0,3.0,3.0,2.0,4.0,3.0,3.0,5.0,4.0,3.0,5.0
E0351,J,US,>5y,mid,onsite,3,4.0,4.0,2.0,3.0,4.0,4.0,2.0,2.0,1.0,4.0,4.0,4.0,2.0,2.0,2.0,5.0,3.0,2.0,3.0,4.0,3.0,4.0,4.0,4.0,3.0,2.0,4.0,2.0,3.0,2.0,4.0,2.0,2.0,3.0,4.0,4.0,3.0,5.0,4.0,4.0,3.0,4.0,3.0,5.0,4.0,4.0,4.0,3.0,3.0
E0352,Other (24),Europe,1-3y,mid,remote,3,3.0,3.0,4.0,8.0,3.0,4.0,3.0,3.0,3.0,4.0,4.0,4.0,3.0,2.0,2.0,4.0,3.0,4.0,3.0,4.0,2.0,3.0,3.0,4.0,4.0,3.0,4.0,6.0,2.0,3.0,2.0,4.0,4.0,3.0,3.0,5.0,3.0,3.0,2.0,4.0,4.0,4.0,4.0,4.0,4.0,3.0,3.0,4.0,3.0
E0353,Other (24),Europe,1-3y,senior,onsite,3,2.0,3.0,3.0,7.0,3.0,3.0,2.0,3.0,3.0,4.0,2.0,3.0,2.0,3.0,2.0,3.0,2.0,3.0,2.0,3.0,2.0,3.0,2.0,4.0,3.0,3.0,3.0,5.0,3.0,2.0,3.0,4.0,4.0,3.0,3.0,3.0,2.0,2.0,4.0,3.0,5.0,4.0,4.0,4.0,3.0,3.0,4.0,3.0,2.0
E0354,H,Israel,1-3y,mid,hybrid,3,5.0,4.0,5.0,7.0,4.0,5.0,5.0,4.0,4.0,5.0,5.0,5.0,5.0,5.0,3.0,5.0,3.0,4.0,4.0,4.0,4.0,5.0,5.0,5.0,5.0,4.0,5.0,6.0,4.0,4.0,4.0,3.0,3.0,4.0,5.0,4.0,5.0,5.0,5.0,5.0,3.0,4.0,3.0,4.0,4.0,4.0,3.0,4.0,4.0
E0355,J,Europe,1-3y,senior,hybrid,3,4.0,3.0,3.0,2.0,3.0,3.0,3.0,4.0,3.0,3.0,4.0,3.0,3.0,3.0,3.0,3.0,3.0,2.0,2.0,3.0,3.0,2.0,2.0,3.0,3.0,3.0,2.0,9.0,2.0,2.0,3.0,3.0,2.0,3.0,4.0,4.0,5.0,3.0,4.0,4.0,3.0,4.0,3.0,4.0,3.0,5.0,5.0,4.0,3.0
E0356,P,US,3-5y,senior,hybrid,3,4.0,4.0,5.0,5.0,4.0,4.0,3.0,3.0,2.0,4.0,5.0,4.0,5.0,5.0,4.0,4.0,3.0,4.0,4.0,4.0,5.0,5.0,4.0,5.0,5.0,4.0,4.0,5.0,4.0,4.0,4.0,4.0,2.0,4.0,4.0,3.0,4.0,4.0,5.0,4.0,5.0,5.0,5.0,5.0,4.0,4.0,5.0,4.0,4.0
E0357,K,Europe,1-3y,mid,hybrid,3,2.0,3.0,3.0,5.0,3.0,3.0,1.0,2.0,2.0,3.0,2.0,3.0,2.0,2.0,3.0,2.0,3.0,2.0,3.0,4.0,4.0,3.0,3.0,3.0,4.0,3.0,4.0,5.0,3.0,2.0,3.0,2.0,2.0,3.0,2.0,1.0,2.0,4.0,3.0,4.0,3.0,5.0,2.0,4.0,3.0,2.0,3.0,3.0,2.0
E0358,C,India,1-3y,mid,remote,3,4.0,4.0,3.0,9.0,4.0,3.0,3.0,2.0,4.0,3.0,3.0,3.0,5.0,4.0,5.0,3.0,3.0,3.0,2.0,3.0,2.0,2.0,4.0,3.0,3.0,5.0,3.0,7.0,4.0,3.0,4.0,2.0,3.0,3.0,3.0,4.0,5.0,3.0,3.0,4.0,3.0,4.0,5.0,4.0,3.0,5.0,4.0,2.0,4.0
E0359,I,Israel,<1y,junior,onsite,3,4.0,3.0,4.0,7.0,5.0,4.0,4.0,4.0,3.0,5.0,3.0,3.0,3.0,4.0,4.0,3.0,3.0,4.0,4.0,5.0,4.0,4.0,4.0,4.0,4.0,2.0,4.0,9.0,2.0,2.0,4.0,1.0,2.0,2.0,3.0,3.0,3.0,4.0,3.0,3.0,4.0,4.0,4.0,3.0,3.0,5.0,5.0,3.0,3.0
E0360,D,UK,1-3y,senior,hybrid,3,3.0,4.0,5.0,7.0,4.0,3.0,3.0,4.0,3.0,5.0,5.0,5.0,3.0,4.0,4.0,5.0,1.0,3.0,3.0,5.0,2.0,5.0,5.0,5.0,5.0,3.0,5.0,5.0,4.0,2.0,4.0,1.0,1.0,2.0,3.0,2.0,2.0,4.0,3.0,3.0,4.0,4.0,3.0,3.0,2.0,3.0,2.0,3.0,3.0
E0361,Other (24),Europe,3-5y,mid,hybrid,3,2.0,4.0,2.0,7.0,5.0,2.0,4.0,4.0,4.0,3.0,2.0,2.0,4.0,2.0,1.0,3.0,2.0,2.0,4.0,2.0,3.0,3.0,2.0,3.0,3.0,2.0,2.0,6.0,1.0,1.0,4.0,3.0,3.0,2.0,2.0,4.0,3.0,5.0,3.0,4.0,2.0,4.0,4.0,3.0,3.0,3.0,3.0,3.0,2.0
E0362,O,India,3-5y,junior,remote,3,3.0,3.0,5.0,5.0,3.0,4.0,3.0,4.0,4.0,4.0,5.0,4.0,3.0,3.0,3.0,3.0,2.0,3.0,3.0,4.0,5.0,5.0,5.0,4.0,5.0,1.0,5.0,8.0,4.0,2.0,3.0,1.0,3.0,3.0,3.0,3.0,4.0,3.0,4.0,5.0,2.0,4.0,4.0,3.0,3.0,5.0,4.0,3.0,3.0
E0363,A,Israel,<1y,lead,onsite,3,4.0,5.0,4.0,7.0,5.0,4.0,4.0,3.0,4.0,4.0,3.0,3.0,4.0,4.0,3.0,4.0,2.0,4.0,3.0,4.0,5.0,4.0,4.0,3.0,5.0,3.0,4.0,7.0,2.0,2.0,4.0,4.0,2.0,3.0,4.0,4.0,5.0,5.0,4.0,4.0,4.0,5.0,4.0,3.0,3.0,5.0,5.0,4.0,3.0
E0364,G,US,1-3y,mid,hybrid,3,3.0,5.0,5.0,10.0,5.0,2.0,4.0,5.0,4.0,4.0,4.0,4.0,4.0,4.0,3.0,4.0,3.0,4.0,4.0,5.0,3.0,5.0,4.0,4.0,4.0,2.0,5.0,9.0,3.0,3.0,5.0,3.0,5.0,3.0,4.0,5.0,4.0,4.0,2.0,4.0,3.0,4.0,3.0,3.0,4.0,4.0,4.0,2.0,3.0
E0365,K,Israel,>5y,junior,onsite,3,3.0,3.0,5.0,8.0,3.0,4.0,4.0,3.0,3.0,3.0,4.0,3.0,4.0,4.0,3.0,5.0,1.0,4.0,3.0,4.0,4.0,3.0,3.0,3.0,4.0,2.0,4.0,8.0,4.0,2.0,4.0,3.0,2.0,3.0,3.0,5.0,5.0,4.0,4.0,5.0,4.0,4.0,4.0,4.0,4.0,3.0,5.0,4.0,4.0
E0366,G,UK,>5y,mid,onsite,3,3.0,2.0,3.0,7.0,4.0,4.0,4.0,3.0,2.0,4.0,3.0,4.0,1.0,4.0,4.0,3.0,3.0,4.0,1.0,4.0,4.0,4.0,3.0,4.0,4.0,2.0,3.0,6.0,4.0,3.0,3.0,4.0,5.0,3.0,4.0,4.0,4.0,4.0,4.0,4.0,4.0,5.0,4.0,5.0,5.0,3.0,4.0,4.0,3.0
E0367,I,India,3-5y,mid,hybrid,3,3.0,3.0,5.0,10.0,3.0,4.0,3.0,4.0,4.0,3.0,3.0,5.0,3.0,5.0,3.0,4.0,3.0,3.0,5.0,5.0,5.0,5.0,3.0,4.0,5.0,3.0,4.0,7.0,3.0,2.0,5.0,2.0,2.0,2.0,4.0,4.0,4.0,4.0,3.0,4.0,3.0,2.0,2.0,4.0,3.0,4.0,4.0,2.0,3.0
E0368,P,UK,1-3y,junior,hybrid,3,3.0,4.0,5.0,7.0,5.0,2.0,2.0,5.0,2.0,5.0,5.0,5.0,4.0,5.0,3.0,4.0,3.0,3.0,4.0,4.0,3.0,4.0,5.0,5.0,5.0,3.0,5.0,7.0,5.0,2.0,5.0,2.0,2.0,5.0,3.0,4.0,3.0,4.0,3.0,3.0,5.0,4.0,4.0,3.0,4.0,4.0,5.0,4.0,5.0
E0369,J,UK,<1y,mid,hybrid,3,3.0,3.0,1.0,3.0,3.0,3.0,2.0,4.0,4.0,2.0,2.0,2.0,3.0,3.0,3.0,3.0,3.0,3.0,3.0,3.0,4.0,4.0,2.0,3.0,3.0,4.0,4.0,8.0,2.0,1.0,2.0,3.0,2.0,2.0,4.0,3.0,4.0,3.0,3.0,2.0,4.0,5.0,4.0,3.0,3.0,3.0,3.0,4.0,2.0
E0370,Other (24),Europe,1-3y,senior,hybrid,3,3.0,2.0,4.0,5.0,3.0,3.0,2.0,2.0,1.0,4.0,2.0,4.0,2.0,3.0,3.0,4.0,2.0,3.0,3.0,4.0,3.0,4.0,3.0,4.0,3.0,2.0,3.0,3.0,2.0,1.0,2.0,3.0,3.0,2.0,3.0,3.0,2.0,3.0,3.0,2.0,3.0,4.0,2.0,4.0,4.0,3.0,4.0,3.0,2.0
E0371,Other (24),UK,>5y,mid,remote,3,5.0,5.0,3.0,8.0,4.0,5.0,4.0,4.0,3.0,4.0,3.0,4.0,4.0,2.0,4.0,4.0,2.0,5.0,4.0,5.0,4.0,4.0,4.0,4.0,4.0,1.0,4.0,7.0,3.0,1.0,4.0,3.0,3.0,2.0,4.0,5.0,4.0,3.0,4.0,4.0,5.0,3.0,4.0,3.0,4.0,4.0,4.0,3.0,5.0
E0372,J,Israel,3-5y,mid,hybrid,3,2.0,2.0,3.0,5.0,4.0,2.0,2.0,3.0,2.0,3.0,3.0,3.0,3.0,3.0,2.0,4.0,2.0,1.0,2.0,4.0,1.0,3.0,4.0,4.0,3.0,2.0,2.0,7.0,3.0,2.0,3.0,3.0,2.0,3.0,4.0,3.0,5.0,4.0,4.0,3.0,3.0,3.0,3.0,3.0,2.0,3.0,4.0,2.0,2.0
E0373,B,Israel,1-3y,mid,remote,3,2.0,4.0,4.0,9.0,4.0,2.0,3.0,4.0,4.0,3.0,3.0,4.0,4.0,3.0,3.0,3.0,3.0,2.0,3.0,4.0,4.0,4.0,2.0,4.0,5.0,2.0,4.0,9.0,3.0,2.0,5.0,3.0,2.0,3.0,3.0,5.0,3.0,4.0,4.0,4.0,4.0,4.0,4.0,4.0,3.0,4.0,4.0,4.0,4.0
E0374,J,Israel,3-5y,senior,remote,3,5.0,3.0,2.0,6.0,3.0,4.0,2.0,4.0,2.0,1.0,2.0,1.0,3.0,3.0,3.0,1.0,1.0,3.0,3.0,2.0,3.0,3.0,3.0,2.0,3.0,1.0,3.0,6.0,2.0,1.0,3.0,2.0,1.0,1.0,3.0,5.0,3.0,3.0,3.0,2.0,4.0,3.0,2.0,4.0,3.0,4.0,3.0,2.0,3.0
E0375,P,UK,1-3y,junior,remote,3,3.0,4.0,4.0,5.0,4.0,3.0,2.0,4.0,1.0,3.0,3.0,5.0,1.0,4.0,4.0,3.0,3.0,2.0,4.0,3.0,3.0,3.0,3.0,4.0,4.0,2.0,5.0,5.0,4.0,2.0,4.0,2.0,1.0,3.0,4.0,4.0,4.0,4.0,4.0,4.0,3.0,4.0,3.0,3.0,3.0,5.0,5.0,4.0,3.0
E0376,I,UK,<1y,mid,hybrid,3,3.0,4.0,5.0,8.0,4.0,4.0,4.0,3.0,3.0,5.0,3.0,3.0,2.0,4.0,4.0,4.0,5.0,5.0,4.0,5.0,4.0,5.0,3.0,4.0,4.0,2.0,5.0,8.0,4.0,2.0,5.0,3.0,4.0,3.0,5.0,4.0,4.0,4.0,4.0,5.0,4.0,4.0,4.0,4.0,3.0,5.0,4.0,3.0,3.0
E0377,G,India,3-5y,junior,remote,3,4.0,3.0,2.0,7.0,3.0,4.0,4.0,2.0,3.0,3.0,2.0,3.0,2.0,3.0,3.0,2.0,3.0,4.0,3.0,3.0,4.0,3.0,3.0,2.0,3.0,2.0,3.0,5.0,2.0,2.0,3.0,3.0,3.0,2.0,3.0,3.0,4.0,4.0,4.0,4.0,4.0,3.0,4.0,4.0,4.0,5.0,5.0,3.0,3.0
E0378,G,US,<1y,senior,remote,3,3.0,3.0,2.0,6.0,3.0,5.0,4.0,3.0,4.0,2.0,4.0,2.0,3.0,2.0,4.0,4.0,3.0,5.0,2.0,3.0,4.0,4.0,3.0,4.0,5.0,5.0,3.0,10.0,4.0,3.0,3.0,4.0,4.0,3.0,5.0,5.0,5.0,5.0,4.0,3.0,4.0,3.0,5.0,4.0,3.0,5.0,4.0,5.0,4.0
E0379,Q,Israel,1-3y,senior,onsite,3,3.0,3.0,3.0,5.0,4.0,3.0,3.0,4.0,4.0,3.0,2.0,3.0,3.0,4.0,4.0,4.0,3.0,4.0,4.0,4.0,4.0,3.0,4.0,3.0,2.0,1.0,3.0,7.0,3.0,2.0,5.0,2.0,4.0,2.0,4.0,3.0,3.0,3.0,3.0,3.0,4.0,4.0,5.0,4.0,3.0,5.0,5.0,4.0,4.0
E0380,N,UK,1-3y,mid,onsite,3,4.0,4.0,5.0,8.0,4.0,4.0,4.0,5.0,3.0,4.0,4.0,5.0,4.0,5.0,4.0,4.0,5.0,3.0,4.0,5.0,3.0,5.0,4.0,5.0,4.0,5.0,5.0,7.0,5.0,5.0,5.0,5.0,4.0,5.0,4.0,5.0,5.0,5.0,4.0,5.0,4.0,4.0,4.0,5.0,5.0,5.0,5.0,3.0,4.0
E0381,A,UK,<1y,senior,onsite,3,3.0,2.0,3.0,5.0,4.0,2.0,3.0,2.0,5.0,3.0,3.0,3.0,5.0,4.0,2.0,4.0,3.0,3.0,4.0,4.0,2.0,3.0,3.0,4.0,2.0,2.0,3.0,10.0,3.0,4.0,3.0,4.0,4.0,4.0,5.0,5.0,4.0,4.0,3.0,4.0,3.0,3.0,4.0,3.0,5.0,4.0,3.0,3.0,4.0
E0382,Other (24),US,>5y,senior,hybrid,3,4.0,3.0,3.0,7.0,3.0,3.0,3.0,3.0,3.0,3.0,3.0,4.0,3.0,2.0,3.0,3.0,2.0,3.0,2.0,5.0,4.0,3.0,3.0,3.0,4.0,4.0,3.0,5.0,4.0,3.0,3.0,3.0,3.0,3.0,3.0,4.0,4.0,3.0,3.0,3.0,3.0,5.0,5.0,4.0,5.0,3.0,4.0,2.0,3.0
E0383,Other (24),Israel,1-3y,lead,onsite,3,4.0,4.0,4.0,8.0,4.0,5.0,2.0,4.0,5.0,5.0,4.0,5.0,4.0,2.0,3.0,4.0,3.0,4.0,4.0,4.0,4.0,4.0,4.0,5.0,4.0,3.0,3.0,10.0,4.0,3.0,4.0,4.0,4.0,4.0,4.0,3.0,4.0,5.0,5.0,5.0,5.0,4.0,4.0,4.0,5.0,5.0,5.0,3.0,3.0
E0384,K,India,1-3y,lead,hybrid,3,4.0,2.0,4.0,7.0,2.0,4.0,4.0,2.0,2.0,5.0,5.0,3.0,1.0,4.0,3.0,4.0,2.0,3.0,4.0,5.0,3.0,4.0,5.0,4.0,5.0,2.0,4.0,2.0,5.0,2.0,4.0,2.0,3.0,2.0,3.0,4.0,3.0,5.0,4.0,4.0,3.0,3.0,5.0,4.0,3.0,4.0,4.0,4.0,4.0
E0385,J,Israel,3-5y,mid,hybrid,3,3.0,3.0,4.0,4.0,3.0,3.0,2.0,4.0,2.0,3.0,2.0,4.0,3.0,2.0,3.0,3.0,3.0,3.0,2.0,4.0,3.0,2.0,4.0,4.0,2.0,2.0,4.0,5.0,4.0,4.0,3.0,3.0,2.0,2.0,4.0,3.0,3.0,3.0,4.0,3.0,4.0,3.0,2.0,4.0,3.0,3.0,4.0,3.0,3.0
E0386,H,Europe,1-3y,junior,hybrid,3,5.0,5.0,5.0,10.0,4.0,5.0,5.0,4.0,5.0,5.0,5.0,5.0,5.0,5.0,5.0,4.0,4.0,5.0,4.0,5.0,5.0,5.0,5.0,4.0,5.0,4.0,5.0,10.0,3.0,5.0,5.0,4.0,3.0,5.0,5.0,5.0,5.0,5.0,4.0,5.0,5.0,3.0,4.0,3.0,4.0,5.0,4.0,5.0,3.0
E0387,Other (24),UK,1-3y,mid,onsite,3,4.0,4.0,4.0,6.0,5.0,5.0,4.0,3.0,3.0,5.0,3.0,4.0,3.0,4.0,3.0,5.0,3.0,2.0,3.0,4.0,3.0,4.0,4.0,4.0,4.0,2.0,4.0,6.0,4.0,1.0,4.0,3.0,3.0,1.0,3.0,4.0,3.0,3.0,3.0,3.0,4.0,2.0,2.0,4.0,4.0,3.0,3.0,5.0,3.0
E0388,D,UK,1-3y,senior,hybrid,3,2.0,5.0,5.0,8.0,4.0,3.0,3.0,5.0,3.0,4.0,5.0,4.0,4.0,5.0,5.0,5.0,4.0,2.0,5.0,4.0,1.0,5.0,5.0,5.0,4.0,4.0,4.0,7.0,4.0,4.0,5.0,3.0,3.0,4.0,4.0,4.0,4.0,4.0,3.0,3.0,4.0,4.0,4.0,4.0,5.0,3.0,5.0,4.0,4.0
E0389,R,India,3-5y,mid,onsite,3,2.0,5.0,4.0,10.0,4.0,4.0,3.0,5.0,4.0,5.0,4.0,4.0,4.0,4.0,4.0,3.0,3.0,3.0,5.0,4.0,2.0,3.0,4.0,3.0,5.0,3.0,3.0,8.0,4.0,3.0,5.0,2.0,3.0,3.0,5.0,5.0,5.0,5.0,3.0,4.0,5.0,5.0,5.0,4.0,4.0,4.0,5.0,4.0,4.0
E0390,Other (24),US,1-3y,junior,hybrid,3,5.0,3.0,4.0,9.0,3.0,5.0,4.0,2.0,3.0,4.0,2.0,5.0,3.0,4.0,4.0,4.0,3.0,5.0,3.0,4.0,5.0,4.0,4.0,4.0,4.0,2.0,3.0,4.0,4.0,1.0,3.0,3.0,3.0,2.0,3.0,4.0,3.0,4.0,4.0,4.0,4.0,2.0,3.0,3.0,3.0,5.0,5.0,4.0,3.0
E0391,C,US,<1y,mid,hybrid,3,3.0,3.0,5.0,9.0,4.0,4.0,3.0,2.0,2.0,4.0,4.0,4.0,3.0,2.0,3.0,3.0,2.0,4.0,3.0,4.0,2.0,3.0,4.0,3.0,5.0,3.0,4.0,6.0,4.0,2.0,5.0,2.0,1.0,3.0,4.0,5.0,4.0,3.0,3.0,4.0,3.0,4.0,3.0,5.0,2.0,3.0,4.0,2.0,2.0
E0392,B,Europe,>5y,lead,hybrid,3,3.0,3.0,5.0,9.0,3.0,3.0,3.0,4.0,5.0,4.0,4.0,5.0,4.0,4.0,4.0,3.0,3.0,2.0,4.0,5.0,3.0,4.0,3.0,4.0,5.0,2.0,5.0,10.0,4.0,2.0,4.0,2.0,2.0,3.0,4.0,3.0,4.0,4.0,3.0,3.0,4.0,4.0,3.0,3.0,2.0,4.0,4.0,3.0,4.0
E0393,F,US,3-5y,mid,hybrid,3,3.0,2.0,2.0,3.0,2.0,3.0,3.0,2.0,2.0,3.0,3.0,4.0,2.0,3.0,4.0,3.0,3.0,2.0,2.0,2.0,3.0,4.0,3.0,2.0,4.0,2.0,4.0,6.0,3.0,2.0,2.0,3.0,2.0,3.0,3.0,3.0,3.0,2.0,3.0,3.0,1.0,4.0,4.0,3.0,4.0,2.0,1.0,3.0,3.0
E0394,G,Israel,1-3y,mid,hybrid,3,3.0,2.0,3.0,5.0,2.0,3.0,3.0,3.0,4.0,3.0,3.0,3.0,2.0,2.0,3.0,4.0,2.0,3.0,1.0,5.0,4.0,4.0,3.0,2.0,4.0,1.0,3.0,8.0,2.0,2.0,4.0,2.0,3.0,2.0,4.0,4.0,2.0,4.0,4.0,3.0,5.0,4.0,4.0,2.0,3.0,3.0,4.0,3.0,3.0
E0395,M,Israel,<1y,mid,hybrid,3,4.0,5.0,4.0,10.0,5.0,4.0,5.0,5.0,2.0,4.0,3.0,4.0,3.0,2.0,3.0,5.0,3.0,3.0,5.0,4.0,4.0,4.0,3.0,3.0,3.0,4.0,3.0,6.0,3.0,4.0,5.0,3.0,3.0,3.0,4.0,5.0,4.0,5.0,5.0,5.0,4.0,4.0,3.0,3.0,4.0,5.0,4.0,3.0,4.0
E0396,Q,UK,<1y,mid,hybrid,3,5.0,4.0,4.0,6.0,3.0,4.0,4.0,4.0,4.0,3.0,3.0,4.0,4.0,5.0,5.0,4.0,4.0,3.0,2.0,5.0,5.0,3.0,4.0,4.0,4.0,3.0,4.0,5.0,3.0,3.0,3.0,3.0,3.0,3.0,4.0,3.0,3.0,4.0,3.0,5.0,4.0,3.0,5.0,5.0,4.0,4.0,4.0,5.0,4.0
E0397,Other (24),India,>5y,mid,onsite,3,2.0,5.0,3.0,9.0,5.0,4.0,4.0,4.0,3.0,4.0,3.0,4.0,2.0,3.0,2.0,4.0,3.0,3.0,2.0,5.0,3.0,4.0,3.0,4.0,5.0,3.0,4.0,7.0,3.0,3.0,3.0,4.0,4.0,4.0,5.0,3.0,4.0,4.0,4.0,4.0,4.0,3.0,4.0,4.0,5.0,2.0,2.0,4.0,4.0
E0398,Other (24),Israel,1-3y,lead,hybrid,3,3.0,4.0,4.0,7.0,3.0,5.0,4.0,4.0,4.0,3.0,4.0,3.0,2.0,5.0,2.0,5.0,4.0,4.0,4.0,5.0,4.0,3.0,3.0,5.0,5.0,4.0,4.0,7.0,5.0,3.0,4.0,3.0,4.0,4.0,5.0,4.0,4.0,5.0,5.0,4.0,4.0,4.0,4.0,5.0,4.0,4.0,4.0,3.0,4.0
E0399,D,UK,>5y,mid,remote,3,4.0,4.0,4.0,7.0,3.0,5.0,4.0,4.0,5.0,5.0,2.0,5.0,3.0,5.0,5.0,4.0,3.0,4.0,3.0,5.0,4.0,5.0,4.0,4.0,4.0,5.0,5.0,8.0,5.0,4.0,3.0,4.0,3.0,5.0,5.0,3.0,4.0,4.0,5.0,3.0,2.0,2.0,2.0,4.0,4.0,5.0,4.0,3.0,3.0
E0400,Other (24),US,1-3y,junior,remote,3,2.0,2.0,4.0,8.0,3.0,3.0,3.0,2.0,3.0,4.0,3.0,4.0,2.0,4.0,1.0,4.0,2.0,2.0,2.0,5.0,2.0,3.0,4.0,4.0,5.0,1.0,3.0,10.0,5.0,2.0,2.0,3.0,2.0,1.0,4.0,2.0,3.0,2.0,3.0,2.0,4.0,4.0,3.0,2.0,2.0,4.0,3.0,4.0,5.0
E0401,F,US,<1y,junior,hybrid,3,4.0,3.0,5.0,5.0,3.0,5.0,4.0,3.0,5.0,5.0,4.0,4.0,5.0,5.0,5.0,5.0,4.0,3.0,3.0,4.0,4.0,5.0,4.0,4.0,4.0,3.0,5.0,10.0,5.0,3.0,4.0,3.0,4.0,4.0,5.0,5.0,4.0,3.0,3.0,4.0,4.0,2.0,2.0,4.0,4.0,3.0,3.0,4.0,5.0
E0402,L,Europe,1-3y,senior,remote,3,4.0,3.0,4.0,3.0,3.0,3.0,4.0,2.0,4.0,3.0,3.0,2.0,2.0,3.0,4.0,4.0,1.0,2.0,2.0,2.0,3.0,4.0,3.0,3.0,4.0,2.0,5.0,10.0,3.0,2.0,2.0,3.0,2.0,1.0,4.0,3.0,4.0,4.0,4.0,4.0,4.0,3.0,3.0,3.0,4.0,3.0,3.0,3.0,3.0
E0403,Other (24),Europe,>5y,mid,hybrid,3,4.0,4.0,5.0,9.0,4.0,5.0,4.0,4.0,2.0,5.0,5.0,5.0,2.0,5.0,3.0,5.0,3.0,4.0,4.0,5.0,4.0,5.0,5.0,5.0,5.0,3.0,5.0,5.0,5.0,3.0,3.0,4.0,3.0,2.0,4.0,3.0,3.0,3.0,4.0,4.0,4.0,4.0,3.0,4.0,3.0,5.0,4.0,3.0,2.0
E0404,Q,US,>5y,mid,remote,3,3.0,4.0,3.0,5.0,4.0,5.0,3.0,3.0,5.0,3.0,3.0,3.0,4.0,4.0,4.0,4.0,3.0,3.0,3.0,4.0,4.0,3.0,3.0,4.0,3.0,4.0,3.0,6.0,3.0,3.0,4.0,2.0,3.0,3.0,4.0,4.0,5.0,5.0,5.0,5.0,5.0,4.0,4.0,3.0,2.0,5.0,4.0,3.0,3.0
E0405,N,UK,3-5y,junior,remote,3,4.0,5.0,5.0,10.0,5.0,3.0,3.0,5.0,4.0,4.0,5.0,5.0,4.0,4.0,4.0,4.0,4.0,3.0,4.0,4.0,3.0,5.0,5.0,4.0,4.0,3.0,4.0,4.0,5.0,4.0,5.0,3.0,3.0,5.0,4.0,5.0,3.0,4.0,4.0,4.0,3.0,4.0,4.0,5.0,5.0,3.0,5.0,3.0,4.0
E0406,F,India,<1y,junior,hybrid,3,4.0,5.0,4.0,6.0,5.0,5.0,4.0,5.0,3.0,3.0,3.0,3.0,2.0,4.0,4.0,5.0,4.0,4.0,4.0,4.0,4.0,5.0,3.0,5.0,4.0,3.0,5.0,8.0,5.0,5.0,4.0,3.0,4.0,4.0,4.0,5.0,4.0,4.0,5.0,5.0,3.0,4.0,5.0,4.0,3.0,5.0,4.0,3.0,2.0
E0407,L,US,<1y,senior,onsite,3,3.0,4.0,5.0,5.0,4.0,3.0,3.0,3.0,4.0,2.0,3.0,2.0,3.0,3.0,4.0,3.0,2.0,3.0,3.0,3.0,4.0,4.0,2.0,4.0,4.0,2.0,4.0,7.0,2.0,2.0,3.0,2.0,2.0,2.0,3.0,4.0,4.0,4.0,3.0,4.0,4.0,3.0,3.0,3.0,3.0,4.0,5.0,3.0,4.0
E0408,D,US,<1y,senior,remote,3,4.0,5.0,4.0,7.0,5.0,4.0,3.0,4.0,2.0,4.0,3.0,3.0,2.0,3.0,5.0,2.0,3.0,3.0,3.0,4.0,4.0,4.0,3.0,3.0,3.0,5.0,4.0,6.0,3.0,4.0,4.0,2.0,3.0,4.0,5.0,5.0,4.0,4.0,3.0,3.0,3.0,3.0,3.0,4.0,4.0,4.0,4.0,4.0,4.0
E0409,R,Europe,3-5y,mid,hybrid,3,3.0,5.0,4.0,10.0,5.0,3.0,3.0,5.0,5.0,5.0,3.0,4.0,4.0,4.0,2.0,4.0,2.0,2.0,4.0,3.0,2.0,3.0,4.0,5.0,4.0,3.0,3.0,8.0,4.0,3.0,5.0,4.0,3.0,4.0,5.0,5.0,4.0,5.0,4.0,4.0,5.0,5.0,4.0,4.0,4.0,4.0,4.0,3.0,3.0
E0410,Other (24),UK,<1y,junior,hybrid,3,4.0,3.0,3.0,8.0,3.0,4.0,3.0,3.0,3.0,3.0,3.0,3.0,2.0,2.0,4.0,4.0,3.0,5.0,2.0,3.0,3.0,4.0,2.0,3.0,3.0,3.0,2.0,6.0,3.0,2.0,3.0,3.0,3.0,2.0,2.0,2.0,3.0,3.0,4.0,5.0,3.0,4.0,5.0,4.0,4.0,5.0,4.0,4.0,3.0
E0411,M,UK,1-3y,junior,remote,3,3.0,3.0,4.0,8.0,3.0,4.0,4.0,4.0,4.0,3.0,4.0,4.0,3.0,2.0,3.0,3.0,3.0,5.0,3.0,5.0,4.0,3.0,3.0,4.0,4.0,5.0,3.0,7.0,2.0,4.0,4.0,3.0,3.0,4.0,4.0,4.0,4.0,2.0,4.0,3.0,5.0,4.0,5.0,4.0,4.0,3.0,4.0,4.0,3.0
E0412,N,US,>5y,senior,hybrid,3,3.0,5.0,5.0,10.0,5.0,4.0,3.0,5.0,4.0,4.0,4.0,4.0,3.0,5.0,5.0,4.0,4.0,4.0,5.0,5.0,4.0,5.0,4.0,5.0,4.0,3.0,5.0,6.0,5.0,5.0,5.0,5.0,4.0,4.0,3.0,4.0,4.0,4.0,4.0,4.0,5.0,5.0,5.0,5.0,4.0,5.0,4.0,5.0,5.0
E0413,Other (24),Israel,3-5y,mid,remote,3,3.0,3.0,4.0,10.0,2.0,4.0,2.0,3.0,2.0,3.0,3.0,3.0,2.0,3.0,2.0,3.0,3.0,3.0,3.0,5.0,2.0,4.0,3.0,3.0,5.0,2.0,4.0,6.0,4.0,1.0,4.0,3.0,2.0,1.0,4.0,3.0,4.0,3.0,2.0,2.0,4.0,3.0,4.0,3.0,3.0,3.0,2.0,4.0,3.0
E0414,A,UK,1-3y,junior,hybrid,3,3.0,2.0,2.0,7.0,5.0,2.0,3.0,4.0,2.0,3.0,2.0,3.0,2.0,2.0,3.0,3.0,2.0,5.0,3.0,3.0,4.0,2.0,2.0,2.0,3.0,1.0,2.0,7.0,3.0,1.0,5.0,3.0,1.0,3.0,4.0,4.0,3.0,3.0,4.0,4.0,3.0,3.0,4.0,3.0,2.0,4.0,4.0,2.0,3.0
E0415,D,Europe,<1y,junior,hybrid,3,5.0,3.0,4.0,6.0,4.0,5.0,5.0,4.0,5.0,5.0,4.0,4.0,4.0,5.0,5.0,5.0,3.0,3.0,4.0,5.0,5.0,5.0,5.0,5.0,4.0,3.0,5.0,8.0,4.0,3.0,5.0,1.0,2.0,3.0,4.0,4.0,4.0,4.0,4.0,4.0,5.0,5.0,4.0,3.0,5.0,4.0,5.0,3.0,3.0
E0416,G,US,1-3y,senior,hybrid,3,5.0,3.0,2.0,7.0,3.0,5.0,4.0,2.0,2.0,3.0,3.0,3.0,2.0,3.0,5.0,3.0,4.0,5.0,3.0,3.0,5.0,3.0,3.0,2.0,4.0,4.0,1.0,7.0,3.0,3.0,3.0,4.0,4.0,3.0,3.0,4.0,3.0,4.0,3.0,4.0,4.0,5.0,4.0,5.0,5.0,5.0,5.0,3.0,3.0
E0417,H,Europe,1-3y,mid,hybrid,3,5.0,5.0,5.0,10.0,5.0,5.0,5.0,4.0,5.0,5.0,5.0,5.0,4.0,5.0,3.0,5.0,3.0,5.0,5.0,5.0,5.0,5.0,5.0,5.0,5.0,4.0,5.0,9.0,4.0,4.0,5.0,5.0,3.0,5.0,5.0,4.0,5.0,4.0,4.0,5.0,4.0,5.0,5.0,5.0,4.0,5.0,5.0,4.0,4.0
E0418,B,Israel,1-3y,junior,hybrid,3,4.0,5.0,5.0,10.0,5.0,4.0,4.0,5.0,4.0,5.0,4.0,5.0,4.0,5.0,5.0,5.0,4.0,3.0,4.0,5.0,5.0,5.0,5.0,5.0,5.0,5.0,5.0,6.0,5.0,4.0,5.0,3.0,3.0,4.0,5.0,5.0,5.0,4.0,4.0,5.0,4.0,5.0,4.0,5.0,5.0,5.0,4.0,5.0,5.0
E0419,Other (24),US,<1y,junior,hybrid,3,3.0,4.0,4.0,7.0,4.0,4.0,3.0,5.0,3.0,5.0,5.0,5.0,1.0,4.0,3.0,5.0,1.0,4.0,4.0,5.0,4.0,5.0,5.0,5.0,5.0,2.0,5.0,5.0,5.0,3.0,3.0,3.0,3.0,2.0,4.0,4.0,3.0,4.0,4.0,3.0,3.0,4.0,3.0,3.0,4.0,5.0,5.0,4.0,4.0
E0420,Other (24),Europe,1-3y,lead,onsite,3,4.0,4.0,3.0,8.0,4.0,5.0,4.0,4.0,3.0,2.0,2.0,4.0,3.0,2.0,4.0,3.0,3.0,4.0,2.0,2.0,3.0,2.0,2.0,2.0,3.0,3.0,2.0,5.0,3.0,3.0,4.0,3.0,4.0,4.0,4.0,4.0,4.0,3.0,4.0,3.0,4.0,3.0,3.0,4.0,4.0,5.0,5.0,5.0,3.0
E0421,J,US,>5y,senior,hybrid,3,3.0,3.0,2.0,3.0,3.0,3.0,3.0,3.0,1.0,2.0,1.0,2.0,3.0,3.0,3.0,3.0,1.0,2.0,2.0,4.0,2.0,3.0,2.0,2.0,3.0,1.0,3.0,4.0,2.0,2.0,3.0,2.0,2.0,2.0,4.0,4.0,4.0,4.0,4.0,4.0,3.0,2.0,3.0,3.0,4.0,5.0,4.0,3.0,3.0
E0422,H,US,<1y,junior,onsite,3,5.0,4.0,4.0,10.0,4.0,5.0,4.0,5.0,4.0,5.0,5.0,4.0,4.0,4.0,3.0,4.0,2.0,4.0,2.0,3.0,5.0,5.0,3.0,5.0,5.0,5.0,4.0,9.0,3.0,3.0,4.0,3.0,4.0,4.0,5.0,4.0,4.0,4.0,2.0,4.0,4.0,3.0,2.0,4.0,5.0,4.0,3.0,3.0,2.0
E0423,B,Europe,1-3y,senior,hybrid,3,5.0,4.0,5.0,10.0,4.0,4.0,4.0,4.0,5.0,4.0,2.0,4.0,5.0,3.0,5.0,3.0,3.0,3.0,4.0,5.0,5.0,3.0,4.0,4.0,5.0,3.0,4.0,8.0,4.0,3.0,4.0,3.0,2.0,3.0,4.0,4.0,5.0,5.0,4.0,4.0,3.0,3.0,2.0,4.0,4.0,2.0,3.0,3.0,4.0
E0424,Other (24),US,<1y,mid,onsite,3,2.0,3.0,3.0,8.0,4.0,3.0,1.0,3.0,3.0,3.0,2.0,3.0,4.0,2.0,2.0,3.0,1.0,2.0,3.0,3.0,2.0,3.0,2.0,2.0,3.0,1.0,3.0,6.0,3.0,1.0,3.0,2.0,1.0,1.0,4.0,3.0,4.0,2.0,2.0,2.0,4.0,2.0,2.0,1.0,2.0,3.0,3.0,2.0,3.0
E0425,J,UK,3-5y,lead,hybrid,3,3.0,4.0,2.0,4.0,3.0,3.0,3.0,3.0,1.0,4.0,4.0,4.0,1.0,2.0,1.0,3.0,4.0,3.0,2.0,5.0,3.0,4.0,3.0,4.0,4.0,1.0,5.0,6.0,2.0,2.0,4.0,1.0,1.0,2.0,5.0,3.0,4.0,3.0,3.0,4.0,3.0,3.0,4.0,3.0,3.0,3.0,3.0,3.0,3.0
E0426,C,US,>5y,mid,onsite,3,1.0,3.0,5.0,6.0,4.0,3.0,3.0,2.0,3.0,4.0,3.0,4.0,4.0,3.0,4.0,5.0,3.0,4.0,1.0,4.0,3.0,4.0,4.0,3.0,3.0,2.0,4.0,10.0,4.0,3.0,5.0,2.0,3.0,3.0,5.0,3.0,3.0,5.0,5.0,4.0,4.0,4.0,4.0,3.0,4.0,5.0,4.0,5.0,4.0
E0427,O,Israel,3-5y,lead,remote,3,1.0,5.0,5.0,8.0,5.0,2.0,1.0,4.0,2.0,4.0,4.0,2.0,4.0,4.0,2.0,4.0,2.0,1.0,5.0,5.0,2.0,5.0,4.0,5.0,5.0,2.0,5.0,5.0,3.0,1.0,4.0,2.0,2.0,3.0,4.0,4.0,4.0,5.0,5.0,4.0,2.0,4.0,3.0,3.0,3.0,3.0,2.0,4.0,3.0
E0428,Other (24),US,1-3y,mid,onsite,3,4.0,4.0,5.0,8.0,5.0,5.0,4.0,4.0,4.0,5.0,5.0,5.0,3.0,5.0,5.0,5.0,4.0,4.0,5.0,5.0,4.0,5.0,5.0,5.0,5.0,3.0,5.0,6.0,5.0,4.0,5.0,4.0,3.0,3.0,4.0,5.0,5.0,4.0,5.0,4.0,5.0,4.0,4.0,5.0,5.0,5.0,4.0,5.0,5.0
E0429,Other (24),US,>5y,junior,remote,3,4.0,4.0,3.0,6.0,4.0,4.0,4.0,5.0,2.0,4.0,3.0,4.0,2.0,3.0,3.0,3.0,2.0,5.0,3.0,4.0,3.0,3.0,3.0,4.0,4.0,3.0,3.0,6.0,3.0,2.0,3.0,4.0,2.0,3.0,4.0,4.0,4.0,3.0,4.0,4.0,3.0,4.0,3.0,3.0,3.0,3.0,3.0,3.0,3.0
E0430,R,UK,3-5y,mid,remote,3,4.0,5.0,5.0,8.0,5.0,5.0,5.0,5.0,4.0,5.0,4.0,5.0,5.0,3.0,4.0,4.0,1.0,4.0,4.0,4.0,4.0,4.0,3.0,4.0,5.0,1.0,3.0,6.0,5.0,1.0,5.0,2.0,1.0,2.0,4.0,5.0,4.0,3.0,4.0,4.0,5.0,4.0,5.0,4.0,2.0,5.0,5.0,3.0,4.0
E0431,H,US,<1y,senior,remote,3,4.0,5.0,5.0,10.0,5.0,4.0,5.0,4.0,5.0,5.0,4.0,4.0,5.0,4.0,4.0,5.0,3.0,4.0,4.0,3.0,4.0,5.0,5.0,4.0,5.0,3.0,4.0,8.0,4.0,4.0,5.0,5.0,4.0,4.0,4.0,4.0,3.0,4.0,3.0,3.0,4.0,3.0,5.0,5.0,3.0,4.0,3.0,4.0,4.0
E0432,R,UK,>5y,mid,hybrid,3,4.0,4.0,5.0,8.0,5.0,4.0,4.0,5.0,5.0,5.0,4.0,5.0,4.0,5.0,4.0,5.0,3.0,4.0,5.0,5.0,4.0,5.0,5.0,5.0,5.0,2.0,5.0,10.0,4.0,4.0,5.0,2.0,3.0,4.0,5.0,5.0,4.0,4.0,4.0,3.0,4.0,3.0,3.0,4.0,3.0,4.0,5.0,4.0,4.0
E0433,O,UK,<1y,mid,remote,3,4.0,4.0,3.0,7.0,5.0,5.0,5.0,4.0,1.0,1.0,2.0,2.0,2.0,1.0,5.0,1.0,3.0,4.0,4.0,2.0,4.0,3.0,2.0,2.0,4.0,3.0,3.0,3.0,3.0,4.0,5.0,3.0,3.0,3.0,3.0,4.0,4.0,2.0,3.0,3.0,3.0,3.0,3.0,4.0,4.0,4.0,4.0,4.0,4.0
E0434,Other (24),UK,1-3y,mid,hybrid,3,4.0,4.0,3.0,7.0,3.0,5.0,4.0,3.0,2.0,4.0,3.0,4.0,2.0,3.0,3.0,5.0,2.0,3.0,3.0,5.0,3.0,4.0,3.0,3.0,3.0,2.0,3.0,6.0,4.0,2.0,3.0,3.0,3.0,3.0,5.0,4.0,4.0,4.0,2.0,4.0,4.0,3.0,3.0,3.0,4.0,3.0,3.0,5.0,4.0
E0435,E,UK,>5y,lead,remote,3,3.0,4.0,5.0,10.0,5.0,1.0,3.0,4.0,3.0,3.0,3.0,4.0,2.0,2.0,2.0,3.0,1.0,4.0,4.0,4.0,3.0,3.0,2.0,3.0,4.0,3.0,3.0,8.0,2.0,2.0,5.0,3.0,1.0,3.0,4.0,4.0,5.0,5.0,4.0,5.0,3.0,2.0,4.0,4.0,3.0,4.0,5.0,4.0,3.0
E0436,L,US,<1y,junior,remote,3,3.0,3.0,5.0,5.0,4.0,4.0,4.0,3.0,3.0,3.0,3.0,3.0,4.0,3.0,4.0,4.0,3.0,5.0,2.0,4.0,3.0,4.0,4.0,4.0,4.0,3.0,4.0,6.0,3.0,3.0,3.0,4.0,4.0,4.0,3.0,3.0,4.0,4.0,4.0,5.0,5.0,3.0,4.0,5.0,5.0,3.0,2.0,3.0,4.0
E0437,L,Israel,1-3y,junior,onsite,3,3.0,2.0,5.0,3.0,3.0,3.0,4.0,2.0,3.0,4.0,2.0,3.0,3.0,4.0,4.0,4.0,3.0,3.0,1.0,3.0,3.0,4.0,3.0,4.0,4.0,1.0,3.0,4.0,3.0,2.0,4.0,1.0,2.0,1.0,3.0,4.0,3.0,3.0,3.0,2.0,3.0,4.0,3.0,2.0,3.0,3.0,4.0,2.0,2.0
E0438,Other (24),US,3-5y,mid,hybrid,3,4.0,5.0,4.0,7.0,5.0,4.0,3.0,4.0,3.0,4.0,3.0,4.0,3.0,3.0,3.0,5.0,2.0,4.0,4.0,5.0,2.0,4.0,3.0,5.0,5.0,3.0,3.0,5.0,4.0,3.0,4.0,3.0,2.0,3.0,4.0,4.0,4.0,5.0,4.0,3.0,4.0,5.0,5.0,3.0,4.0,5.0,5.0,5.0,5.0
E0439,I,India,3-5y,mid,onsite,3,2.0,3.0,4.0,7.0,4.0,4.0,4.0,4.0,3.0,4.0,3.0,3.0,3.0,4.0,3.0,3.0,3.0,4.0,4.0,4.0,4.0,4.0,4.0,4.0,5.0,4.0,4.0,7.0,3.0,2.0,4.0,3.0,2.0,3.0,4.0,3.0,2.0,3.0,4.0,5.0,5.0,4.0,5.0,4.0,3.0,3.0,3.0,2.0,3.0
E0440,L,US,1-3y,senior,onsite,3,4.0,3.0,5.0,5.0,4.0,4.0,5.0,3.0,4.0,4.0,3.0,4.0,3.0,4.0,4.0,5.0,4.0,4.0,3.0,5.0,4.0,4.0,4.0,4.0,4.0,3.0,4.0,8.0,4.0,3.0,4.0,4.0,2.0,3.0,4.0,4.0,4.0,4.0,4.0,4.0,3.0,3.0,4.0,5.0,4.0,4.0,4.0,4.0,3.0
E0441,M,UK,1-3y,junior,hybrid,3,4.0,3.0,5.0,7.0,3.0,5.0,4.0,3.0,4.0,4.0,3.0,3.0,3.0,3.0,5.0,4.0,2.0,4.0,2.0,5.0,4.0,4.0,3.0,4.0,5.0,4.0,5.0,5.0,4.0,4.0,4.0,2.0,3.0,3.0,5.0,5.0,5.0,4.0,5.0,3.0,4.0,4.0,4.0,4.0,3.0,5.0,5.0,4.0,5.0
E0442,A,UK,3-5y,junior,onsite,3,4.0,3.0,2.0,7.0,4.0,3.0,4.0,4.0,4.0,4.0,3.0,5.0,4.0,5.0,4.0,3.0,3.0,3.0,3.0,4.0,4.0,3.0,4.0,4.0,4.0,2.0,4.0,9.0,3.0,2.0,4.0,3.0,3.0,3.0,3.0,4.0,5.0,3.0,3.0,3.0,5.0,4.0,4.0,4.0,4.0,5.0,5.0,5.0,5.0
E0443,N,US,<1y,mid,hybrid,3,3.0,4.0,5.0,7.0,5.0,3.0,4.0,4.0,2.0,3.0,4.0,5.0,2.0,5.0,5.0,4.0,3.0,3.0,4.0,4.0,5.0,5.0,3.0,5.0,4.0,4.0,4.0,4.0,4.0,5.0,5.0,4.0,4.0,5.0,5.0,5.0,4.0,4.0,4.0,5.0,4.0,3.0,4.0,5.0,3.0,4.0,4.0,5.0,4.0
E0444,B,US,>5y,senior,hybrid,3,5.0,5.0,4.0,8.0,5.0,3.0,4.0,5.0,5.0,4.0,4.0,4.0,4.0,3.0,4.0,4.0,2.0,3.0,4.0,5.0,5.0,4.0,3.0,4.0,5.0,2.0,3.0,10.0,3.0,2.0,5.0,3.0,2.0,3.0,5.0,4.0,4.0,4.0,4.0,4.0,4.0,4.0,5.0,3.0,4.0,5.0,4.0,4.0,3.0
E0445,B,Israel,1-3y,mid,remote,3,4.0,5.0,3.0,10.0,5.0,5.0,3.0,4.0,3.0,3.0,3.0,4.0,3.0,3.0,4.0,4.0,2.0,3.0,4.0,4.0,3.0,3.0,3.0,4.0,5.0,3.0,3.0,8.0,3.0,3.0,5.0,3.0,2.0,3.0,4.0,3.0,4.0,3.0,4.0,3.0,4.0,4.0,3.0,3.0,4.0,3.0,3.0,3.0,4.0
E0446,R,Israel,>5y,mid,hybrid,3,2.0,4.0,5.0,8.0,4.0,4.0,3.0,4.0,5.0,5.0,4.0,5.0,3.0,4.0,3.0,4.0,4.0,4.0,3.0,4.0,3.0,4.0,4.0,3.0,5.0,3.0,4.0,6.0,4.0,4.0,4.0,2.0,4.0,3.0,3.0,4.0,5.0,4.0,3.0,5.0,5.0,4.0,5.0,4.0,4.0,5.0,5.0,5.0,5.0
E0447,G,UK,>5y,mid,onsite,3,4.0,3.0,4.0,9.0,4.0,4.0,3.0,3.0,3.0,4.0,4.0,4.0,2.0,2.0,3.0,5.0,4.0,3.0,4.0,5.0,2.0,5.0,3.0,3.0,5.0,3.0,4.0,6.0,5.0,2.0,4.0,2.0,3.0,3.0,3.0,4.0,3.0,3.0,4.0,5.0,3.0,4.0,3.0,5.0,3.0,5.0,5.0,3.0,4.0
E0448,I,UK,>5y,mid,remote,3,3.0,5.0,5.0,9.0,3.0,4.0,5.0,5.0,2.0,5.0,3.0,4.0,1.0,5.0,4.0,3.0,4.0,5.0,5.0,4.0,5.0,5.0,4.0,5.0,5.0,3.0,4.0,7.0,3.0,3.0,4.0,4.0,2.0,3.0,4.0,4.0,4.0,5.0,4.0,3.0,5.0,3.0,4.0,4.0,3.0,5.0,5.0,4.0,4.0
E0449,Other (24),US,1-3y,mid,onsite,3,3.0,3.0,3.0,5.0,2.0,3.0,4.0,2.0,1.0,3.0,4.0,4.0,1.0,3.0,2.0,3.0,1.0,3.0,2.0,5.0,3.0,4.0,5.0,5.0,4.0,2.0,4.0,5.0,4.0,2.0,2.0,3.0,3.0,1.0,4.0,3.0,3.0,3.0,4.0,4.0,4.0,3.0,3.0,3.0,4.0,5.0,5.0,3.0,2.0
E0450,Other (24),Israel,>5y,mid,hybrid,3,5.0,2.0,4.0,6.0,2.0,4.0,4.0,2.0,4.0,4.0,3.0,4.0,4.0,2.0,3.0,4.0,3.0,5.0,3.0,4.0,3.0,3.0,3.0,3.0,5.0,2.0,3.0,8.0,4.0,2.0,3.0,3.0,3.0,3.0,4.0,5.0,5.0,4.0,5.0,5.0,3.0,3.0,4.0,3.0,4.0,4.0,4.0,3.0,3.0
E0451,J,UK,1-3y,junior,onsite,3,3.0,5.0,2.0,5.0,3.0,3.0,3.0,3.0,1.0,4.0,1.0,3.0,1.0,3.0,3.0,4.0,3.0,3.0,3.0,3.0,4.0,4.0,4.0,4.0,3.0,2.0,3.0,3.0,3.0,1.0,5.0,1.0,1.0,2.0,4.0,4.0,5.0,3.0,3.0,3.0,3.0,4.0,3.0,2.0,3.0,2.0,3.0,3.0,4.0
E0452,E,UK,<1y,mid,remote,3,2.0,4.0,4.0,3.0,5.0,3.0,3.0,3.0,2.0,3.0,2.0,3.0,3.0,2.0,4.0,2.0,2.0,4.0,3.0,4.0,3.0,3.0,3.0,2.0,2.0,3.0,2.0,8.0,2.0,3.0,2.0,3.0,2.0,2.0,2.0,4.0,3.0,3.0,3.0,4.0,2.0,4.0,2.0,3.0,4.0,4.0,3.0,4.0,3.0
E0453,Other (24),UK,3-5y,senior,hybrid,3,4.0,5.0,3.0,7.0,5.0,4.0,3.0,4.0,3.0,2.0,2.0,3.0,2.0,2.0,4.0,3.0,3.0,5.0,4.0,3.0,5.0,3.0,3.0,2.0,2.0,2.0,3.0,5.0,2.0,3.0,3.0,4.0,4.0,3.0,5.0,5.0,5.0,5.0,4.0,5.0,4.0,3.0,3.0,4.0,4.0,4.0,4.0,4.0,3.0
E0454,D,Europe,<1y,senior,remote,3,5.0,4.0,3.0,9.0,4.0,3.0,5.0,4.0,2.0,4.0,4.0,4.0,2.0,4.0,4.0,3.0,1.0,2.0,4.0,3.0,2.0,4.0,4.0,3.0,4.0,4.0,4.0,5.0,3.0,2.0,5.0,1.0,1.0,3.0,2.0,4.0,4.0,4.0,3.0,3.0,4.0,3.0,4.0,3.0,3.0,5.0,5.0,4.0,2.0
E0455,Other (24),Europe,3-5y,mid,hybrid,3,5.0,5.0,4.0,8.0,5.0,4.0,3.0,4.0,4.0,3.0,2.0,4.0,3.0,3.0,4.0,4.0,2.0,5.0,4.0,5.0,4.0,5.0,4.0,4.0,4.0,2.0,4.0,8.0,4.0,2.0,4.0,3.0,3.0,3.0,3.0,4.0,4.0,5.0,3.0,4.0,4.0,4.0,4.0,3.0,4.0,5.0,5.0,5.0,5.0
E0456,H,US,1-3y,senior,onsite,3,5.0,4.0,4.0,7.0,3.0,4.0,3.0,3.0,4.0,3.0,3.0,5.0,3.0,2.0,3.0,4.0,3.0,3.0,2.0,2.0,3.0,5.0,4.0,4.0,3.0,3.0,4.0,5.0,3.0,4.0,4.0,3.0,3.0,4.0,3.0,3.0,4.0,4.0,5.0,3.0,3.0,2.0,2.0,4.0,5.0,5.0,4.0,3.0,3.0
E0457,Other (24),UK,1-3y,mid,hybrid,3,5.0,5.0,5.0,9.0,4.0,5.0,5.0,3.0,1.0,4.0,4.0,4.0,2.0,4.0,3.0,4.0,3.0,5.0,4.0,4.0,4.0,4.0,4.0,5.0,5.0,3.0,4.0,5.0,3.0,2.0,4.0,3.0,3.0,4.0,5.0,3.0,5.0,5.0,5.0,4.0,5.0,5.0,5.0,5.0,4.0,4.0,4.0,5.0,5.0
E0458,B,US,>5y,mid,hybrid,3,3.0,4.0,5.0,7.0,3.0,2.0,4.0,4.0,5.0,3.0,2.0,3.0,4.0,5.0,4.0,3.0,3.0,2.0,3.0,5.0,2.0,3.0,3.0,5.0,5.0,2.0,5.0,8.0,4.0,3.0,4.0,2.0,2.0,3.0,3.0,4.0,4.0,4.0,4.0,5.0,3.0,3.0,3.0,3.0,3.0,2.0,3.0,3.0,4.0
E0459,I,UK,<1y,mid,hybrid,3,4.0,5.0,5.0,9.0,4.0,5.0,4.0,5.0,3.0,5.0,5.0,5.0,4.0,5.0,5.0,5.0,4.0,4.0,5.0,5.0,5.0,5.0,5.0,5.0,5.0,4.0,4.0,6.0,4.0,5.0,5.0,4.0,5.0,5.0,4.0,4.0,4.0,4.0,5.0,5.0,4.0,4.0,4.0,5.0,4.0,4.0,4.0,3.0,3.0
E0460,B,UK,>5y,senior,onsite,3,5.0,5.0,5.0,10.0,5.0,5.0,3.0,4.0,5.0,4.0,4.0,5.0,3.0,5.0,4.0,5.0,3.0,3.0,4.0,5.0,4.0,4.0,4.0,4.0,5.0,2.0,4.0,10.0,4.0,3.0,5.0,3.0,2.0,2.0,4.0,4.0,4.0,3.0,4.0,3.0,4.0,4.0,5.0,3.0,3.0,4.0,3.0,4.0,4.0
E0461,Other (24),UK,1-3y,junior,hybrid,3,4.0,5.0,5.0,8.0,4.0,4.0,4.0,5.0,5.0,4.0,3.0,5.0,4.0,2.0,4.0,4.0,2.0,4.0,5.0,4.0,3.0,4.0,4.0,4.0,5.0,1.0,4.0,5.0,3.0,2.0,5.0,3.0,3.0,1.0,5.0,5.0,5.0,3.0,4.0,3.0,4.0,4.0,3.0,5.0,4.0,4.0,3.0,4.0,4.0
E0462,F,Israel,<1y,senior,hybrid,3,4.0,3.0,5.0,2.0,3.0,4.0,3.0,3.0,3.0,4.0,4.0,3.0,3.0,4.0,4.0,4.0,4.0,3.0,4.0,4.0,4.0,5.0,4.0,4.0,3.0,4.0,4.0,6.0,3.0,5.0,4.0,5.0,4.0,3.0,4.0,4.0,4.0,3.0,4.0,5.0,3.0,5.0,3.0,5.0,5.0,5.0,5.0,4.0,5.0
E0463,F,US,>5y,mid,hybrid,3,4.0,3.0,4.0,5.0,3.0,3.0,3.0,4.0,3.0,4.0,4.0,4.0,2.0,4.0,5.0,4.0,2.0,4.0,3.0,4.0,3.0,5.0,5.0,4.0,5.0,3.0,5.0,6.0,5.0,2.0,3.0,2.0,3.0,4.0,4.0,3.0,4.0,3.0,3.0,3.0,3.0,3.0,4.0,3.0,3.0,3.0,4.0,3.0,4.0
E0464,I,UK,>5y,lead,onsite,3,3.0,3.0,4.0,4.0,3.0,4.0,4.0,4.0,4.0,3.0,2.0,2.0,4.0,3.0,3.0,3.0,1.0,4.0,3.0,4.0,4.0,3.0,3.0,3.0,4.0,1.0,3.0,6.0,2.0,1.0,4.0,2.0,1.0,2.0,2.0,3.0,2.0,4.0,4.0,4.0,5.0,3.0,2.0,3.0,2.0,4.0,2.0,5.0,4.0
E0465,L,US,3-5y,mid,hybrid,3,3.0,3.0,5.0,6.0,4.0,4.0,2.0,4.0,3.0,4.0,3.0,4.0,3.0,4.0,2.0,4.0,2.0,3.0,4.0,4.0,3.0,5.0,3.0,4.0,5.0,3.0,4.0,5.0,4.0,4.0,5.0,3.0,3.0,3.0,3.0,4.0,5.0,4.0,4.0,3.0,4.0,4.0,4.0,5.0,5.0,5.0,4.0,5.0,4.0
E0466,B,India,<1y,senior,hybrid,3,4.0,5.0,5.0,7.0,4.0,4.0,5.0,5.0,5.0,5.0,4.0,5.0,4.0,5.0,5.0,5.0,3.0,4.0,4.0,5.0,4.0,4.0,5.0,5.0,5.0,3.0,5.0,10.0,5.0,3.0,4.0,3.0,3.0,3.0,5.0,3.0,4.0,4.0,4.0,5.0,5.0,5.0,5.0,4.0,4.0,5.0,4.0,3.0,4.0
E0467,Other (24),US,1-3y,senior,hybrid,3,3.0,3.0,4.0,8.0,3.0,4.0,3.0,3.0,2.0,5.0,3.0,4.0,3.0,4.0,3.0,5.0,2.0,2.0,4.0,5.0,3.0,5.0,4.0,4.0,4.0,3.0,5.0,6.0,4.0,2.0,4.0,4.0,3.0,3.0,3.0,2.0,3.0,3.0,4.0,3.0,3.0,3.0,3.0,4.0,4.0,3.0,3.0,4.0,4.0
E0468,E,UK,1-3y,junior,hybrid,3,1.0,3.0,4.0,3.0,3.0,3.0,2.0,5.0,2.0,2.0,3.0,3.0,2.0,2.0,3.0,3.0,2.0,2.0,2.0,4.0,4.0,2.0,2.0,2.0,4.0,2.0,3.0,6.0,2.0,2.0,3.0,2.0,2.0,1.0,4.0,3.0,4.0,4.0,4.0,4.0,4.0,4.0,5.0,1.0,2.0,3.0,3.0,1.0,2.0
E0469,D,UK,1-3y,senior,hybrid,3,5.0,3.0,5.0,4.0,3.0,4.0,4.0,4.0,4.0,4.0,5.0,5.0,3.0,4.0,5.0,5.0,3.0,4.0,3.0,5.0,4.0,5.0,4.0,5.0,5.0,3.0,5.0,6.0,4.0,2.0,4.0,2.0,3.0,5.0,2.0,4.0,4.0,4.0,2.0,3.0,3.0,3.0,5.0,2.0,3.0,5.0,4.0,4.0,3.0
E0470,H,UK,1-3y,senior,hybrid,3,5.0,4.0,5.0,10.0,5.0,5.0,5.0,5.0,4.0,5.0,4.0,4.0,3.0,4.0,5.0,5.0,3.0,5.0,5.0,4.0,5.0,5.0,4.0,5.0,5.0,5.0,5.0,8.0,4.0,5.0,5.0,4.0,4.0,5.0,4.0,3.0,4.0,5.0,4.0,5.0,5.0,5.0,4.0,4.0,5.0,5.0,5.0,4.0,4.0
E0471,Other (24),UK,1-3y,junior,remote,3,3.0,4.0,3.0,9.0,5.0,3.0,5.0,4.0,4.0,5.0,4.0,5.0,3.0,3.0,3.0,4.0,1.0,4.0,3.0,4.0,3.0,4.0,5.0,5.0,4.0,1.0,3.0,9.0,4.0,1.0,5.0,2.0,2.0,1.0,5.0,5.0,4.0,4.0,4.0,4.0,4.0,3.0,3.0,2.0,3.0,4.0,4.0,4.0,5.0
E0472,B,US,1-3y,senior,hybrid,3,4.0,5.0,4.0,8.0,4.0,5.0,4.0,5.0,3.0,5.0,3.0,4.0,3.0,5.0,5.0,4.0,3.0,2.0,4.0,5.0,3.0,5.0,5.0,4.0,5.0,5.0,4.0,7.0,3.0,4.0,5.0,3.0,3.0,4.0,5.0,4.0,4.0,4.0,4.0,4.0,5.0,5.0,5.0,4.0,4.0,5.0,4.0,4.0,4.0
E0473,I,India,<1y,mid,hybrid,3,4.0,4.0,5.0,6.0,3.0,5.0,3.0,4.0,4.0,5.0,3.0,3.0,4.0,5.0,3.0,4.0,2.0,4.0,4.0,3.0,3.0,4.0,4.0,5.0,4.0,2.0,4.0,10.0,3.0,3.0,4.0,2.0,3.0,2.0,4.0,4.0,3.0,3.0,4.0,5.0,4.0,3.0,4.0,3.0,3.0,3.0,4.0,3.0,5.0
E0474,D,US,1-3y,mid,hybrid,3,4.0,4.0,4.0,8.0,5.0,4.0,4.0,4.0,4.0,4.0,4.0,3.0,3.0,3.0,5.0,2.0,3.0,3.0,5.0,4.0,3.0,3.0,4.0,2.0,4.0,5.0,3.0,4.0,3.0,4.0,4.0,2.0,2.0,4.0,5.0,5.0,5.0,4.0,4.0,4.0,5.0,3.0,3.0,3.0,4.0,4.0,4.0,4.0,3.0
E0475,L,US,1-3y,mid,hybrid,3,4.0,4.0,5.0,4.0,4.0,5.0,4.0,4.0,4.0,5.0,3.0,4.0,3.0,4.0,5.0,4.0,1.0,4.0,2.0,4.0,4.0,5.0,5.0,4.0,5.0,3.0,4.0,6.0,3.0,3.0,4.0,2.0,3.0,2.0,5.0,4.0,4.0,4.0,4.0,4.0,4.0,4.0,4.0,4.0,2.0,5.0,4.0,4.0,4.0
E0476,M,India,3-5y,lead,hybrid,3,5.0,4.0,3.0,6.0,3.0,5.0,5.0,4.0,2.0,5.0,3.0,4.0,3.0,3.0,4.0,3.0,2.0,3.0,4.0,5.0,4.0,4.0,4.0,4.0,4.0,4.0,4.0,6.0,3.0,4.0,4.0,4.0,3.0,4.0,4.0,3.0,4.0,3.0,3.0,4.0,3.0,4.0,5.0,4.0,5.0,4.0,5.0,3.0,3.0
E0477,Other (24),Europe,3-5y,junior,hybrid,3,5.0,3.0,2.0,7.0,2.0,4.0,3.0,2.0,4.0,4.0,4.0,4.0,3.0,2.0,3.0,4.0,2.0,4.0,2.0,4.0,3.0,3.0,3.0,3.0,4.0,2.0,3.0,9.0,3.0,2.0,3.0,3.0,4.0,2.0,4.0,2.0,4.0,3.0,3.0,5.0,4.0,4.0,5.0,4.0,4.0,4.0,5.0,4.0,3.0
E0478,A,Israel,1-3y,mid,hybrid,3,4.0,3.0,3.0,7.0,3.0,4.0,4.0,3.0,4.0,4.0,4.0,3.0,3.0,4.0,4.0,4.0,2.0,4.0,3.0,4.0,4.0,5.0,4.0,2.0,3.0,1.0,3.0,7.0,3.0,3.0,5.0,4.0,3.0,3.0,5.0,4.0,4.0,4.0,4.0,4.0,4.0,2.0,3.0,2.0,3.0,5.0,4.0,4.0,3.0
E0479,O,Israel,3-5y,junior,remote,3,3.0,4.0,5.0,5.0,4.0,5.0,4.0,3.0,3.0,3.0,4.0,3.0,3.0,3.0,5.0,3.0,3.0,4.0,3.0,4.0,3.0,4.0,3.0,3.0,5.0,3.0,5.0,7.0,4.0,3.0,5.0,3.0,2.0,3.0,4.0,4.0,4.0,3.0,2.0,3.0,5.0,3.0,4.0,3.0,3.0,4.0,3.0,3.0,3.0
E0480,R,Europe,<1y,lead,hybrid,3,3.0,4.0,5.0,7.0,5.0,3.0,3.0,4.0,3.0,4.0,5.0,5.0,3.0,4.0,1.0,4.0,3.0,2.0,3.0,5.0,2.0,4.0,5.0,5.0,5.0,3.0,3.0,9.0,4.0,1.0,4.0,3.0,3.0,4.0,4.0,4.0,4.0,3.0,3.0,4.0,4.0,4.0,4.0,4.0,4.0,4.0,3.0,5.0,3.0
E0481,C,UK,<1y,mid,onsite,3,3.0,3.0,5.0,7.0,3.0,2.0,2.0,3.0,4.0,3.0,4.0,3.0,3.0,2.0,3.0,3.0,4.0,3.0,4.0,3.0,2.0,3.0,3.0,2.0,2.0,4.0,3.0,10.0,3.0,3.0,4.0,3.0,4.0,2.0,2.0,3.0,3.0,3.0,4.0,2.0,4.0,4.0,4.0,4.0,4.0,4.0,3.0,5.0,5.0
E0482,Q,India,<1y,mid,hybrid,3,4.0,4.0,3.0,6.0,4.0,4.0,4.0,5.0,4.0,4.0,4.0,4.0,4.0,4.0,3.0,4.0,4.0,4.0,4.0,3.0,2.0,3.0,3.0,3.0,4.0,3.0,4.0,9.0,3.0,3.0,4.0,3.0,2.0,4.0,3.0,4.0,4.0,4.0,4.0,4.0,4.0,3.0,4.0,3.0,5.0,4.0,4.0,4.0,5.0
E0483,N,Israel,<1y,mid,hybrid,3,5.0,3.0,3.0,10.0,5.0,4.0,3.0,3.0,4.0,4.0,3.0,3.0,3.0,3.0,5.0,3.0,4.0,3.0,4.0,5.0,4.0,5.0,4.0,3.0,3.0,5.0,3.0,5.0,3.0,3.0,5.0,5.0,3.0,4.0,3.0,4.0,5.0,2.0,3.0,3.0,5.0,4.0,4.0,4.0,5.0,3.0,3.0,3.0,2.0
E0484,R,UK,>5y,junior,onsite,3,2.0,4.0,3.0,9.0,2.0,2.0,2.0,2.0,2.0,5.0,4.0,4.0,2.0,4.0,2.0,4.0,3.0,2.0,2.0,3.0,1.0,4.0,4.0,3.0,4.0,2.0,3.0,5.0,4.0,2.0,4.0,2.0,2.0,2.0,2.0,1.0,4.0,4.0,3.0,4.0,4.0,4.0,5.0,3.0,2.0,3.0,3.0,3.0,4.0
E0485,C,India,1-3y,senior,hybrid,3,3.0,4.0,5.0,7.0,5.0,3.0,2.0,3.0,3.0,4.0,4.0,4.0,2.0,2.0,5.0,5.0,2.0,3.0,3.0,4.0,4.0,2.0,4.0,4.0,4.0,4.0,4.0,4.0,4.0,3.0,4.0,3.0,3.0,1.0,4.0,5.0,4.0,3.0,3.0,4.0,4.0,5.0,4.0,4.0,5.0,4.0,4.0,2.0,3.0
E0486,O,Israel,1-3y,mid,hybrid,3,3.0,3.0,4.0,3.0,2.0,2.0,1.0,2.0,2.0,3.0,2.0,3.0,2.0,2.0,2.0,2.0,2.0,2.0,3.0,4.0,1.0,4.0,3.0,4.0,5.0,2.0,3.0,3.0,2.0,1.0,3.0,1.0,1.0,2.0,2.0,2.0,2.0,3.0,2.0,2.0,1.0,2.0,2.0,2.0,2.0,1.0,3.0,2.0,2.0
E0487,J,UK,1-3y,mid,onsite,3,2.0,4.0,2.0,6.0,3.0,2.0,2.0,3.0,1.0,2.0,2.0,3.0,1.0,2.0,3.0,2.0,2.0,2.0,4.0,3.0,2.0,3.0,1.0,3.0,2.0,3.0,3.0,6.0,2.0,2.0,4.0,2.0,1.0,2.0,3.0,4.0,3.0,1.0,3.0,4.0,3.0,4.0,3.0,3.0,3.0,3.0,4.0,4.0,2.0
E0488,Other (24),UK,<1y,mid,hybrid,3,4.0,5.0,5.0,8.0,4.0,5.0,4.0,5.0,2.0,5.0,4.0,4.0,3.0,3.0,3.0,5.0,3.0,5.0,4.0,4.0,3.0,4.0,4.0,4.0,5.0,3.0,5.0,4.0,5.0,3.0,5.0,4.0,2.0,4.0,5.0,5.0,4.0,5.0,3.0,4.0,4.0,4.0,4.0,4.0,4.0,5.0,4.0,4.0,5.0
E0489,K,US,>5y,junior,remote,3,3.0,4.0,3.0,7.0,3.0,4.0,4.0,4.0,3.0,4.0,4.0,4.0,3.0,2.0,4.0,4.0,4.0,4.0,3.0,4.0,4.0,4.0,3.0,3.0,4.0,4.0,4.0,8.0,3.0,4.0,2.0,5.0,4.0,4.0,5.0,4.0,4.0,3.0,4.0,4.0,5.0,5.0,4.0,4.0,5.0,5.0,4.0,4.0,4.0
E0490,K,UK,1-3y,lead,hybrid,3,4.0,5.0,4.0,10.0,3.0,4.0,4.0,4.0,4.0,4.0,5.0,3.0,4.0,3.0,4.0,3.0,3.0,3.0,4.0,5.0,3.0,4.0,3.0,4.0,4.0,4.0,4.0,7.0,4.0,3.0,4.0,4.0,2.0,4.0,4.0,5.0,4.0,3.0,3.0,4.0,4.0,5.0,3.0,4.0,4.0,3.0,3.0,5.0,5.0
E0491,P,India,1-3y,mid,hybrid,3,2.0,5.0,4.0,6.0,5.0,4.0,3.0,4.0,3.0,4.0,3.0,5.0,5.0,4.0,3.0,4.0,3.0,4.0,2.0,3.0,4.0,4.0,4.0,5.0,4.0,3.0,4.0,7.0,4.0,2.0,5.0,2.0,2.0,3.0,2.0,3.0,2.0,4.0,3.0,3.0,4.0,4.0,5.0,3.0,3.0,3.0,3.0,4.0,5.0
E0492,Other (24),US,1-3y,mid,hybrid,3,3.0,3.0,3.0,7.0,3.0,3.0,3.0,3.0,3.0,3.0,1.0,3.0,1.0,2.0,4.0,4.0,3.0,4.0,3.0,2.0,3.0,2.0,3.0,3.0,4.0,1.0,2.0,6.0,1.0,2.0,4.0,3.0,4.0,3.0,3.0,3.0,4.0,4.0,4.0,3.0,3.0,3.0,3.0,5.0,3.0,4.0,4.0,4.0,4.0
E0493,K,India,3-5y,mid,remote,3,2.0,2.0,4.0,5.0,2.0,3.0,1.0,3.0,1.0,5.0,3.0,5.0,2.0,3.0,3.0,3.0,3.0,4.0,3.0,5.0,4.0,3.0,3.0,4.0,4.0,3.0,4.0,2.0,3.0,2.0,4.0,3.0,3.0,4.0,4.0,3.0,4.0,4.0,3.0,3.0,5.0,4.0,4.0,5.0,4.0,5.0,4.0,2.0,4.0
E0494,M,UK,1-3y,junior,hybrid,3,5.0,4.0,3.0,8.0,5.0,5.0,5.0,4.0,3.0,4.0,3.0,4.0,3.0,3.0,3.0,3.0,2.0,5.0,4.0,4.0,4.0,2.0,3.0,4.0,4.0,3.0,4.0,6.0,3.0,3.0,4.0,1.0,3.0,3.0,5.0,5.0,4.0,4.0,5.0,4.0,4.0,5.0,5.0,4.0,4.0,4.0,3.0,4.0,3.0
E0495,Other (24),US,1-3y,mid,hybrid,3,3.0,4.0,3.0,8.0,4.0,5.0,4.0,5.0,3.0,4.0,3.0,4.0,2.0,4.0,4.0,4.0,3.0,5.0,4.0,5.0,5.0,4.0,3.0,3.0,4.0,4.0,4.0,7.0,4.0,3.0,4.0,3.0,3.0,2.0,5.0,5.0,4.0,4.0,4.0,3.0,3.0,4.0,4.0,4.0,4.0,4.0,5.0,3.0,3.0
E0496,L,US,1-3y,mid,hybrid,3,3.0,3.0,4.0,3.0,3.0,5.0,4.0,2.0,3.0,4.0,2.0,3.0,3.0,4.0,2.0,3.0,1.0,3.0,2.0,4.0,3.0,4.0,4.0,4.0,4.0,2.0,3.0,8.0,3.0,2.0,3.0,2.0,1.0,1.0,2.0,3.0,4.0,2.0,2.0,2.0,4.0,2.0,3.0,4.0,4.0,4.0,3.0,4.0,3.0
E0497,P,Israel,1-3y,mid,remote,3,3.0,4.0,5.0,8.0,4.0,4.0,3.0,4.0,2.0,5.0,4.0,5.0,3.0,5.0,1.0,4.0,3.0,4.0,2.0,4.0,5.0,5.0,5.0,5.0,5.0,4.0,5.0,6.0,5.0,3.0,5.0,4.0,3.0,4.0,3.0,3.0,4.0,4.0,5.0,5.0,4.0,4.0,4.0,4.0,4.0,5.0,5.0,3.0,2.0
E0498,F,Israel,<1y,junior,hybrid,3,3.0,3.0,2.0,4.0,4.0,5.0,4.0,3.0,3.0,5.0,2.0,2.0,2.0,3.0,5.0,4.0,3.0,3.0,3.0,3.0,4.0,3.0,3.0,3.0,4.0,3.0,4.0,10.0,3.0,2.0,4.0,2.0,3.0,3.0,5.0,5.0,4.0,3.0,3.0,3.0,4.0,4.0,4.0,4.0,3.0,4.0,4.0,3.0,4.0
E0499,A,Israel,1-3y,junior,remote,3,3.0,2.0,2.0,6.0,2.0,3.0,3.0,3.0,3.0,4.0,2.0,4.0,3.0,4.0,3.0,3.0,2.0,3.0,2.0,3.0,3.0,4.0,4.0,3.0,5.0,1.0,4.0,5.0,3.0,3.0,2.0,3.0,3.0,3.0,3.0,3.0,5.0,3.0,2.0,3.0,2.0,2.0,3.0,4.0,4.0,3.0,2.0,2.0,3.0
E0500,I,US,<1y,junior,remote,3,3.0,5.0,5.0,7.0,4.0,4.0,3.0,5.0,5.0,4.0,4.0,4.0,4.0,5.0,3.0,3.0,5.0,3.0,5.0,5.0,4.0,5.0,4.0,3.0,5.0,5.0,4.0,8.0,3.0,4.0,4.0,4.0,4.0,4.0,5.0,5.0,5.0,3.0,4.0,3.0,3.0,4.0,4.0,5.0,5.0,4.0,5.0,4.0,5.0
E0501,O,Israel,3-5y,junior,hybrid,3,2.0,3.0,4.0,6.0,4.0,2.0,3.0,3.0,4.0,4.0,2.0,4.0,4.0,3.0,2.0,3.0,3.0,1.0,3.0,5.0,2.0,5.0,3.0,3.0,5.0,2.0,3.0,8.0,3.0,3.0,4.0,2.0,3.0,4.0,4.0,4.0,3.0,4.0,2.0,5.0,3.0,2.0,3.0,3.0,3.0,4.0,3.0,4.0,5.0
E0502,E,US,<1y,junior,hybrid,3,3.0,4.0,5.0,9.0,3.0,4.0,4.0,4.0,2.0,4.0,4.0,4.0,3.0,3.0,5.0,5.0,3.0,4.0,3.0,4.0,4.0,4.0,3.0,5.0,4.0,3.0,5.0,7.0,4.0,5.0,5.0,4.0,2.0,3.0,3.0,4.0,4.0,3.0,3.0,3.0,4.0,3.0,4.0,5.0,3.0,4.0,5.0,3.0,2.0
E0503,N,Israel,1-3y,lead,remote,3,3.0,3.0,5.0,7.0,4.0,4.0,4.0,3.0,3.0,4.0,4.0,4.0,3.0,5.0,5.0,3.0,5.0,4.0,4.0,5.0,4.0,5.0,4.0,4.0,4.0,4.0,4.0,6.0,5.0,4.0,4.0,4.0,3.0,5.0,3.0,3.0,4.0,5.0,5.0,4.0,5.0,5.0,5.0,4.0,4.0,3.0,4.0,4.0,4.0
E0504,N,Europe,1-3y,junior,hybrid,3,3.0,3.0,5.0,7.0,3.0,3.0,3.0,3.0,3.0,3.0,4.0,4.0,3.0,4.0,4.0,4.0,4.0,3.0,3.0,5.0,4.0,5.0,5.0,5.0,3.0,4.0,4.0,7.0,4.0,3.0,3.0,3.0,3.0,5.0,3.0,4.0,4.0,4.0,5.0,5.0,4.0,4.0,4.0,3.0,3.0,4.0,4.0,3.0,2.0
E0505,Other (24),UK,>5y,mid,remote,3,4.0,5.0,4.0,10.0,5.0,4.0,3.0,5.0,3.0,4.0,4.0,5.0,3.0,3.0,3.0,3.0,3.0,3.0,5.0,4.0,5.0,4.0,4.0,4.0,5.0,1.0,4.0,7.0,3.0,2.0,5.0,3.0,3.0,3.0,4.0,4.0,4.0,4.0,4.0,3.0,4.0,5.0,4.0,4.0,4.0,5.0,5.0,3.0,4.0
E0506,D,US,1-3y,mid,hybrid,3,3.0,4.0,4.0,6.0,4.0,4.0,3.0,5.0,3.0,4.0,3.0,4.0,3.0,5.0,5.0,4.0,2.0,3.0,4.0,5.0,2.0,5.0,4.0,4.0,4.0,5.0,5.0,5.0,3.0,4.0,4.0,3.0,3.0,5.0,2.0,2.0,2.0,3.0,3.0,4.0,4.0,4.0,3.0,4.0,4.0,5.0,4.0,4.0,3.0
E0507,E,US,1-3y,mid,hybrid,3,3.0,4.0,5.0,7.0,4.0,3.0,4.0,5.0,4.0,2.0,3.0,3.0,3.0,2.0,2.0,3.0,2.0,3.0,4.0,3.0,3.0,2.0,3.0,2.0,2.0,3.0,3.0,8.0,4.0,3.0,5.0,2.0,3.0,2.0,4.0,4.0,4.0,4.0,3.0,3.0,2.0,2.0,3.0,3.0,3.0,4.0,3.0,3.0,3.0
E0508,K,UK,1-3y,senior,hybrid,3,3.0,3.0,3.0,5.0,5.0,3.0,3.0,3.0,5.0,3.0,3.0,3.0,4.0,3.0,4.0,4.0,2.0,3.0,2.0,4.0,3.0,2.0,3.0,4.0,4.0,3.0,3.0,8.0,3.0,3.0,4.0,2.0,3.0,3.0,4.0,4.0,4.0,4.0,4.0,5.0,5.0,4.0,5.0,4.0,3.0,3.0,4.0,4.0,5.0
E0509,R,Israel,1-3y,mid,onsite,3,2.0,4.0,4.0,6.0,3.0,3.0,3.0,4.0,4.0,4.0,4.0,3.0,4.0,4.0,2.0,2.0,4.0,3.0,4.0,3.0,2.0,4.0,2.0,4.0,4.0,4.0,4.0,9.0,3.0,3.0,4.0,2.0,4.0,4.0,4.0,4.0,4.0,4.0,4.0,4.0,4.0,4.0,3.0,4.0,4.0,4.0,3.0,2.0,3.0
E0510,J,India,1-3y,senior,remote,3,2.0,3.0,3.0,2.0,3.0,2.0,2.0,3.0,1.0,3.0,3.0,4.0,2.0,2.0,2.0,3.0,3.0,1.0,2.0,5.0,2.0,4.0,3.0,5.0,5.0,2.0,3.0,4.0,4.0,3.0,4.0,3.0,2.0,3.0,3.0,3.0,3.0,3.0,4.0,4.0,3.0,3.0,2.0,4.0,4.0,3.0,4.0,4.0,5.0
E0511,I,UK,1-3y,junior,hybrid,3,4.0,5.0,5.0,7.0,5.0,5.0,4.0,5.0,3.0,4.0,4.0,3.0,3.0,4.0,4.0,4.0,3.0,5.0,4.0,5.0,5.0,5.0,4.0,4.0,5.0,3.0,4.0,5.0,3.0,3.0,4.0,3.0,3.0,3.0,2.0,3.0,4.0,3.0,3.0,3.0,4.0,4.0,5.0,4.0,4.0,4.0,3.0,4.0,4.0
E0512,G,Israel,3-5y,junior,hybrid,3,3.0,4.0,3.0,8.0,4.0,4.0,3.0,4.0,2.0,3.0,4.0,4.0,1.0,4.0,4.0,3.0,3.0,3.0,4.0,5.0,3.0,5.0,3.0,3.0,4.0,3.0,3.0,9.0,3.0,1.0,5.0,3.0,3.0,3.0,4.0,5.0,4.0,3.0,3.0,4.0,4.0,4.0,3.0,5.0,4.0,2.0,4.0,3.0,3.0
E0513,Other (24),UK,>5y,junior,hybrid,3,5.0,4.0,4.0,8.0,3.0,3.0,4.0,4.0,3.0,3.0,2.0,3.0,3.0,3.0,3.0,4.0,2.0,4.0,4.0,4.0,3.0,3.0,3.0,3.0,3.0,1.0,4.0,4.0,3.0,1.0,3.0,2.0,3.0,2.0,3.0,4.0,4.0,4.0,4.0,5.0,4.0,3.0,3.0,5.0,3.0,3.0,5.0,3.0,3.0
E0514,R,US,1-3y,junior,onsite,3,3.0,5.0,4.0,7.0,5.0,5.0,4.0,5.0,3.0,5.0,4.0,5.0,2.0,3.0,3.0,5.0,3.0,3.0,3.0,4.0,3.0,3.0,3.0,4.0,5.0,3.0,5.0,3.0,4.0,3.0,3.0,2.0,3.0,3.0,4.0,3.0,4.0,4.0,3.0,4.0,3.0,3.0,5.0,2.0,4.0,3.0,3.0,3.0,4.0
E0515,F,US,<1y,junior,hybrid,3,4.0,3.0,4.0,8.0,4.0,5.0,3.0,5.0,2.0,4.0,2.0,4.0,3.0,4.0,3.0,3.0,3.0,4.0,4.0,4.0,3.0,5.0,3.0,5.0,3.0,3.0,4.0,8.0,4.0,3.0,5.0,3.0,3.0,3.0,4.0,5.0,5.0,4.0,3.0,4.0,5.0,5.0,4.0,4.0,4.0,4.0,3.0,3.0,4.0
E0516,I,UK,>5y,senior,hybrid,3,4.0,2.0,5.0,7.0,3.0,5.0,3.0,4.0,2.0,3.0,4.0,3.0,4.0,5.0,4.0,3.0,2.0,5.0,3.0,4.0,4.0,5.0,4.0,5.0,5.0,2.0,4.0,7.0,3.0,2.0,4.0,2.0,1.0,2.0,4.0,4.0,4.0,2.0,1.0,3.0,4.0,4.0,4.0,3.0,3.0,3.0,3.0,3.0,2.0
E0517,Other (24),Europe,1-3y,mid,hybrid,3,3.0,3.0,4.0,5.0,4.0,4.0,3.0,2.0,4.0,3.0,3.0,3.0,3.0,4.0,2.0,4.0,1.0,3.0,2.0,4.0,4.0,3.0,3.0,2.0,4.0,1.0,4.0,8.0,2.0,1.0,3.0,1.0,1.0,3.0,3.0,4.0,5.0,4.0,3.0,4.0,4.0,2.0,4.0,2.0,2.0,3.0,3.0,4.0,3.0
E0518,Other (24),India,1-3y,mid,remote,3,4.0,3.0,4.0,10.0,4.0,4.0,3.0,4.0,3.0,4.0,4.0,4.0,3.0,3.0,2.0,4.0,2.0,4.0,4.0,5.0,4.0,4.0,3.0,4.0,4.0,2.0,4.0,8.0,5.0,2.0,3.0,2.0,2.0,2.0,5.0,4.0,5.0,5.0,5.0,5.0,4.0,5.0,4.0,3.0,3.0,4.0,4.0,4.0,5.0
E0519,A,Europe,1-3y,junior,hybrid,3,4.0,3.0,4.0,8.0,4.0,4.0,5.0,4.0,3.0,3.0,3.0,3.0,4.0,4.0,4.0,3.0,3.0,4.0,3.0,3.0,3.0,4.0,2.0,4.0,3.0,3.0,5.0,10.0,3.0,4.0,5.0,2.0,4.0,4.0,4.0,4.0,5.0,4.0,4.0,4.0,4.0,4.0,5.0,4.0,4.0,4.0,3.0,4.0,3.0
E0520,G,US,1-3y,mid,hybrid,3,3.0,4.0,2.0,6.0,3.0,4.0,2.0,3.0,2.0,3.0,3.0,3.0,2.0,2.0,2.0,4.0,3.0,2.0,2.0,3.0,3.0,3.0,3.0,2.0,4.0,3.0,2.0,6.0,2.0,2.0,3.0,3.0,3.0,2.0,2.0,3.0,4.0,5.0,4.0,3.0,3.0,3.0,5.0,4.0,4.0,3.0,2.0,4.0,3.0
E0521,H,UK,3-5y,lead,remote,3,5.0,5.0,5.0,10.0,5.0,5.0,4.0,4.0,3.0,5.0,4.0,4.0,3.0,5.0,3.0,5.0,3.0,5.0,5.0,4.0,5.0,5.0,5.0,5.0,5.0,5.0,5.0,7.0,3.0,5.0,5.0,5.0,4.0,5.0,5.0,4.0,5.0,5.0,5.0,5.0,4.0,5.0,5.0,4.0,5.0,4.0,5.0,3.0,3.0
E0522,Other (24),US,1-3y,junior,hybrid,3,4.0,4.0,4.0,8.0,5.0,5.0,4.0,4.0,2.0,5.0,2.0,5.0,1.0,4.0,3.0,5.0,2.0,5.0,4.0,4.0,4.0,4.0,3.0,5.0,4.0,2.0,4.0,5.0,4.0,1.0,4.0,4.0,3.0,2.0,4.0,4.0,4.0,3.0,3.0,3.0,2.0,2.0,2.0,4.0,4.0,4.0,5.0,3.0,4.0
E0523,A,Europe,1-3y,mid,hybrid,3,5.0,3.0,4.0,7.0,3.0,5.0,5.0,4.0,4.0,5.0,3.0,4.0,3.0,2.0,5.0,5.0,1.0,4.0,3.0,5.0,4.0,4.0,5.0,3.0,4.0,1.0,5.0,8.0,5.0,3.0,3.0,5.0,4.0,3.0,3.0,3.0,4.0,5.0,5.0,5.0,4.0,5.0,5.0,4.0,4.0,4.0,4.0,4.0,4.0
E0524,A,US,<1y,mid,hybrid,3,4.0,5.0,5.0,9.0,5.0,5.0,5.0,4.0,3.0,5.0,4.0,5.0,3.0,5.0,4.0,5.0,3.0,3.0,4.0,5.0,5.0,4.0,5.0,5.0,5.0,4.0,5.0,5.0,5.0,3.0,4.0,4.0,3.0,3.0,4.0,5.0,4.0,4.0,4.0,4.0,3.0,4.0,3.0,5.0,4.0,4.0,3.0,4.0,4.0
E0525,L,US,1-3y,junior,onsite,3,3.0,5.0,4.0,9.0,4.0,4.0,3.0,4.0,4.0,4.0,4.0,4.0,3.0,3.0,4.0,3.0,3.0,2.0,4.0,5.0,3.0,4.0,3.0,3.0,3.0,1.0,4.0,7.0,3.0,1.0,5.0,2.0,1.0,1.0,4.0,5.0,4.0,3.0,4.0,4.0,3.0,3.0,4.0,3.0,2.0,4.0,4.0,5.0,4.0
E0526,E,UK,1-3y,mid,hybrid,3,3.0,5.0,5.0,10.0,5.0,4.0,4.0,5.0,2.0,4.0,4.0,3.0,2.0,4.0,4.0,2.0,2.0,4.0,4.0,4.0,5.0,3.0,2.0,2.0,2.0,2.0,3.0,6.0,3.0,5.0,4.0,2.0,1.0,2.0,5.0,4.0,4.0,4.0,4.0,5.0,5.0,3.0,5.0,4.0,4.0,4.0,5.0,3.0,4.0
E0527,Other (24),Israel,1-3y,mid,remote,3,3.0,4.0,5.0,10.0,4.0,4.0,3.0,4.0,3.0,5.0,4.0,5.0,3.0,3.0,3.0,4.0,3.0,3.0,4.0,5.0,2.0,5.0,5.0,5.0,5.0,4.0,5.0,6.0,4.0,4.0,5.0,5.0,5.0,4.0,4.0,4.0,5.0,5.0,3.0,4.0,3.0,4.0,4.0,5.0,4.0,4.0,5.0,5.0,5.0
E0528,I,UK,<1y,junior,remote,3,5.0,4.0,5.0,8.0,3.0,5.0,4.0,5.0,5.0,4.0,4.0,3.0,4.0,5.0,3.0,4.0,4.0,4.0,4.0,5.0,4.0,5.0,5.0,4.0,5.0,3.0,5.0,10.0,4.0,3.0,4.0,3.0,4.0,4.0,4.0,4.0,4.0,4.0,3.0,4.0,4.0,4.0,3.0,4.0,3.0,3.0,5.0,4.0,4.0
E0529,I,UK,<1y,lead,hybrid,3,2.0,4.0,4.0,6.0,5.0,2.0,3.0,5.0,4.0,3.0,3.0,4.0,4.0,4.0,2.0,2.0,3.0,4.0,4.0,4.0,3.0,4.0,4.0,3.0,5.0,3.0,5.0,8.0,2.0,2.0,4.0,2.0,3.0,2.0,2.0,3.0,3.0,2.0,2.0,4.0,4.0,4.0,3.0,3.0,3.0,2.0,2.0,3.0,2.0
E0530,Other (24),Europe,1-3y,mid,hybrid,3,5.0,4.0,4.0,7.0,3.0,4.0,4.0,2.0,4.0,4.0,4.0,5.0,5.0,4.0,3.0,5.0,4.0,3.0,3.0,5.0,5.0,5.0,4.0,4.0,5.0,2.0,4.0,10.0,5.0,2.0,3.0,3.0,4.0,2.0,4.0,5.0,4.0,5.0,5.0,5.0,4.0,4.0,3.0,4.0,3.0,3.0,4.0,4.0,4.0
E0531,L,India,3-5y,senior,hybrid,3,4.0,3.0,4.0,5.0,3.0,4.0,4.0,3.0,4.0,4.0,3.0,3.0,4.0,4.0,4.0,2.0,2.0,3.0,3.0,4.0,4.0,3.0,3.0,4.0,4.0,2.0,5.0,7.0,3.0,3.0,4.0,3.0,2.0,2.0,4.0,5.0,2.0,4.0,3.0,3.0,4.0,3.0,3.0,2.0,3.0,3.0,4.0,2.0,4.0
E0532,Q,UK,>5y,mid,remote,3,5.0,4.0,4.0,4.0,4.0,4.0,4.0,4.0,5.0,3.0,3.0,4.0,4.0,4.0,4.0,3.0,3.0,4.0,3.0,4.0,5.0,3.0,3.0,4.0,3.0,2.0,4.0,8.0,3.0,2.0,4.0,3.0,1.0,2.0,4.0,4.0,4.0,4.0,3.0,4.0,4.0,2.0,2.0,4.0,4.0,3.0,4.0,2.0,2.0
E0533,E,UK,3-5y,junior,onsite,3,4.0,5.0,4.0,8.0,5.0,4.0,4.0,4.0,3.0,4.0,3.0,5.0,3.0,2.0,3.0,3.0,3.0,4.0,4.0,5.0,4.0,3.0,4.0,3.0,5.0,4.0,3.0,9.0,4.0,5.0,5.0,3.0,4.0,4.0,5.0,4.0,4.0,3.0,4.0,3.0,5.0,5.0,5.0,4.0,5.0,3.0,4.0,4.0,3.0
E0534,Q,UK,3-5y,mid,remote,3,2.0,4.0,4.0,9.0,4.0,4.0,2.0,3.0,5.0,4.0,4.0,4.0,3.0,4.0,4.0,4.0,4.0,2.0,4.0,4.0,4.0,3.0,4.0,5.0,4.0,2.0,4.0,8.0,3.0,3.0,5.0,4.0,4.0,5.0,4.0,4.0,4.0,4.0,5.0,4.0,3.0,3.0,3.0,5.0,5.0,5.0,4.0,4.0,4.0
E0535,J,UK,<1y,junior,remote,3,3.0,3.0,1.0,5.0,3.0,5.0,3.0,3.0,1.0,2.0,3.0,3.0,2.0,2.0,3.0,2.0,3.0,2.0,3.0,3.0,3.0,3.0,1.0,4.0,2.0,2.0,4.0,4.0,3.0,2.0,4.0,3.0,1.0,4.0,5.0,4.0,4.0,4.0,3.0,4.0,3.0,3.0,3.0,4.0,2.0,3.0,3.0,4.0,3.0
E0536,Q,UK,3-5y,mid,hybrid,3,5.0,3.0,4.0,5.0,4.0,5.0,5.0,5.0,4.0,4.0,4.0,4.0,3.0,4.0,5.0,4.0,3.0,4.0,2.0,4.0,5.0,3.0,5.0,3.0,3.0,2.0,4.0,3.0,3.0,2.0,4.0,3.0,3.0,3.0,5.0,3.0,3.0,4.0,4.0,4.0,5.0,4.0,5.0,4.0,3.0,3.0,3.0,3.0,4.0
E0537,M,India,1-3y,mid,remote,3,3.0,3.0,3.0,5.0,3.0,3.0,3.0,3.0,2.0,4.0,2.0,3.0,3.0,2.0,3.0,3.0,1.0,2.0,4.0,5.0,3.0,3.0,3.0,4.0,5.0,3.0,4.0,6.0,2.0,2.0,4.0,2.0,2.0,2.0,4.0,3.0,3.0,5.0,4.0,4.0,2.0,3.0,4.0,4.0,4.0,4.0,5.0,3.0,3.0
E0538,G,US,>5y,senior,onsite,3,4.0,3.0,4.0,9.0,3.0,4.0,3.0,3.0,3.0,4.0,4.0,5.0,3.0,3.0,3.0,3.0,3.0,4.0,2.0,4.0,4.0,5.0,4.0,4.0,5.0,3.0,4.0,6.0,3.0,2.0,4.0,3.0,3.0,2.0,3.0,3.0,3.0,3.0,4.0,3.0,4.0,5.0,5.0,3.0,4.0,4.0,4.0,4.0,4.0
E0539,Other (24),US,<1y,mid,hybrid,3,4.0,4.0,3.0,9.0,4.0,5.0,4.0,3.0,2.0,3.0,2.0,4.0,3.0,3.0,4.0,4.0,3.0,4.0,4.0,4.0,5.0,3.0,3.0,2.0,5.0,1.0,3.0,6.0,3.0,1.0,5.0,2.0,3.0,1.0,3.0,4.0,4.0,4.0,3.0,4.0,3.0,3.0,4.0,3.0,3.0,5.0,4.0,2.0,3.0
E0540,Other (24),US,1-3y,junior,hybrid,3,4.0,3.0,3.0,7.0,5.0,3.0,3.0,4.0,4.0,4.0,2.0,4.0,3.0,3.0,4.0,3.0,2.0,3.0,4.0,3.0,2.0,4.0,3.0,4.0,5.0,2.0,3.0,7.0,4.0,1.0,5.0,2.0,3.0,1.0,4.0,5.0,5.0,3.0,4.0,3.0,5.0,3.0,3.0,4.0,4.0,4.0,4.0,3.0,4.0
E0541,Q,Israel,1-3y,junior,hybrid,3,4.0,5.0,5.0,6.0,5.0,5.0,5.0,4.0,4.0,5.0,4.0,4.0,3.0,5.0,5.0,4.0,3.0,4.0,4.0,5.0,5.0,3.0,4.0,4.0,4.0,2.0,4.0,5.0,4.0,2.0,4.0,3.0,3.0,3.0,4.0,4.0,5.0,3.0,3.0,3.0,4.0,4.0,2.0,4.0,4.0,4.0,4.0,2.0,4.0
E0542,J,US,3-5y,senior,hybrid,3,3.0,4.0,2.0,4.0,2.0,3.0,1.0,4.0,3.0,4.0,3.0,2.0,3.0,3.0,3.0,3.0,3.0,2.0,3.0,3.0,4.0,3.0,2.0,3.0,3.0,3.0,2.0,7.0,1.0,2.0,3.0,2.0,1.0,2.0,4.0,4.0,4.0,3.0,2.0,4.0,4.0,4.0,2.0,3.0,3.0,3.0,3.0,4.0,5.0
E0543,Other (24),India,<1y,mid,hybrid,3,4.0,3.0,4.0,5.0,2.0,5.0,5.0,3.0,1.0,4.0,3.0,4.0,2.0,4.0,4.0,5.0,2.0,4.0,3.0,4.0,5.0,3.0,2.0,4.0,4.0,2.0,4.0,5.0,4.0,3.0,3.0,3.0,3.0,3.0,4.0,4.0,4.0,5.0,5.0,4.0,5.0,5.0,5.0,3.0,4.0,4.0,3.0,5.0,5.0
E0544,Q,US,<1y,senior,hybrid,3,4.0,5.0,4.0,7.0,5.0,4.0,3.0,5.0,4.0,4.0,4.0,5.0,3.0,4.0,4.0,4.0,4.0,4.0,5.0,4.0,5.0,5.0,5.0,4.0,4.0,3.0,4.0,8.0,4.0,5.0,5.0,4.0,4.0,5.0,4.0,5.0,4.0,5.0,5.0,5.0,4.0,4.0,4.0,5.0,5.0,4.0,3.0,4.0,4.0
E0545,P,US,3-5y,mid,hybrid,3,2.0,5.0,3.0,8.0,5.0,4.0,3.0,4.0,2.0,5.0,4.0,5.0,4.0,5.0,5.0,5.0,3.0,3.0,4.0,2.0,3.0,5.0,5.0,4.0,4.0,4.0,5.0,7.0,5.0,4.0,5.0,4.0,2.0,5.0,4.0,4.0,4.0,5.0,4.0,4.0,5.0,3.0,5.0,4.0,4.0,5.0,5.0,3.0,2.0
E0546,Other (24),Israel,<1y,mid,hybrid,3,3.0,4.0,5.0,5.0,3.0,5.0,4.0,3.0,3.0,5.0,3.0,5.0,4.0,3.0,2.0,5.0,2.0,4.0,2.0,5.0,4.0,4.0,3.0,4.0,4.0,2.0,5.0,6.0,4.0,2.0,3.0,3.0,2.0,3.0,4.0,4.0,3.0,2.0,3.0,2.0,3.0,4.0,2.0,3.0,3.0,3.0,3.0,3.0,5.0
E0547,L,UK,1-3y,mid,hybrid,3,4.0,4.0,5.0,3.0,3.0,4.0,3.0,2.0,3.0,5.0,3.0,4.0,2.0,4.0,4.0,4.0,3.0,4.0,3.0,4.0,2.0,5.0,4.0,4.0,5.0,3.0,4.0,6.0,4.0,4.0,3.0,2.0,3.0,3.0,4.0,3.0,4.0,5.0,4.0,4.0,3.0,4.0,4.0,4.0,5.0,5.0,5.0,3.0,2.0
E0548,O,India,1-3y,mid,onsite,3,4.0,5.0,5.0,5.0,4.0,3.0,4.0,2.0,4.0,5.0,3.0,5.0,3.0,4.0,3.0,4.0,4.0,1.0,4.0,5.0,3.0,4.0,4.0,5.0,5.0,4.0,4.0,6.0,3.0,4.0,4.0,2.0,4.0,3.0,3.0,4.0,4.0,3.0,4.0,4.0,4.0,4.0,4.0,5.0,5.0,4.0,3.0,3.0,3.0
E0549,A,Europe,1-3y,junior,hybrid,3,3.0,3.0,5.0,7.0,3.0,3.0,5.0,3.0,2.0,4.0,5.0,4.0,2.0,5.0,5.0,5.0,3.0,4.0,3.0,5.0,4.0,5.0,5.0,4.0,4.0,3.0,5.0,7.0,5.0,3.0,5.0,3.0,5.0,4.0,4.0,3.0,3.0,3.0,4.0,4.0,4.0,4.0,4.0,5.0,5.0,5.0,4.0,3.0,4.0
E0550,Other (24),US,1-3y,lead,remote,3,3.0,4.0,3.0,7.0,4.0,4.0,4.0,4.0,2.0,4.0,3.0,4.0,1.0,2.0,2.0,5.0,2.0,3.0,3.0,5.0,3.0,4.0,4.0,4.0,5.0,1.0,4.0,4.0,3.0,1.0,4.0,3.0,3.0,2.0,3.0,4.0,3.0,1.0,3.0,2.0,3.0,4.0,4.0,3.0,5.0,2.0,2.0,5.0,3.0
E0551,Q,India,<1y,senior,onsite,3,4.0,4.0,5.0,5.0,3.0,4.0,4.0,3.0,4.0,4.0,4.0,4.0,4.0,4.0,3.0,4.0,4.0,4.0,4.0,3.0,4.0,4.0,4.0,3.0,3.0,3.0,5.0,6.0,3.0,3.0,3.0,3.0,2.0,3.0,2.0,3.0,4.0,2.0,3.0,4.0,3.0,4.0,2.0,2.0,4.0,4.0,5.0,5.0,5.0
E0552,G,US,1-3y,mid,hybrid,3,3.0,4.0,3.0,8.0,4.0,4.0,3.0,4.0,2.0,4.0,4.0,4.0,3.0,4.0,3.0,4.0,2.0,4.0,3.0,5.0,4.0,5.0,2.0,4.0,5.0,2.0,3.0,3.0,4.0,2.0,3.0,4.0,3.0,2.0,3.0,3.0,3.0,4.0,4.0,4.0,4.0,4.0,4.0,4.0,3.0,5.0,4.0,5.0,5.0
E0553,Other (24),India,1-3y,junior,hybrid,3,3.0,3.0,5.0,5.0,2.0,3.0,3.0,3.0,4.0,5.0,4.0,5.0,3.0,3.0,2.0,5.0,4.0,3.0,3.0,4.0,3.0,4.0,3.0,3.0,4.0,3.0,4.0,7.0,3.0,3.0,3.0,3.0,3.0,2.0,3.0,4.0,2.0,4.0,4.0,3.0,2.0,4.0,4.0,3.0,4.0,5.0,5.0,5.0,4.0
E0554,E,UK,<1y,senior,hybrid,3,3.0,5.0,4.0,10.0,5.0,5.0,3.0,5.0,4.0,5.0,4.0,5.0,4.0,4.0,4.0,3.0,3.0,3.0,5.0,5.0,4.0,4.0,4.0,3.0,4.0,4.0,4.0,8.0,4.0,4.0,5.0,3.0,4.0,4.0,5.0,4.0,4.0,4.0,4.0,4.0,5.0,4.0,4.0,5.0,4.0,4.0,5.0,5.0,4.0
E0555,B,UK,<1y,lead,onsite,3,3.0,5.0,5.0,8.0,5.0,3.0,4.0,4.0,4.0,4.0,4.0,5.0,4.0,5.0,4.0,5.0,4.0,3.0,5.0,5.0,4.0,5.0,4.0,5.0,5.0,4.0,4.0,7.0,5.0,3.0,5.0,2.0,3.0,4.0,5.0,4.0,5.0,4.0,5.0,4.0,4.0,4.0,4.0,4.0,5.0,5.0,4.0,3.0,4.0
E0556,Other (24),Israel,1-3y,lead,hybrid,3,3.0,3.0,4.0,5.0,2.0,5.0,3.0,2.0,2.0,4.0,3.0,4.0,3.0,3.0,4.0,4.0,2.0,5.0,2.0,3.0,3.0,4.0,3.0,3.0,4.0,2.0,3.0,5.0,3.0,1.0,3.0,1.0,2.0,1.0,4.0,2.0,3.0,2.0,3.0,2.0,2.0,3.0,3.0,3.0,4.0,2.0,4.0,3.0,3.0
E0557,B,Israel,3-5y,senior,hybrid,3,4.0,5.0,2.0,9.0,4.0,3.0,2.0,4.0,4.0,3.0,4.0,4.0,4.0,2.0,3.0,3.0,3.0,3.0,4.0,4.0,3.0,2.0,2.0,3.0,5.0,1.0,3.0,6.0,2.0,2.0,5.0,3.0,2.0,2.0,4.0,3.0,4.0,4.0,4.0,5.0,4.0,4.0,3.0,3.0,3.0,4.0,3.0,3.0,3.0
E0558,P,US,>5y,lead,hybrid,3,4.0,4.0,4.0,4.0,3.0,4.0,3.0,3.0,2.0,5.0,4.0,4.0,2.0,5.0,3.0,3.0,2.0,4.0,3.0,3.0,4.0,4.0,4.0,3.0,3.0,4.0,5.0,8.0,5.0,2.0,4.0,2.0,3.0,3.0,3.0,4.0,4.0,3.0,2.0,3.0,4.0,3.0,3.0,4.0,4.0,4.0,5.0,4.0,3.0
E0559,O,UK,<1y,senior,hybrid,3,3.0,4.0,5.0,9.0,5.0,4.0,4.0,4.0,3.0,5.0,3.0,4.0,2.0,4.0,5.0,4.0,2.0,5.0,5.0,5.0,4.0,4.0,5.0,3.0,5.0,3.0,5.0,2.0,5.0,3.0,5.0,2.0,3.0,3.0,4.0,5.0,5.0,5.0,5.0,5.0,5.0,4.0,4.0,4.0,5.0,5.0,4.0,4.0,4.0
E0560,B,UK,<1y,senior,remote,3,4.0,3.0,5.0,6.0,3.0,4.0,4.0,4.0,3.0,3.0,3.0,3.0,4.0,3.0,4.0,4.0,1.0,4.0,3.0,4.0,4.0,4.0,3.0,4.0,5.0,3.0,4.0,8.0,3.0,2.0,4.0,1.0,1.0,2.0,4.0,3.0,4.0,3.0,3.0,3.0,5.0,5.0,5.0,2.0,2.0,4.0,4.0,3.0,3.0
E0561,Other (24),India,<1y,junior,hybrid,3,3.0,5.0,4.0,7.0,4.0,4.0,5.0,4.0,2.0,4.0,3.0,3.0,2.0,3.0,4.0,3.0,2.0,5.0,3.0,3.0,3.0,3.0,3.0,3.0,3.0,1.0,2.0,2.0,2.0,1.0,5.0,2.0,2.0,2.0,3.0,4.0,3.0,5.0,5.0,4.0,3.0,4.0,4.0,4.0,3.0,3.0,4.0,4.0,4.0
E0562,Other (24),Israel,3-5y,junior,remote,3,3.0,4.0,4.0,6.0,3.0,4.0,4.0,4.0,3.0,4.0,3.0,3.0,2.0,3.0,3.0,5.0,3.0,5.0,3.0,5.0,3.0,3.0,3.0,5.0,3.0,2.0,4.0,5.0,3.0,3.0,3.0,2.0,2.0,3.0,2.0,3.0,4.0,3.0,3.0,4.0,4.0,3.0,4.0,4.0,3.0,4.0,2.0,5.0,3.0
E0563,J,UK,3-5y,mid,remote,3,3.0,2.0,2.0,3.0,2.0,3.0,3.0,4.0,1.0,4.0,2.0,3.0,3.0,3.0,2.0,3.0,3.0,2.0,2.0,4.0,3.0,2.0,4.0,3.0,4.0,3.0,3.0,2.0,2.0,3.0,1.0,3.0,3.0,3.0,3.0,5.0,3.0,2.0,3.0,4.0,3.0,3.0,4.0,4.0,4.0,4.0,5.0,5.0,5.0
E0564,Other (24),Europe,3-5y,mid,remote,3,4.0,5.0,4.0,5.0,3.0,5.0,4.0,4.0,3.0,4.0,3.0,3.0,2.0,3.0,3.0,3.0,3.0,4.0,3.0,4.0,3.0,4.0,4.0,4.0,4.0,3.0,4.0,6.0,2.0,2.0,5.0,4.0,3.0,3.0,3.0,2.0,3.0,4.0,3.0,4.0,3.0,4.0,3.0,5.0,4.0,5.0,4.0,4.0,4.0
E0565,I,US,3-5y,mid,onsite,3,4.0,4.0,5.0,7.0,5.0,4.0,5.0,5.0,4.0,5.0,5.0,5.0,3.0,5.0,3.0,5.0,3.0,4.0,5.0,5.0,5.0,5.0,5.0,5.0,5.0,3.0,5.0,10.0,5.0,3.0,5.0,3.0,4.0,3.0,4.0,3.0,3.0,5.0,3.0,4.0,2.0,3.0,3.0,4.0,5.0,4.0,3.0,4.0,4.0
E0566,J,Israel,>5y,mid,hybrid,3,3.0,3.0,2.0,4.0,3.0,4.0,3.0,4.0,1.0,3.0,3.0,4.0,2.0,2.0,4.0,3.0,3.0,4.0,3.0,3.0,4.0,3.0,3.0,3.0,4.0,3.0,5.0,4.0,2.0,3.0,4.0,2.0,1.0,3.0,4.0,3.0,4.0,3.0,4.0,3.0,3.0,3.0,3.0,3.0,3.0,4.0,4.0,4.0,3.0
E0567,Q,India,<1y,senior,onsite,3,3.0,4.0,3.0,5.0,3.0,5.0,4.0,3.0,4.0,4.0,3.0,4.0,3.0,4.0,4.0,4.0,2.0,4.0,4.0,2.0,3.0,4.0,3.0,3.0,4.0,2.0,3.0,8.0,3.0,1.0,4.0,2.0,2.0,3.0,4.0,3.0,4.0,3.0,4.0,4.0,3.0,3.0,4.0,3.0,2.0,3.0,3.0,3.0,3.0
E0568,F,UK,>5y,mid,hybrid,3,5.0,4.0,3.0,5.0,3.0,5.0,5.0,2.0,4.0,5.0,3.0,4.0,4.0,5.0,5.0,3.0,4.0,5.0,3.0,3.0,5.0,4.0,4.0,5.0,4.0,4.0,3.0,10.0,4.0,3.0,4.0,3.0,3.0,5.0,5.0,5.0,4.0,3.0,2.0,2.0,5.0,4.0,5.0,4.0,4.0,3.0,4.0,4.0,3.0
E0569,H,Europe,1-3y,junior,remote,3,5.0,5.0,5.0,10.0,4.0,5.0,5.0,4.0,4.0,5.0,5.0,5.0,5.0,5.0,5.0,5.0,4.0,5.0,5.0,5.0,5.0,5.0,5.0,5.0,5.0,4.0,5.0,8.0,5.0,4.0,5.0,3.0,3.0,4.0,5.0,5.0,5.0,5.0,5.0,4.0,5.0,4.0,5.0,4.0,4.0,4.0,4.0,4.0,3.0
E0570,Other (24),UK,<1y,senior,hybrid,3,3.0,4.0,4.0,8.0,4.0,5.0,4.0,4.0,5.0,4.0,3.0,4.0,4.0,3.0,3.0,4.0,3.0,4.0,4.0,5.0,3.0,4.0,4.0,4.0,4.0,2.0,4.0,7.0,4.0,4.0,5.0,3.0,4.0,3.0,5.0,5.0,5.0,4.0,5.0,5.0,4.0,5.0,4.0,3.0,4.0,5.0,5.0,4.0,2.0
E0571,P,US,<1y,junior,remote,3,4.0,3.0,5.0,5.0,5.0,4.0,2.0,3.0,3.0,5.0,4.0,5.0,4.0,5.0,1.0,5.0,3.0,3.0,4.0,4.0,3.0,5.0,4.0,4.0,4.0,4.0,5.0,7.0,5.0,4.0,4.0,1.0,3.0,4.0,5.0,4.0,5.0,5.0,4.0,5.0,5.0,4.0,5.0,4.0,5.0,4.0,3.0,4.0,3.0
E0572,J,India,<1y,senior,onsite,3,4.0,2.0,4.0,6.0,3.0,3.0,3.0,4.0,2.0,4.0,4.0,4.0,1.0,4.0,2.0,4.0,4.0,2.0,2.0,5.0,2.0,3.0,3.0,5.0,4.0,3.0,5.0,5.0,3.0,4.0,4.0,5.0,2.0,3.0,5.0,5.0,3.0,4.0,4.0,4.0,3.0,4.0,4.0,4.0,4.0,5.0,5.0,4.0,3.0
E0573,O,India,>5y,mid,remote,3,4.0,4.0,5.0,6.0,4.0,5.0,4.0,3.0,4.0,5.0,5.0,4.0,5.0,4.0,5.0,5.0,5.0,4.0,4.0,5.0,4.0,4.0,5.0,5.0,5.0,5.0,3.0,8.0,5.0,5.0,4.0,5.0,4.0,4.0,5.0,4.0,4.0,5.0,5.0,4.0,4.0,4.0,5.0,5.0,4.0,4.0,5.0,4.0,3.0
E0574,E,India,1-3y,senior,hybrid,3,4.0,3.0,5.0,5.0,4.0,4.0,3.0,4.0,2.0,4.0,4.0,4.0,3.0,3.0,2.0,4.0,2.0,3.0,3.0,4.0,3.0,4.0,3.0,3.0,4.0,3.0,3.0,9.0,4.0,2.0,4.0,2.0,2.0,2.0,4.0,4.0,3.0,4.0,4.0,3.0,5.0,4.0,5.0,2.0,5.0,4.0,3.0,5.0,5.0
E0575,D,Europe,3-5y,mid,remote,3,4.0,5.0,4.0,10.0,5.0,4.0,3.0,5.0,5.0,5.0,4.0,5.0,4.0,4.0,4.0,4.0,3.0,2.0,4.0,4.0,2.0,5.0,4.0,3.0,5.0,4.0,5.0,5.0,4.0,4.0,4.0,3.0,3.0,5.0,4.0,4.0,5.0,4.0,3.0,5.0,5.0,4.0,4.0,4.0,4.0,3.0,4.0,1.0,3.0
E0576,H,India,1-3y,mid,onsite,3,4.0,5.0,5.0,10.0,5.0,5.0,4.0,5.0,5.0,5.0,5.0,5.0,4.0,5.0,4.0,5.0,5.0,3.0,5.0,5.0,4.0,5.0,5.0,5.0,5.0,5.0,5.0,9.0,5.0,4.0,5.0,5.0,4.0,5.0,4.0,5.0,5.0,5.0,5.0,4.0,4.0,5.0,5.0,4.0,4.0,5.0,5.0,4.0,4.0
E0577,J,India,3-5y,mid,hybrid,3,3.0,4.0,3.0,7.0,3.0,3.0,3.0,4.0,1.0,4.0,3.0,3.0,3.0,2.0,4.0,3.0,3.0,2.0,4.0,4.0,4.0,4.0,4.0,5.0,2.0,2.0,3.0,7.0,2.0,3.0,4.0,2.0,2.0,2.0,4.0,5.0,4.0,5.0,3.0,4.0,4.0,5.0,4.0,4.0,3.0,4.0,5.0,4.0,4.0
E0578,O,US,<1y,mid,onsite,3,4.0,4.0,4.0,4.0,4.0,3.0,3.0,2.0,4.0,4.0,4.0,3.0,4.0,2.0,3.0,2.0,2.0,2.0,3.0,3.0,2.0,2.0,4.0,4.0,4.0,2.0,3.0,7.0,2.0,3.0,3.0,2.0,3.0,4.0,4.0,4.0,4.0,5.0,4.0,4.0,3.0,2.0,4.0,4.0,4.0,4.0,4.0,3.0,3.0
E0579,C,Israel,1-3y,senior,onsite,3,3.0,4.0,5.0,9.0,4.0,4.0,3.0,4.0,3.0,5.0,4.0,4.0,3.0,4.0,3.0,4.0,5.0,4.0,4.0,5.0,3.0,3.0,4.0,4.0,5.0,4.0,5.0,7.0,4.0,3.0,5.0,4.0,5.0,3.0,5.0,3.0,4.0,3.0,3.0,3.0,4.0,3.0,3.0,5.0,4.0,4.0,4.0,5.0,4.0
E0580,I,India,<1y,lead,onsite,3,2.0,4.0,5.0,10.0,4.0,3.0,3.0,4.0,5.0,3.0,4.0,3.0,3.0,5.0,3.0,3.0,2.0,3.0,3.0,5.0,4.0,5.0,4.0,5.0,5.0,2.0,4.0,7.0,4.0,2.0,4.0,3.0,2.0,3.0,4.0,4.0,5.0,4.0,4.0,4.0,5.0,3.0,5.0,3.0,4.0,5.0,4.0,3.0,3.0
E0581,Other (24),India,3-5y,junior,hybrid,3,4.0,1.0,3.0,6.0,4.0,4.0,4.0,3.0,4.0,3.0,3.0,4.0,2.0,3.0,3.0,4.0,2.0,4.0,3.0,3.0,3.0,2.0,3.0,3.0,5.0,4.0,3.0,6.0,4.0,3.0,3.0,3.0,3.0,3.0,3.0,3.0,3.0,3.0,3.0,2.0,3.0,2.0,3.0,3.0,5.0,5.0,5.0,3.0,3.0
E0582,C,UK,1-3y,mid,onsite,3,2.0,3.0,5.0,3.0,3.0,2.0,2.0,3.0,3.0,4.0,3.0,4.0,3.0,4.0,2.0,4.0,3.0,1.0,3.0,5.0,1.0,3.0,4.0,4.0,4.0,4.0,5.0,8.0,4.0,3.0,4.0,2.0,3.0,3.0,3.0,3.0,3.0,4.0,4.0,4.0,4.0,4.0,4.0,4.0,4.0,3.0,2.0,4.0,2.0
E0583,Other (24),India,1-3y,junior,hybrid,3,3.0,5.0,3.0,9.0,5.0,4.0,3.0,4.0,2.0,3.0,2.0,4.0,2.0,1.0,3.0,3.0,2.0,4.0,3.0,4.0,2.0,3.0,2.0,3.0,3.0,2.0,3.0,9.0,2.0,2.0,4.0,3.0,3.0,2.0,5.0,5.0,5.0,4.0,3.0,5.0,4.0,3.0,3.0,3.0,3.0,2.0,3.0,3.0,4.0
E0584,B,UK,<1y,mid,onsite,3,4.0,4.0,3.0,8.0,5.0,3.0,4.0,5.0,3.0,3.0,3.0,4.0,2.0,3.0,4.0,3.0,4.0,3.0,3.0,5.0,4.0,3.0,3.0,4.0,5.0,3.0,3.0,6.0,4.0,3.0,4.0,3.0,3.0,3.0,5.0,4.0,5.0,4.0,2.0,5.0,5.0,4.0,5.0,4.0,4.0,3.0,4.0,4.0,3.0
E0585,N,UK,3-5y,senior,remote,3,4.0,4.0,5.0,5.0,3.0,3.0,3.0,4.0,4.0,5.0,4.0,5.0,5.0,5.0,4.0,4.0,4.0,3.0,4.0,5.0,3.0,5.0,5.0,5.0,5.0,4.0,5.0,6.0,5.0,3.0,4.0,4.0,4.0,5.0,3.0,3.0,4.0,5.0,4.0,5.0,4.0,3.0,5.0,4.0,3.0,2.0,3.0,4.0,4.0
E0586,Q,UK,1-3y,mid,onsite,3,4.0,3.0,5.0,6.0,4.0,3.0,3.0,4.0,3.0,5.0,5.0,5.0,3.0,5.0,4.0,5.0,2.0,4.0,3.0,5.0,4.0,4.0,5.0,4.0,4.0,2.0,4.0,8.0,4.0,1.0,4.0,2.0,2.0,4.0,4.0,4.0,4.0,4.0,4.0,4.0,4.0,3.0,4.0,2.0,2.0,5.0,5.0,4.0,4.0
E0587,P,US,3-5y,senior,hybrid,3,4.0,2.0,3.0,4.0,4.0,4.0,3.0,3.0,1.0,5.0,3.0,4.0,3.0,5.0,4.0,4.0,2.0,3.0,4.0,3.0,5.0,3.0,3.0,4.0,3.0,3.0,5.0,6.0,4.0,2.0,5.0,2.0,2.0,1.0,4.0,3.0,4.0,5.0,5.0,4.0,3.0,3.0,3.0,4.0,3.0,3.0,3.0,4.0,4.0
E0588,Q,Europe,1-3y,junior,hybrid,3,4.0,5.0,3.0,7.0,4.0,4.0,4.0,4.0,4.0,2.0,2.0,3.0,5.0,3.0,4.0,4.0,4.0,3.0,3.0,3.0,4.0,3.0,3.0,4.0,3.0,2.0,3.0,7.0,3.0,2.0,5.0,3.0,2.0,4.0,4.0,4.0,3.0,3.0,4.0,5.0,2.0,3.0,3.0,4.0,4.0,4.0,3.0,3.0,4.0
E0589,B,US,>5y,mid,hybrid,3,4.0,5.0,5.0,7.0,4.0,4.0,5.0,5.0,5.0,5.0,4.0,5.0,3.0,5.0,5.0,5.0,4.0,3.0,5.0,5.0,4.0,5.0,4.0,5.0,5.0,4.0,4.0,6.0,5.0,4.0,4.0,4.0,4.0,5.0,3.0,5.0,4.0,4.0,4.0,3.0,5.0,5.0,4.0,5.0,5.0,5.0,4.0,3.0,4.0
E0590,Other (24),Europe,1-3y,mid,hybrid,3,3.0,3.0,2.0,7.0,4.0,5.0,5.0,4.0,3.0,3.0,3.0,4.0,3.0,2.0,4.0,4.0,2.0,5.0,3.0,4.0,4.0,3.0,3.0,3.0,3.0,1.0,2.0,6.0,3.0,1.0,4.0,2.0,3.0,2.0,4.0,3.0,4.0,4.0,4.0,3.0,2.0,3.0,3.0,4.0,3.0,4.0,5.0,3.0,3.0
E0591,L,UK,1-3y,lead,hybrid,3,5.0,4.0,4.0,7.0,4.0,4.0,4.0,4.0,3.0,4.0,2.0,4.0,3.0,3.0,4.0,2.0,2.0,5.0,3.0,4.0,4.0,2.0,4.0,4.0,3.0,4.0,3.0,9.0,3.0,3.0,4.0,4.0,3.0,3.0,4.0,5.0,3.0,4.0,3.0,3.0,5.0,4.0,5.0,3.0,5.0,4.0,5.0,3.0,4.0
E0592,N,UK,1-3y,mid,onsite,3,3.0,3.0,4.0,6.0,5.0,3.0,2.0,3.0,4.0,2.0,3.0,2.0,4.0,2.0,4.0,1.0,3.0,3.0,4.0,3.0,3.0,4.0,3.0,3.0,3.0,2.0,3.0,7.0,3.0,3.0,4.0,3.0,3.0,4.0,3.0,3.0,3.0,4.0,4.0,3.0,4.0,4.0,4.0,3.0,3.0,2.0,3.0,3.0,4.0
E0593,N,Israel,<1y,junior,hybrid,3,3.0,3.0,3.0,7.0,5.0,3.0,4.0,4.0,4.0,3.0,3.0,3.0,4.0,3.0,5.0,2.0,4.0,3.0,4.0,5.0,3.0,4.0,4.0,3.0,3.0,3.0,5.0,4.0,4.0,5.0,4.0,4.0,4.0,5.0,3.0,3.0,2.0,2.0,3.0,3.0,5.0,5.0,4.0,4.0,4.0,4.0,3.0,4.0,2.0
E0594,Other (24),Israel,3-5y,mid,remote,3,3.0,4.0,3.0,8.0,3.0,3.0,3.0,3.0,3.0,5.0,4.0,5.0,3.0,3.0,4.0,4.0,1.0,4.0,2.0,5.0,3.0,4.0,4.0,4.0,4.0,2.0,5.0,7.0,3.0,2.0,5.0,3.0,2.0,1.0,3.0,3.0,4.0,3.0,4.0,4.0,3.0,3.0,4.0,3.0,3.0,2.0,4.0,3.0,4.0
E0595,G,UK,>5y,mid,onsite,3,3.0,4.0,3.0,8.0,4.0,4.0,3.0,3.0,3.0,4.0,4.0,4.0,3.0,3.0,4.0,5.0,3.0,2.0,4.0,4.0,4.0,4.0,4.0,3.0,5.0,3.0,4.0,7.0,4.0,1.0,4.0,3.0,3.0,2.0,5.0,5.0,4.0,4.0,4.0,4.0,5.0,4.0,5.0,4.0,3.0,5.0,5.0,4.0,5.0
E0596,Other (24),US,<1y,junior,hybrid,3,3.0,5.0,5.0,10.0,5.0,5.0,3.0,4.0,4.0,4.0,3.0,5.0,4.0,4.0,3.0,5.0,2.0,4.0,4.0,5.0,3.0,5.0,5.0,4.0,5.0,1.0,4.0,9.0,4.0,1.0,5.0,1.0,2.0,2.0,5.0,5.0,3.0,4.0,4.0,3.0,3.0,4.0,4.0,3.0,1.0,4.0,4.0,4.0,4.0
E0597,J,UK,>5y,junior,remote,3,4.0,4.0,2.0,6.0,3.0,4.0,3.0,3.0,1.0,2.0,2.0,3.0,3.0,2.0,4.0,3.0,4.0,3.0,2.0,3.0,4.0,3.0,3.0,3.0,3.0,2.0,2.0,9.0,2.0,3.0,5.0,2.0,4.0,3.0,3.0,2.0,3.0,3.0,3.0,4.0,4.0,3.0,3.0,3.0,5.0,2.0,2.0,4.0,3.0
E0598,R,US,1-3y,junior,onsite,3,4.0,4.0,3.0,8.0,5.0,4.0,4.0,5.0,4.0,4.0,3.0,2.0,3.0,3.0,3.0,2.0,3.0,4.0,4.0,4.0,3.0,3.0,3.0,3.0,4.0,4.0,3.0,7.0,2.0,2.0,5.0,1.0,4.0,3.0,3.0,3.0,4.0,2.0,3.0,3.0,5.0,4.0,4.0,4.0,3.0,4.0,3.0,4.0,4.0
E0599,J,UK,3-5y,junior,hybrid,3,1.0,2.0,2.0,3.0,2.0,2.0,3.0,2.0,1.0,4.0,2.0,3.0,2.0,2.0,2.0,3.0,1.0,1.0,3.0,3.0,2.0,3.0,3.0,3.0,2.0,1.0,4.0,6.0,3.0,1.0,3.0,2.0,1.0,2.0,3.0,2.0,2.0,2.0,1.0,2.0,3.0,3.0,4.0,3.0,2.0,4.0,4.0,4.0,4.0
E0600,Other (24),UK,1-3y,mid,onsite,3,4.0,3.0,3.0,6.0,3.0,4.0,4.0,2.0,4.0,4.0,3.0,4.0,2.0,3.0,3.0,4.0,2.0,4.0,3.0,3.0,4.0,1.0,4.0,4.0,3.0,2.0,3.0,6.0,2.0,3.0,3.0,3.0,4.0,3.0,3.0,4.0,4.0,3.0,4.0,4.0,4.0,4.0,3.0,3.0,5.0,3.0,3.0,3.0,3.0
E0601,O,Europe,<1y,lead,hybrid,3,3.0,5.0,5.0,8.0,4.0,5.0,3.0,5.0,3.0,4.0,4.0,5.0,4.0,3.0,4.0,4.0,3.0,4.0,4.0,5.0,4.0,5.0,4.0,5.0,4.0,2.0,5.0,6.0,5.0,3.0,5.0,4.0,3.0,4.0,4.0,4.0,4.0,4.0,5.0,4.0,4.0,4.0,5.0,3.0,4.0,4.0,5.0,4.0,4.0
E0602,Q,US,1-3y,senior,onsite,3,2.0,3.0,2.0,7.0,4.0,4.0,2.0,4.0,2.0,3.0,2.0,3.0,2.0,4.0,3.0,3.0,3.0,3.0,4.0,3.0,4.0,3.0,3.0,3.0,2.0,2.0,4.0,3.0,3.0,3.0,4.0,2.0,4.0,4.0,4.0,2.0,4.0,4.0,5.0,3.0,3.0,4.0,4.0,4.0,3.0,3.0,2.0,5.0,4.0
E0603,Other (24),UK,3-5y,junior,hybrid,3,4.0,5.0,4.0,8.0,4.0,4.0,4.0,4.0,2.0,4.0,3.0,4.0,3.0,3.0,3.0,4.0,1.0,3.0,4.0,4.0,2.0,3.0,3.0,4.0,4.0,2.0,4.0,9.0,3.0,2.0,3.0,2.0,3.0,1.0,4.0,2.0,3.0,2.0,3.0,3.0,3.0,3.0,4.0,2.0,2.0,2.0,2.0,4.0,4.0
E0604,K,UK,1-3y,junior,hybrid,3,3.0,3.0,4.0,7.0,3.0,2.0,2.0,4.0,3.0,5.0,3.0,3.0,3.0,2.0,4.0,4.0,1.0,3.0,3.0,3.0,3.0,3.0,3.0,3.0,3.0,2.0,3.0,6.0,4.0,2.0,3.0,2.0,1.0,3.0,4.0,5.0,4.0,5.0,4.0,3.0,4.0,3.0,3.0,2.0,2.0,2.0,3.0,2.0,2.0
E0605,E,US,>5y,mid,hybrid,3,4.0,4.0,4.0,7.0,4.0,5.0,4.0,4.0,2.0,3.0,3.0,4.0,2.0,2.0,4.0,2.0,4.0,4.0,3.0,4.0,4.0,3.0,3.0,3.0,3.0,5.0,3.0,5.0,3.0,3.0,3.0,4.0,4.0,4.0,3.0,3.0,3.0,4.0,3.0,3.0,4.0,5.0,5.0,5.0,4.0,4.0,3.0,4.0,4.0
E0606,Other (24),Europe,3-5y,junior,remote,3,5.0,5.0,3.0,7.0,3.0,4.0,5.0,4.0,2.0,4.0,3.0,4.0,2.0,3.0,3.0,4.0,2.0,5.0,4.0,4.0,4.0,3.0,3.0,3.0,4.0,4.0,3.0,5.0,3.0,2.0,5.0,3.0,4.0,2.0,4.0,4.0,3.0,3.0,4.0,4.0,3.0,4.0,3.0,4.0,4.0,5.0,5.0,3.0,5.0
E0607,I,UK,1-3y,lead,onsite,3,4.0,3.0,5.0,7.0,4.0,4.0,3.0,3.0,3.0,5.0,4.0,4.0,2.0,5.0,5.0,4.0,2.0,4.0,4.0,5.0,4.0,4.0,5.0,5.0,5.0,1.0,5.0,6.0,4.0,3.0,4.0,4.0,3.0,2.0,3.0,4.0,3.0,4.0,5.0,4.0,4.0,3.0,5.0,4.0,3.0,4.0,4.0,4.0,5.0
E0608,H,UK,<1y,senior,remote,3,5.0,5.0,5.0,10.0,4.0,5.0,4.0,4.0,4.0,5.0,3.0,5.0,4.0,5.0,4.0,5.0,3.0,5.0,4.0,5.0,5.0,5.0,5.0,5.0,4.0,4.0,5.0,5.0,3.0,4.0,5.0,4.0,3.0,5.0,4.0,4.0,4.0,4.0,4.0,4.0,4.0,4.0,4.0,4.0,4.0,5.0,5.0,5.0,5.0
E0609,K,UK,1-3y,junior,remote,3,4.0,3.0,5.0,8.0,4.0,4.0,4.0,5.0,3.0,5.0,5.0,5.0,4.0,5.0,4.0,5.0,3.0,4.0,5.0,5.0,5.0,5.0,5.0,5.0,5.0,4.0,5.0,3.0,5.0,4.0,5.0,3.0,4.0,4.0,5.0,5.0,4.0,5.0,4.0,4.0,4.0,5.0,5.0,4.0,4.0,5.0,4.0,5.0,4.0
E0610,D,Europe,3-5y,mid,hybrid,3,3.0,4.0,2.0,5.0,4.0,3.0,2.0,3.0,3.0,3.0,4.0,3.0,2.0,3.0,3.0,4.0,2.0,2.0,3.0,3.0,1.0,4.0,3.0,2.0,4.0,3.0,4.0,5.0,3.0,2.0,3.0,1.0,1.0,3.0,2.0,2.0,3.0,3.0,2.0,2.0,3.0,3.0,2.0,3.0,3.0,5.0,4.0,2.0,1.0
E0611,Other (24),UK,3-5y,mid,onsite,3,4.0,4.0,3.0,6.0,4.0,4.0,5.0,3.0,3.0,3.0,3.0,4.0,2.0,2.0,4.0,3.0,3.0,5.0,3.0,3.0,4.0,2.0,2.0,4.0,4.0,2.0,2.0,7.0,3.0,2.0,2.0,3.0,5.0,2.0,4.0,4.0,4.0,3.0,4.0,4.0,4.0,4.0,5.0,5.0,5.0,3.0,4.0,5.0,5.0
E0612,Other (24),UK,1-3y,mid,hybrid,3,3.0,4.0,4.0,7.0,3.0,4.0,3.0,4.0,3.0,3.0,2.0,2.0,2.0,2.0,3.0,4.0,2.0,3.0,2.0,3.0,2.0,2.0,3.0,3.0,3.0,2.0,1.0,7.0,1.0,1.0,5.0,3.0,3.0,3.0,1.0,2.0,3.0,2.0,4.0,3.0,3.0,3.0,4.0,3.0,4.0,3.0,3.0,3.0,3.0
E0613,Other (24),UK,3-5y,junior,hybrid,3,5.0,3.0,4.0,9.0,4.0,4.0,5.0,3.0,2.0,3.0,2.0,3.0,3.0,4.0,4.0,4.0,3.0,4.0,3.0,5.0,5.0,4.0,3.0,4.0,5.0,2.0,4.0,6.0,5.0,2.0,3.0,4.0,2.0,2.0,4.0,4.0,3.0,2.0,2.0,4.0,3.0,2.0,3.0,5.0,4.0,5.0,4.0,4.0,4.0
E0614,Other (24),India,3-5y,senior,onsite,3,4.0,5.0,4.0,8.0,4.0,4.0,4.0,3.0,2.0,4.0,5.0,4.0,2.0,4.0,4.0,4.0,2.0,4.0,3.0,5.0,5.0,4.0,4.0,5.0,4.0,1.0,4.0,6.0,4.0,1.0,5.0,2.0,4.0,3.0,3.0,5.0,4.0,4.0,4.0,3.0,3.0,4.0,5.0,3.0,3.0,4.0,4.0,4.0,4.0
E0615,G,Israel,1-3y,junior,hybrid,3,5.0,4.0,3.0,8.0,4.0,4.0,4.0,4.0,2.0,4.0,3.0,3.0,4.0,3.0,4.0,4.0,3.0,4.0,4.0,4.0,4.0,4.0,3.0,4.0,4.0,2.0,3.0,9.0,4.0,3.0,4.0,2.0,3.0,1.0,5.0,4.0,3.0,4.0,3.0,4.0,4.0,4.0,4.0,3.0,4.0,3.0,4.0,3.0,3.0
E0616,D,US,3-5y,mid,hybrid,3,3.0,4.0,3.0,7.0,4.0,4.0,2.0,4.0,3.0,4.0,3.0,4.0,3.0,3.0,5.0,4.0,3.0,3.0,4.0,4.0,2.0,5.0,5.0,3.0,4.0,4.0,3.0,8.0,3.0,4.0,4.0,2.0,3.0,4.0,4.0,4.0,4.0,5.0,4.0,5.0,2.0,3.0,4.0,3.0,4.0,5.0,4.0,3.0,5.0
E0617,I,UK,<1y,mid,onsite,3,4.0,4.0,5.0,10.0,5.0,5.0,4.0,5.0,3.0,5.0,4.0,4.0,2.0,5.0,4.0,3.0,4.0,4.0,5.0,4.0,4.0,5.0,4.0,5.0,5.0,3.0,5.0,8.0,3.0,4.0,5.0,3.0,5.0,5.0,5.0,5.0,4.0,5.0,4.0,5.0,4.0,3.0,5.0,5.0,5.0,4.0,5.0,4.0,4.0
E0618,M,US,3-5y,mid,hybrid,3,3.0,3.0,5.0,7.0,3.0,3.0,4.0,3.0,2.0,5.0,5.0,5.0,2.0,3.0,3.0,5.0,2.0,4.0,2.0,5.0,4.0,5.0,5.0,4.0,5.0,2.0,5.0,6.0,4.0,3.0,3.0,4.0,3.0,3.0,5.0,5.0,3.0,4.0,4.0,5.0,4.0,4.0,4.0,3.0,4.0,5.0,5.0,4.0,4.0
E0619,Other (24),UK,<1y,mid,hybrid,3,3.0,4.0,3.0,6.0,3.0,4.0,4.0,3.0,3.0,4.0,3.0,4.0,2.0,3.0,4.0,3.0,3.0,5.0,3.0,4.0,4.0,3.0,3.0,4.0,4.0,1.0,3.0,5.0,4.0,2.0,4.0,3.0,3.0,4.0,4.0,4.0,4.0,3.0,4.0,4.0,4.0,3.0,4.0,5.0,4.0,3.0,3.0,3.0,3.0
E0620,E,Europe,1-3y,junior,hybrid,3,3.0,5.0,5.0,10.0,5.0,4.0,4.0,5.0,3.0,4.0,4.0,5.0,3.0,4.0,4.0,3.0,2.0,4.0,5.0,5.0,5.0,4.0,3.0,5.0,5.0,4.0,4.0,9.0,3.0,5.0,4.0,4.0,4.0,3.0,4.0,3.0,4.0,4.0,4.0,3.0,4.0,5.0,4.0,4.0,4.0,4.0,4.0,4.0,4.0
E0621,N,Israel,1-3y,senior,hybrid,3,5.0,4.0,5.0,10.0,5.0,5.0,4.0,5.0,5.0,3.0,5.0,5.0,5.0,5.0,5.0,3.0,5.0,4.0,3.0,5.0,5.0,5.0,4.0,4.0,2.0,4.0,5.0,4.0,5.0,3.0,4.0,4.0,3.0,5.0,4.0,4.0,3.0,4.0,3.0,4.0,3.0,4.0,3.0,5.0,4.0,4.0,4.0,3.0,4.0
E0622,P,US,3-5y,mid,remote,3,4.0,4.0,5.0,8.0,5.0,4.0,4.0,4.0,4.0,5.0,3.0,5.0,5.0,4.0,3.0,5.0,2.0,3.0,2.0,4.0,4.0,5.0,4.0,5.0,5.0,3.0,5.0,9.0,5.0,4.0,5.0,3.0,3.0,2.0,3.0,4.0,2.0,4.0,5.0,5.0,3.0,4.0,3.0,5.0,4.0,4.0,4.0,4.0,3.0
E0623,Other (24),UK,<1y,mid,onsite,3,4.0,3.0,3.0,7.0,4.0,5.0,4.0,4.0,3.0,4.0,4.0,3.0,2.0,3.0,2.0,4.0,3.0,4.0,4.0,3.0,4.0,3.0,2.0,4.0,3.0,3.0,3.0,7.0,3.0,2.0,3.0,2.0,3.0,2.0,3.0,4.0,4.0,4.0,4.0,5.0,3.0,3.0,3.0,4.0,3.0,3.0,4.0,4.0,4.0
E0624,H,India,1-3y,junior,hybrid,3,4.0,5.0,5.0,10.0,5.0,5.0,3.0,5.0,4.0,5.0,5.0,5.0,4.0,5.0,4.0,5.0,4.0,4.0,5.0,5.0,3.0,5.0,4.0,5.0,5.0,5.0,5.0,10.0,4.0,5.0,5.0,4.0,4.0,5.0,4.0,4.0,5.0,5.0,5.0,5.0,5.0,5.0,5.0,5.0,5.0,3.0,4.0,5.0,5.0
E0625,K,US,<1y,junior,remote,3,2.0,4.0,3.0,6.0,4.0,3.0,3.0,3.0,3.0,2.0,3.0,4.0,4.0,1.0,3.0,4.0,2.0,4.0,2.0,2.0,3.0,4.0,3.0,4.0,3.0,2.0,2.0,4.0,3.0,1.0,4.0,2.0,2.0,1.0,3.0,4.0,3.0,2.0,4.0,3.0,5.0,3.0,4.0,2.0,3.0,3.0,4.0,4.0,3.0
E0626,H,Israel,<1y,mid,remote,3,4.0,5.0,5.0,10.0,4.0,4.0,3.0,5.0,4.0,5.0,5.0,4.0,4.0,5.0,3.0,5.0,3.0,3.0,5.0,4.0,4.0,4.0,4.0,4.0,5.0,4.0,5.0,9.0,4.0,4.0,5.0,4.0,3.0,4.0,3.0,4.0,4.0,3.0,4.0,3.0,4.0,3.0,4.0,4.0,3.0,4.0,4.0,4.0,4.0
E0627,R,Israel,3-5y,junior,hybrid,3,5.0,5.0,4.0,9.0,5.0,4.0,3.0,3.0,3.0,5.0,5.0,5.0,3.0,4.0,3.0,4.0,3.0,3.0,4.0,5.0,4.0,4.0,4.0,4.0,5.0,3.0,5.0,9.0,5.0,4.0,3.0,4.0,3.0,4.0,5.0,4.0,5.0,4.0,5.0,3.0,4.0,5.0,5.0,5.0,5.0,5.0,5.0,3.0,3.0
E0628,Other (24),US,1-3y,junior,hybrid,3,4.0,4.0,4.0,6.0,3.0,4.0,5.0,3.0,3.0,4.0,2.0,4.0,3.0,2.0,3.0,3.0,1.0,4.0,3.0,3.0,3.0,3.0,3.0,3.0,4.0,2.0,3.0,6.0,3.0,2.0,2.0,3.0,3.0,1.0,4.0,5.0,4.0,5.0,3.0,5.0,5.0,5.0,4.0,4.0,2.0,4.0,4.0,4.0,3.0
E0629,Other (24),UK,3-5y,mid,onsite,3,5.0,3.0,4.0,7.0,4.0,5.0,4.0,5.0,4.0,3.0,3.0,5.0,4.0,3.0,5.0,4.0,2.0,5.0,3.0,3.0,5.0,3.0,5.0,4.0,4.0,1.0,4.0,9.0,4.0,2.0,3.0,3.0,2.0,1.0,4.0,3.0,5.0,3.0,3.0,3.0,5.0,5.0,4.0,2.0,2.0,4.0,4.0,3.0,3.0
E0630,F,Israel,>5y,mid,hybrid,3,4.0,5.0,3.0,5.0,3.0,4.0,4.0,3.0,3.0,4.0,3.0,4.0,4.0,5.0,4.0,5.0,5.0,4.0,4.0,4.0,3.0,5.0,3.0,5.0,5.0,4.0,3.0,9.0,5.0,3.0,3.0,3.0,3.0,3.0,4.0,4.0,4.0,4.0,4.0,4.0,3.0,3.0,3.0,3.0,4.0,2.0,3.0,3.0,4.0
E0631,K,Israel,>5y,senior,onsite,3,4.0,5.0,3.0,7.0,4.0,3.0,3.0,4.0,2.0,2.0,2.0,2.0,3.0,1.0,3.0,1.0,3.0,4.0,4.0,3.0,4.0,2.0,2.0,3.0,3.0,2.0,2.0,4.0,3.0,3.0,5.0,4.0,3.0,4.0,4.0,3.0,5.0,4.0,3.0,4.0,3.0,2.0,4.0,3.0,5.0,4.0,5.0,4.0,4.0
E0632,B,Israel,<1y,senior,hybrid,3,4.0,3.0,5.0,9.0,5.0,4.0,5.0,3.0,3.0,4.0,5.0,4.0,4.0,4.0,4.0,3.0,4.0,3.0,3.0,5.0,4.0,3.0,5.0,4.0,5.0,3.0,4.0,6.0,4.0,3.0,4.0,3.0,3.0,3.0,4.0,3.0,3.0,5.0,5.0,4.0,4.0,4.0,4.0,5.0,4.0,4.0,3.0,3.0,2.0
E0633,O,US,1-3y,senior,hybrid,3,2.0,4.0,5.0,4.0,3.0,3.0,3.0,3.0,1.0,4.0,4.0,4.0,2.0,3.0,3.0,4.0,2.0,2.0,3.0,4.0,3.0,4.0,5.0,5.0,4.0,4.0,3.0,5.0,4.0,2.0,3.0,2.0,3.0,3.0,5.0,4.0,3.0,4.0,3.0,4.0,3.0,4.0,4.0,3.0,3.0,4.0,3.0,3.0,3.0
E0634,O,Israel,1-3y,mid,hybrid,3,3.0,4.0,4.0,7.0,5.0,4.0,3.0,4.0,3.0,3.0,2.0,2.0,3.0,3.0,3.0,4.0,3.0,3.0,4.0,4.0,5.0,4.0,3.0,3.0,3.0,4.0,3.0,7.0,3.0,3.0,4.0,4.0,4.0,3.0,4.0,5.0,5.0,4.0,3.0,5.0,5.0,5.0,4.0,4.0,4.0,5.0,4.0,3.0,4.0
E0635,R,US,1-3y,junior,hybrid,3,4.0,4.0,4.0,6.0,5.0,4.0,3.0,3.0,4.0,5.0,4.0,4.0,4.0,2.0,4.0,3.0,3.0,2.0,4.0,3.0,3.0,3.0,3.0,4.0,4.0,3.0,3.0,8.0,3.0,2.0,4.0,3.0,3.0,3.0,3.0,5.0,4.0,5.0,5.0,5.0,3.0,4.0,4.0,4.0,3.0,2.0,4.0,4.0,2.0
E0636,J,US,<1y,junior,hybrid,3,4.0,2.0,2.0,5.0,3.0,3.0,3.0,3.0,2.0,2.0,1.0,2.0,2.0,2.0,4.0,1.0,2.0,4.0,2.0,3.0,4.0,3.0,2.0,3.0,2.0,2.0,2.0,7.0,1.0,2.0,2.0,2.0,1.0,2.0,3.0,4.0,3.0,3.0,4.0,5.0,3.0,4.0,3.0,3.0,2.0,2.0,2.0,3.0,4.0
E0637,B,Israel,>5y,mid,hybrid,3,4.0,4.0,5.0,5.0,3.0,4.0,4.0,5.0,4.0,4.0,4.0,5.0,4.0,3.0,4.0,4.0,3.0,4.0,4.0,5.0,4.0,5.0,3.0,4.0,5.0,2.0,4.0,9.0,4.0,3.0,3.0,2.0,3.0,3.0,3.0,4.0,4.0,4.0,3.0,3.0,3.0,3.0,3.0,3.0,3.0,3.0,3.0,3.0,3.0
E0638,R,Israel,<1y,senior,hybrid,3,3.0,2.0,4.0,4.0,2.0,3.0,3.0,4.0,4.0,2.0,2.0,4.0,3.0,3.0,2.0,3.0,1.0,2.0,2.0,3.0,2.0,3.0,2.0,3.0,4.0,3.0,3.0,8.0,3.0,3.0,2.0,2.0,3.0,2.0,5.0,3.0,4.0,3.0,5.0,3.0,4.0,5.0,5.0,3.0,3.0,3.0,3.0,4.0,3.0
E0639,Other (24),Europe,1-3y,senior,remote,3,3.0,3.0,4.0,8.0,4.0,4.0,4.0,3.0,3.0,4.0,2.0,4.0,1.0,3.0,4.0,4.0,3.0,4.0,4.0,5.0,5.0,4.0,4.0,4.0,4.0,2.0,3.0,8.0,3.0,3.0,3.0,4.0,4.0,3.0,4.0,3.0,3.0,4.0,4.0,5.0,2.0,2.0,3.0,5.0,4.0,3.0,4.0,4.0,4.0
E0640,O,US,>5y,junior,remote,3,4.0,3.0,5.0,6.0,5.0,4.0,4.0,3.0,3.0,4.0,4.0,4.0,3.0,3.0,4.0,3.0,3.0,3.0,4.0,5.0,4.0,4.0,5.0,2.0,4.0,4.0,3.0,7.0,4.0,3.0,4.0,3.0,2.0,4.0,3.0,3.0,3.0,3.0,3.0,3.0,5.0,4.0,4.0,3.0,4.0,3.0,4.0,4.0,5.0
E0641,N,Europe,1-3y,mid,hybrid,3,2.0,2.0,4.0,6.0,4.0,3.0,3.0,3.0,3.0,3.0,4.0,5.0,3.0,5.0,4.0,4.0,4.0,3.0,2.0,4.0,3.0,5.0,3.0,4.0,2.0,3.0,4.0,4.0,4.0,3.0,3.0,3.0,3.0,3.0,2.0,3.0,3.0,5.0,5.0,5.0,5.0,4.0,4.0,3.0,4.0,3.0,5.0,3.0,3.0
E0642,Other (24),India,3-5y,junior,hybrid,3,4.0,4.0,3.0,9.0,4.0,4.0,5.0,4.0,4.0,4.0,2.0,4.0,4.0,2.0,4.0,4.0,2.0,4.0,4.0,3.0,3.0,3.0,2.0,3.0,4.0,3.0,3.0,8.0,2.0,3.0,3.0,3.0,3.0,3.0,5.0,5.0,5.0,5.0,5.0,5.0,4.0,4.0,4.0,5.0,5.0,4.0,5.0,4.0,3.0
E0643,E,UK,>5y,mid,hybrid,3,4.0,4.0,5.0,9.0,5.0,5.0,4.0,4.0,3.0,4.0,4.0,4.0,3.0,2.0,4.0,4.0,4.0,4.0,3.0,4.0,4.0,4.0,3.0,4.0,5.0,5.0,3.0,9.0,4.0,5.0,5.0,4.0,3.0,5.0,3.0,4.0,4.0,4.0,5.0,3.0,4.0,3.0,4.0,4.0,5.0,5.0,4.0,4.0,4.0
E0644,D,US,3-5y,lead,hybrid,3,4.0,4.0,4.0,6.0,4.0,4.0,3.0,5.0,4.0,5.0,5.0,5.0,3.0,4.0,5.0,4.0,4.0,4.0,4.0,4.0,3.0,5.0,5.0,4.0,4.0,5.0,4.0,5.0,4.0,4.0,5.0,3.0,3.0,4.0,4.0,4.0,4.0,2.0,1.0,2.0,4.0,4.0,3.0,5.0,3.0,5.0,5.0,3.0,5.0
E0645,G,Europe,<1y,junior,hybrid,3,4.0,3.0,3.0,7.0,3.0,4.0,4.0,3.0,2.0,3.0,3.0,4.0,3.0,3.0,4.0,3.0,2.0,3.0,2.0,3.0,5.0,5.0,3.0,3.0,5.0,2.0,3.0,9.0,3.0,2.0,4.0,1.0,2.0,1.0,3.0,5.0,4.0,4.0,3.0,4.0,2.0,1.0,3.0,2.0,3.0,2.0,3.0,3.0,4.0
E0646,F,Europe,<1y,senior,hybrid,3,3.0,2.0,2.0,4.0,3.0,3.0,2.0,3.0,2.0,3.0,3.0,3.0,3.0,4.0,2.0,3.0,3.0,3.0,2.0,2.0,2.0,3.0,4.0,2.0,4.0,2.0,3.0,7.0,3.0,3.0,2.0,3.0,2.0,4.0,3.0,3.0,3.0,4.0,3.0,4.0,4.0,5.0,3.0,4.0,5.0,3.0,4.0,4.0,4.0
E0647,Q,Israel,1-3y,mid,remote,3,5.0,4.0,4.0,7.0,4.0,5.0,4.0,4.0,4.0,3.0,3.0,4.0,3.0,4.0,5.0,4.0,4.0,4.0,4.0,2.0,4.0,3.0,3.0,2.0,4.0,2.0,3.0,6.0,4.0,2.0,3.0,4.0,2.0,3.0,2.0,2.0,4.0,4.0,3.0,2.0,4.0,3.0,3.0,4.0,3.0,5.0,5.0,3.0,4.0
E0648,Other (24),US,<1y,junior,remote,3,3.0,5.0,4.0,8.0,3.0,3.0,3.0,4.0,2.0,4.0,4.0,5.0,3.0,4.0,3.0,5.0,2.0,4.0,2.0,4.0,3.0,4.0,3.0,5.0,4.0,2.0,4.0,5.0,3.0,3.0,4.0,3.0,3.0,2.0,4.0,4.0,5.0,4.0,3.0,3.0,4.0,5.0,4.0,5.0,3.0,5.0,4.0,3.0,5.0
E0649,A,India,1-3y,mid,onsite,3,3.0,5.0,3.0,7.0,4.0,3.0,4.0,4.0,4.0,3.0,3.0,3.0,4.0,4.0,3.0,3.0,2.0,3.0,4.0,3.0,4.0,4.0,3.0,5.0,4.0,1.0,5.0,8.0,3.0,1.0,5.0,3.0,3.0,2.0,4.0,5.0,4.0,5.0,4.0,4.0,4.0,5.0,4.0,3.0,3.0,5.0,5.0,4.0,4.0
E0650,F,US,<1y,lead,remote,3,3.0,5.0,4.0,7.0,4.0,3.0,3.0,4.0,3.0,4.0,3.0,3.0,2.0,5.0,4.0,5.0,4.0,3.0,3.0,3.0,3.0,5.0,4.0,4.0,4.0,3.0,3.0,7.0,4.0,3.0,4.0,4.0,4.0,5.0,5.0,4.0,4.0,3.0,4.0,3.0,3.0,3.0,4.0,5.0,4.0,4.0,3.0,4.0,3.0
E0651,A,US,<1y,mid,onsite,3,3.0,3.0,3.0,8.0,4.0,4.0,3.0,4.0,3.0,3.0,4.0,4.0,3.0,3.0,2.0,3.0,1.0,3.0,5.0,3.0,3.0,3.0,3.0,2.0,4.0,2.0,4.0,7.0,3.0,2.0,4.0,4.0,3.0,2.0,5.0,4.0,5.0,4.0,3.0,4.0,3.0,3.0,4.0,3.0,3.0,3.0,2.0,4.0,4.0
E0652,L,UK,1-3y,mid,onsite,3,3.0,4.0,5.0,4.0,4.0,4.0,4.0,3.0,5.0,4.0,2.0,4.0,3.0,4.0,4.0,4.0,3.0,3.0,3.0,5.0,4.0,4.0,4.0,4.0,4.0,3.0,5.0,8.0,3.0,4.0,4.0,5.0,4.0,3.0,4.0,3.0,4.0,3.0,3.0,2.0,4.0,4.0,5.0,4.0,4.0,5.0,5.0,5.0,4.0
E0653,R,India,>5y,lead,hybrid,3,3.0,4.0,4.0,8.0,4.0,4.0,2.0,5.0,2.0,4.0,4.0,4.0,4.0,3.0,3.0,4.0,2.0,3.0,4.0,4.0,3.0,4.0,3.0,2.0,4.0,2.0,4.0,7.0,4.0,1.0,5.0,2.0,3.0,2.0,3.0,4.0,4.0,5.0,4.0,4.0,3.0,4.0,3.0,4.0,4.0,5.0,4.0,3.0,3.0
E0654,B,Israel,1-3y,mid,hybrid,3,4.0,4.0,4.0,6.0,3.0,3.0,3.0,5.0,5.0,4.0,4.0,4.0,4.0,5.0,3.0,5.0,3.0,3.0,3.0,5.0,3.0,4.0,5.0,5.0,5.0,3.0,5.0,9.0,5.0,3.0,4.0,3.0,2.0,3.0,4.0,4.0,5.0,4.0,5.0,5.0,3.0,4.0,3.0,3.0,3.0,4.0,3.0,3.0,4.0
E0655,Other (24),UK,3-5y,junior,hybrid,3,4.0,4.0,4.0,8.0,5.0,5.0,4.0,5.0,3.0,4.0,3.0,4.0,4.0,2.0,3.0,3.0,2.0,5.0,3.0,5.0,4.0,2.0,3.0,4.0,2.0,4.0,3.0,8.0,3.0,3.0,4.0,4.0,3.0,3.0,5.0,5.0,5.0,5.0,5.0,5.0,5.0,5.0,5.0,5.0,5.0,5.0,5.0,4.0,5.0
E0656,Other (24),UK,1-3y,junior,remote,3,2.0,3.0,4.0,7.0,2.0,3.0,3.0,4.0,4.0,4.0,2.0,3.0,4.0,2.0,1.0,4.0,3.0,3.0,3.0,4.0,3.0,3.0,3.0,3.0,3.0,2.0,2.0,6.0,2.0,2.0,2.0,3.0,3.0,2.0,3.0,3.0,3.0,3.0,3.0,2.0,5.0,3.0,4.0,4.0,4.0,4.0,3.0,4.0,2.0
E0657,I,UK,>5y,junior,hybrid,3,3.0,5.0,5.0,9.0,5.0,4.0,5.0,5.0,3.0,4.0,4.0,3.0,4.0,4.0,3.0,4.0,5.0,4.0,4.0,3.0,4.0,5.0,4.0,4.0,5.0,3.0,5.0,7.0,3.0,3.0,4.0,3.0,3.0,4.0,5.0,5.0,4.0,4.0,3.0,3.0,3.0,3.0,3.0,3.0,4.0,3.0,4.0,5.0,4.0
E0658,R,Europe,>5y,lead,hybrid,3,4.0,5.0,3.0,10.0,5.0,5.0,3.0,4.0,4.0,4.0,3.0,5.0,2.0,2.0,3.0,5.0,4.0,5.0,3.0,3.0,3.0,4.0,2.0,3.0,4.0,3.0,4.0,8.0,4.0,4.0,5.0,3.0,4.0,4.0,5.0,4.0,4.0,4.0,3.0,3.0,4.0,4.0,4.0,5.0,4.0,4.0,4.0,4.0,4.0
E0659,N,UK,>5y,mid,remote,3,3.0,3.0,5.0,8.0,5.0,5.0,4.0,4.0,4.0,4.0,4.0,4.0,4.0,4.0,5.0,4.0,3.0,4.0,4.0,4.0,4.0,5.0,3.0,4.0,2.0,3.0,4.0,6.0,4.0,4.0,4.0,3.0,3.0,5.0,3.0,4.0,5.0,4.0,4.0,4.0,5.0,5.0,5.0,3.0,5.0,5.0,5.0,3.0,3.0
E0660,C,UK,1-3y,mid,remote,3,4.0,3.0,5.0,7.0,4.0,4.0,2.0,3.0,4.0,5.0,5.0,4.0,5.0,4.0,5.0,5.0,5.0,4.0,3.0,4.0,4.0,3.0,4.0,5.0,5.0,5.0,4.0,10.0,4.0,4.0,4.0,3.0,3.0,3.0,4.0,4.0,3.0,4.0,5.0,3.0,2.0,3.0,2.0,5.0,5.0,5.0,3.0,4.0,2.0
E0661,J,UK,>5y,junior,hybrid,3,4.0,4.0,3.0,5.0,4.0,3.0,3.0,5.0,2.0,3.0,2.0,4.0,4.0,4.0,4.0,4.0,4.0,4.0,4.0,4.0,4.0,2.0,3.0,2.0,3.0,2.0,3.0,6.0,3.0,4.0,4.0,4.0,3.0,4.0,4.0,3.0,4.0,4.0,5.0,3.0,4.0,4.0,4.0,3.0,4.0,3.0,4.0,5.0,3.0
E0662,Other (24),UK,3-5y,mid,hybrid,3,4.0,3.0,4.0,5.0,2.0,4.0,3.0,2.0,2.0,3.0,1.0,2.0,1.0,2.0,3.0,3.0,2.0,4.0,2.0,3.0,4.0,2.0,3.0,4.0,4.0,2.0,2.0,5.0,3.0,2.0,3.0,2.0,3.0,2.0,4.0,3.0,4.0,3.0,2.0,3.0,4.0,3.0,4.0,3.0,3.0,4.0,5.0,3.0,2.0
E0663,E,UK,<1y,lead,remote,3,3.0,3.0,5.0,10.0,4.0,4.0,4.0,4.0,2.0,3.0,4.0,4.0,4.0,3.0,3.0,4.0,4.0,3.0,3.0,4.0,4.0,5.0,4.0,4.0,4.0,4.0,3.0,8.0,4.0,3.0,3.0,2.0,2.0,3.0,4.0,4.0,4.0,3.0,3.0,3.0,3.0,4.0,3.0,4.0,4.0,4.0,5.0,3.0,3.0
E0664,Other (24),US,1-3y,mid,hybrid,3,4.0,3.0,3.0,3.0,3.0,4.0,3.0,3.0,3.0,3.0,3.0,5.0,3.0,3.0,3.0,4.0,2.0,4.0,3.0,3.0,3.0,3.0,4.0,3.0,4.0,3.0,3.0,6.0,3.0,2.0,3.0,3.0,3.0,2.0,2.0,3.0,3.0,5.0,3.0,3.0,4.0,4.0,3.0,4.0,3.0,4.0,3.0,3.0,5.0
E0665,D,Israel,3-5y,senior,hybrid,3,3.0,2.0,5.0,5.0,4.0,3.0,3.0,4.0,4.0,4.0,5.0,5.0,3.0,2.0,5.0,3.0,3.0,2.0,3.0,4.0,3.0,5.0,4.0,4.0,5.0,5.0,4.0,7.0,3.0,4.0,4.0,4.0,2.0,5.0,3.0,3.0,3.0,3.0,4.0,3.0,5.0,4.0,4.0,4.0,5.0,4.0,3.0,3.0,2.0
E0666,C,US,1-3y,junior,remote,3,4.0,3.0,5.0,7.0,5.0,5.0,4.0,3.0,3.0,5.0,4.0,4.0,4.0,4.0,3.0,4.0,5.0,4.0,3.0,3.0,3.0,3.0,4.0,3.0,5.0,5.0,2.0,7.0,3.0,4.0,4.0,5.0,3.0,3.0,5.0,5.0,4.0,5.0,5.0,5.0,3.0,4.0,4.0,5.0,4.0,4.0,3.0,5.0,3.0
E0667,N,US,1-3y,senior,onsite,3,3.0,4.0,4.0,8.0,5.0,4.0,3.0,5.0,3.0,4.0,3.0,4.0,3.0,5.0,5.0,5.0,4.0,3.0,5.0,5.0,4.0,4.0,4.0,5.0,4.0,3.0,4.0,7.0,5.0,3.0,5.0,4.0,4.0,4.0,4.0,5.0,3.0,3.0,3.0,5.0,3.0,3.0,4.0,4.0,4.0,3.0,3.0,3.0,5.0
E0668,Other (24),Europe,3-5y,senior,hybrid,3,4.0,4.0,5.0,7.0,4.0,4.0,4.0,4.0,3.0,4.0,3.0,5.0,2.0,3.0,4.0,4.0,1.0,5.0,4.0,5.0,5.0,3.0,4.0,4.0,4.0,2.0,3.0,8.0,4.0,2.0,4.0,2.0,2.0,1.0,4.0,4.0,3.0,5.0,3.0,4.0,3.0,4.0,3.0,3.0,3.0,5.0,4.0,3.0,3.0
E0669,P,UK,3-5y,mid,hybrid,3,4.0,3.0,4.0,6.0,5.0,5.0,3.0,3.0,3.0,5.0,4.0,5.0,2.0,4.0,4.0,4.0,4.0,4.0,2.0,3.0,4.0,4.0,5.0,3.0,5.0,4.0,5.0,6.0,5.0,4.0,5.0,2.0,2.0,4.0,4.0,4.0,4.0,3.0,5.0,2.0,4.0,3.0,4.0,4.0,3.0,3.0,3.0,3.0,4.0
E0670,Other (24),Europe,3-5y,junior,remote,3,5.0,4.0,4.0,8.0,3.0,5.0,5.0,3.0,3.0,4.0,3.0,4.0,2.0,3.0,4.0,4.0,2.0,4.0,4.0,3.0,2.0,3.0,2.0,4.0,5.0,2.0,3.0,6.0,2.0,3.0,4.0,3.0,4.0,2.0,4.0,4.0,5.0,4.0,5.0,4.0,3.0,3.0,4.0,3.0,5.0,4.0,3.0,4.0,3.0
E0671,L,UK,1-3y,mid,remote,3,3.0,3.0,4.0,3.0,3.0,5.0,4.0,2.0,4.0,4.0,3.0,3.0,3.0,1.0,4.0,4.0,2.0,5.0,3.0,4.0,3.0,3.0,3.0,4.0,2.0,2.0,4.0,6.0,2.0,2.0,2.0,2.0,2.0,1.0,4.0,5.0,3.0,3.0,4.0,4.0,4.0,2.0,4.0,3.0,3.0,3.0,4.0,4.0,3.0
E0672,C,UK,3-5y,junior,hybrid,3,3.0,3.0,5.0,9.0,4.0,4.0,2.0,5.0,3.0,4.0,3.0,3.0,3.0,3.0,3.0,4.0,2.0,3.0,3.0,4.0,3.0,2.0,4.0,3.0,5.0,5.0,4.0,7.0,4.0,3.0,5.0,3.0,3.0,2.0,4.0,3.0,4.0,5.0,5.0,5.0,5.0,5.0,5.0,4.0,4.0,5.0,4.0,3.0,3.0
E0673,B,India,1-3y,mid,remote,3,3.0,4.0,5.0,10.0,3.0,3.0,3.0,3.0,5.0,5.0,5.0,5.0,4.0,3.0,3.0,5.0,3.0,2.0,3.0,5.0,4.0,4.0,5.0,5.0,5.0,2.0,5.0,7.0,3.0,3.0,4.0,3.0,4.0,3.0,3.0,4.0,5.0,3.0,3.0,2.0,5.0,5.0,5.0,4.0,3.0,5.0,5.0,4.0,3.0
E0674,N,UK,<1y,mid,hybrid,3,4.0,2.0,3.0,6.0,4.0,4.0,3.0,2.0,4.0,4.0,3.0,4.0,4.0,5.0,4.0,3.0,4.0,3.0,2.0,4.0,4.0,5.0,3.0,5.0,3.0,3.0,4.0,5.0,3.0,4.0,4.0,4.0,3.0,5.0,2.0,3.0,3.0,3.0,2.0,3.0,3.0,3.0,4.0,3.0,3.0,3.0,3.0,4.0,3.0
E0675,P,US,<1y,mid,onsite,3,4.0,5.0,4.0,10.0,5.0,4.0,3.0,5.0,2.0,5.0,4.0,5.0,3.0,4.0,4.0,5.0,3.0,4.0,4.0,4.0,3.0,5.0,4.0,5.0,4.0,5.0,4.0,10.0,5.0,3.0,5.0,4.0,3.0,4.0,4.0,5.0,4.0,4.0,4.0,4.0,5.0,4.0,3.0,4.0,4.0,4.0,3.0,3.0,3.0
E0676,H,Europe,3-5y,mid,onsite,3,5.0,5.0,5.0,10.0,4.0,5.0,5.0,5.0,3.0,5.0,5.0,5.0,5.0,5.0,4.0,5.0,4.0,5.0,5.0,5.0,5.0,5.0,5.0,5.0,5.0,5.0,5.0,8.0,4.0,5.0,5.0,3.0,4.0,4.0,5.0,4.0,4.0,5.0,5.0,4.0,4.0,3.0,4.0,4.0,4.0,5.0,4.0,4.0,5.0
E0677,Other (24),US,1-3y,mid,hybrid,3,4.0,4.0,4.0,8.0,4.0,5.0,3.0,5.0,5.0,3.0,4.0,3.0,4.0,3.0,3.0,3.0,2.0,2.0,3.0,4.0,4.0,3.0,2.0,3.0,3.0,2.0,4.0,6.0,4.0,3.0,4.0,2.0,3.0,3.0,4.0,5.0,3.0,4.0,3.0,2.0,5.0,4.0,4.0,4.0,5.0,4.0,4.0,4.0,5.0
E0678,I,Europe,1-3y,junior,hybrid,3,3.0,3.0,5.0,5.0,3.0,3.0,2.0,3.0,3.0,5.0,4.0,4.0,4.0,5.0,1.0,3.0,4.0,3.0,4.0,5.0,3.0,4.0,5.0,5.0,5.0,4.0,4.0,8.0,4.0,4.0,3.0,5.0,5.0,3.0,2.0,3.0,2.0,3.0,3.0,4.0,4.0,3.0,5.0,4.0,5.0,3.0,3.0,3.0,4.0
E0679,M,US,1-3y,lead,hybrid,3,5.0,3.0,5.0,5.0,3.0,4.0,4.0,2.0,2.0,5.0,4.0,4.0,2.0,4.0,5.0,4.0,3.0,4.0,4.0,5.0,5.0,3.0,4.0,4.0,5.0,4.0,3.0,5.0,4.0,3.0,3.0,3.0,2.0,3.0,5.0,5.0,4.0,3.0,4.0,3.0,5.0,5.0,4.0,3.0,5.0,4.0,4.0,3.0,4.0
E0680,P,India,>5y,mid,hybrid,3,3.0,4.0,4.0,7.0,5.0,3.0,4.0,5.0,3.0,4.0,4.0,4.0,3.0,5.0,4.0,4.0,1.0,3.0,5.0,4.0,4.0,4.0,4.0,5.0,5.0,3.0,5.0,8.0,5.0,2.0,5.0,2.0,1.0,1.0,5.0,5.0,4.0,5.0,3.0,4.0,3.0,2.0,4.0,4.0,2.0,4.0,2.0,3.0,3.0
E0681,Q,Israel,<1y,senior,hybrid,3,5.0,4.0,5.0,8.0,4.0,5.0,4.0,5.0,4.0,5.0,5.0,5.0,4.0,4.0,5.0,5.0,5.0,4.0,4.0,5.0,5.0,5.0,5.0,4.0,5.0,3.0,5.0,8.0,5.0,3.0,4.0,4.0,3.0,4.0,5.0,4.0,5.0,4.0,3.0,4.0,5.0,5.0,5.0,4.0,5.0,5.0,5.0,4.0,4.0
E0682,C,Europe,1-3y,senior,hybrid,3,4.0,3.0,5.0,5.0,4.0,3.0,2.0,2.0,4.0,3.0,2.0,3.0,4.0,4.0,4.0,3.0,4.0,3.0,3.0,4.0,3.0,4.0,4.0,5.0,4.0,4.0,3.0,7.0,4.0,3.0,5.0,4.0,2.0,3.0,3.0,3.0,2.0,4.0,4.0,4.0,4.0,4.0,3.0,4.0,5.0,3.0,4.0,4.0,4.0
E0683,Other (24),UK,<1y,senior,remote,3,3.0,4.0,4.0,7.0,4.0,4.0,4.0,4.0,4.0,3.0,3.0,4.0,4.0,4.0,4.0,4.0,2.0,5.0,3.0,4.0,3.0,4.0,3.0,5.0,5.0,3.0,4.0,7.0,3.0,1.0,4.0,4.0,3.0,3.0,4.0,5.0,4.0,4.0,3.0,4.0,5.0,3.0,4.0,4.0,5.0,5.0,4.0,3.0,2.0
E0684,L,Europe,1-3y,mid,hybrid,3,5.0,4.0,5.0,6.0,5.0,5.0,5.0,4.0,5.0,5.0,3.0,3.0,5.0,5.0,4.0,5.0,3.0,4.0,3.0,5.0,4.0,5.0,4.0,5.0,5.0,4.0,5.0,10.0,5.0,4.0,5.0,4.0,4.0,3.0,5.0,5.0,5.0,5.0,5.0,5.0,5.0,5.0,5.0,4.0,4.0,5.0,4.0,5.0,4.0
E0685,F,Europe,<1y,junior,remote,3,4.0,2.0,2.0,4.0,2.0,4.0,3.0,4.0,4.0,2.0,1.0,1.0,3.0,2.0,4.0,1.0,3.0,3.0,2.0,1.0,3.0,3.0,2.0,3.0,2.0,2.0,2.0,9.0,2.0,3.0,4.0,3.0,3.0,4.0,4.0,2.0,2.0,3.0,4.0,4.0,4.0,4.0,5.0,3.0,4.0,3.0,3.0,3.0,4.0
E0686,M,Israel,>5y,junior,hybrid,3,4.0,5.0,4.0,8.0,5.0,4.0,4.0,4.0,3.0,5.0,3.0,4.0,3.0,2.0,5.0,3.0,3.0,4.0,4.0,5.0,4.0,3.0,4.0,4.0,4.0,3.0,4.0,7.0,2.0,3.0,5.0,3.0,2.0,3.0,4.0,4.0,4.0,4.0,5.0,4.0,4.0,2.0,4.0,3.0,5.0,5.0,4.0,4.0,4.0
E0687,K,Israel,>5y,junior,hybrid,3,2.0,3.0,5.0,1.0,3.0,3.0,3.0,2.0,3.0,5.0,5.0,5.0,2.0,4.0,2.0,5.0,2.0,3.0,3.0,5.0,3.0,4.0,5.0,4.0,5.0,3.0,5.0,6.0,4.0,3.0,3.0,3.0,3.0,4.0,5.0,3.0,4.0,3.0,3.0,4.0,5.0,4.0,5.0,3.0,4.0,4.0,4.0,3.0,4.0
E0688,M,US,>5y,mid,onsite,3,4.0,1.0,4.0,5.0,3.0,3.0,4.0,3.0,4.0,3.0,3.0,2.0,3.0,2.0,2.0,4.0,3.0,3.0,3.0,5.0,4.0,2.0,3.0,3.0,4.0,4.0,4.0,8.0,3.0,2.0,3.0,3.0,3.0,3.0,4.0,4.0,5.0,5.0,3.0,4.0,4.0,5.0,4.0,3.0,4.0,4.0,4.0,2.0,3.0
E0689,N,UK,>5y,mid,remote,3,2.0,3.0,5.0,6.0,5.0,3.0,3.0,4.0,3.0,3.0,4.0,5.0,4.0,5.0,4.0,4.0,4.0,4.0,4.0,5.0,3.0,4.0,4.0,4.0,4.0,4.0,5.0,5.0,4.0,4.0,5.0,3.0,3.0,4.0,5.0,4.0,5.0,4.0,3.0,3.0,4.0,4.0,4.0,5.0,4.0,4.0,4.0,2.0,3.0
E0690,D,US,<1y,mid,hybrid,3,4.0,4.0,5.0,6.0,4.0,3.0,2.0,4.0,3.0,5.0,3.0,4.0,3.0,4.0,4.0,4.0,2.0,3.0,3.0,5.0,2.0,5.0,5.0,4.0,5.0,3.0,5.0,6.0,3.0,3.0,4.0,3.0,1.0,3.0,5.0,5.0,5.0,5.0,4.0,5.0,3.0,4.0,4.0,2.0,3.0,4.0,3.0,3.0,3.0
E0691,C,US,<1y,junior,remote,3,4.0,5.0,3.0,8.0,5.0,3.0,4.0,4.0,4.0,4.0,4.0,4.0,4.0,4.0,4.0,3.0,4.0,4.0,4.0,4.0,3.0,3.0,3.0,4.0,3.0,3.0,2.0,9.0,3.0,2.0,5.0,2.0,2.0,2.0,5.0,5.0,4.0,4.0,3.0,4.0,2.0,3.0,3.0,3.0,3.0,4.0,4.0,3.0,4.0
E0692,Other (24),Israel,1-3y,mid,onsite,3,4.0,4.0,3.0,6.0,2.0,3.0,4.0,3.0,3.0,2.0,4.0,3.0,2.0,3.0,2.0,3.0,2.0,4.0,3.0,4.0,3.0,3.0,2.0,4.0,3.0,3.0,3.0,8.0,3.0,2.0,4.0,2.0,2.0,2.0,3.0,5.0,3.0,3.0,3.0,3.0,4.0,5.0,4.0,3.0,4.0,4.0,4.0,4.0,3.0
E0693,Q,UK,<1y,mid,hybrid,3,4.0,3.0,4.0,8.0,5.0,4.0,4.0,4.0,5.0,3.0,5.0,4.0,4.0,5.0,5.0,5.0,3.0,3.0,5.0,5.0,4.0,5.0,4.0,4.0,5.0,3.0,5.0,5.0,5.0,3.0,5.0,4.0,3.0,4.0,5.0,4.0,4.0,3.0,3.0,3.0,3.0,5.0,4.0,4.0,5.0,4.0,4.0,3.0,4.0
E0694,D,Israel,>5y,mid,hybrid,3,5.0,4.0,5.0,7.0,5.0,4.0,3.0,5.0,4.0,5.0,3.0,3.0,3.0,5.0,5.0,5.0,3.0,4.0,5.0,5.0,3.0,5.0,4.0,5.0,5.0,4.0,4.0,6.0,3.0,4.0,5.0,3.0,2.0,3.0,4.0,5.0,3.0,5.0,5.0,5.0,4.0,5.0,5.0,3.0,4.0,3.0,3.0,4.0,5.0
E0695,P,UK,<1y,junior,onsite,3,4.0,5.0,5.0,8.0,5.0,4.0,3.0,5.0,3.0,5.0,5.0,5.0,4.0,5.0,4.0,5.0,4.0,3.0,4.0,4.0,5.0,5.0,5.0,5.0,5.0,3.0,5.0,9.0,5.0,5.0,5.0,3.0,4.0,3.0,4.0,5.0,5.0,3.0,5.0,4.0,5.0,5.0,5.0,5.0,5.0,5.0,5.0,5.0,4.0
E0696,A,US,<1y,mid,remote,3,4.0,4.0,3.0,10.0,3.0,5.0,4.0,4.0,4.0,4.0,3.0,3.0,5.0,4.0,4.0,4.0,3.0,5.0,5.0,3.0,4.0,3.0,3.0,4.0,4.0,4.0,5.0,10.0,4.0,4.0,5.0,5.0,3.0,3.0,5.0,4.0,4.0,4.0,4.0,4.0,4.0,5.0,5.0,4.0,4.0,3.0,4.0,3.0,3.0
E0697,C,US,1-3y,mid,remote,3,4.0,3.0,4.0,5.0,4.0,4.0,4.0,3.0,4.0,4.0,3.0,4.0,4.0,2.0,4.0,5.0,1.0,5.0,3.0,2.0,3.0,3.0,5.0,3.0,4.0,2.0,3.0,8.0,4.0,2.0,4.0,2.0,2.0,2.0,5.0,5.0,5.0,4.0,3.0,4.0,3.0,4.0,1.0,2.0,2.0,4.0,4.0,3.0,2.0
E0698,D,UK,<1y,lead,onsite,3,4.0,3.0,3.0,4.0,4.0,4.0,2.0,2.0,4.0,3.0,4.0,4.0,3.0,3.0,4.0,3.0,3.0,3.0,2.0,3.0,4.0,3.0,4.0,3.0,4.0,4.0,4.0,6.0,3.0,5.0,3.0,5.0,3.0,5.0,3.0,4.0,5.0,4.0,4.0,4.0,3.0,3.0,3.0,5.0,4.0,3.0,3.0,3.0,4.0
E0699,N,US,3-5y,mid,hybrid,3,3.0,4.0,3.0,6.0,4.0,4.0,3.0,4.0,3.0,4.0,3.0,4.0,4.0,3.0,3.0,3.0,3.0,3.0,3.0,5.0,4.0,4.0,3.0,2.0,4.0,3.0,3.0,7.0,5.0,4.0,4.0,4.0,3.0,4.0,2.0,5.0,4.0,5.0,3.0,3.0,3.0,4.0,4.0,4.0,3.0,3.0,5.0,1.0,2.0
E0700,Other (24),Israel,1-3y,junior,hybrid,3,4.0,5.0,3.0,7.0,3.0,4.0,4.0,4.0,3.0,2.0,2.0,3.0,4.0,2.0,4.0,3.0,1.0,2.0,4.0,4.0,2.0,2.0,2.0,2.0,3.0,3.0,3.0,9.0,1.0,2.0,4.0,4.0,3.0,2.0,4.0,4.0,4.0,3.0,2.0,3.0,4.0,3.0,4.0,3.0,4.0,3.0,3.0,4.0,4.0
E0701,Other (24),Europe,3-5y,senior,hybrid,3,4.0,3.0,3.0,7.0,4.0,4.0,4.0,3.0,2.0,3.0,4.0,4.0,2.0,3.0,4.0,5.0,1.0,4.0,2.0,4.0,4.0,3.0,3.0,4.0,5.0,2.0,3.0,6.0,3.0,2.0,4.0,3.0,3.0,2.0,3.0,4.0,4.0,4.0,4.0,4.0,4.0,4.0,4.0,5.0,3.0,5.0,5.0,3.0,3.0
E0702,Q,US,1-3y,mid,remote,3,3.0,1.0,3.0,5.0,4.0,3.0,2.0,3.0,4.0,1.0,3.0,3.0,2.0,4.0,3.0,2.0,4.0,4.0,2.0,3.0,4.0,1.0,3.0,2.0,3.0,3.0,3.0,3.0,3.0,2.0,2.0,3.0,3.0,3.0,2.0,2.0,2.0,3.0,1.0,1.0,4.0,3.0,4.0,4.0,4.0,3.0,3.0,2.0,2.0
E0703,K,US,1-3y,lead,onsite,3,4.0,3.0,5.0,8.0,3.0,3.0,2.0,3.0,4.0,4.0,5.0,4.0,3.0,3.0,3.0,4.0,3.0,4.0,4.0,4.0,3.0,4.0,3.0,3.0,5.0,3.0,5.0,7.0,5.0,3.0,3.0,2.0,2.0,4.0,4.0,4.0,3.0,4.0,4.0,5.0,4.0,3.0,4.0,4.0,4.0,4.0,4.0,3.0,3.0
E0704,B,US,<1y,junior,onsite,3,5.0,5.0,4.0,7.0,4.0,5.0,5.0,5.0,2.0,3.0,2.0,4.0,3.0,3.0,4.0,3.0,4.0,4.0,4.0,4.0,5.0,4.0,4.0,5.0,5.0,3.0,5.0,5.0,3.0,4.0,5.0,3.0,2.0,3.0,3.0,4.0,4.0,4.0,3.0,4.0,5.0,4.0,5.0,5.0,3.0,5.0,4.0,3.0,4.0
E0705,Other (24),UK,1-3y,mid,onsite,3,4.0,3.0,4.0,9.0,4.0,5.0,5.0,4.0,5.0,3.0,3.0,4.0,4.0,3.0,4.0,3.0,3.0,5.0,3.0,4.0,5.0,4.0,4.0,4.0,4.0,3.0,4.0,9.0,4.0,3.0,5.0,3.0,5.0,2.0,5.0,4.0,5.0,4.0,5.0,5.0,5.0,5.0,5.0,5.0,4.0,5.0,5.0,5.0,5.0
E0706,R,UK,3-5y,senior,hybrid,3,5.0,5.0,5.0,10.0,5.0,5.0,5.0,5.0,5.0,5.0,5.0,4.0,3.0,4.0,4.0,5.0,5.0,4.0,4.0,4.0,5.0,5.0,4.0,4.0,5.0,5.0,5.0,8.0,4.0,4.0,5.0,4.0,4.0,5.0,5.0,5.0,5.0,3.0,4.0,5.0,5.0,5.0,4.0,5.0,5.0,5.0,5.0,4.0,4.0
E0707,Other (24),UK,<1y,lead,remote,3,4.0,4.0,4.0,7.0,4.0,5.0,4.0,4.0,4.0,5.0,4.0,4.0,3.0,4.0,3.0,4.0,3.0,5.0,4.0,5.0,4.0,4.0,4.0,3.0,4.0,3.0,5.0,7.0,4.0,3.0,4.0,3.0,2.0,3.0,3.0,4.0,3.0,4.0,3.0,2.0,3.0,4.0,4.0,5.0,4.0,4.0,5.0,4.0,4.0
E0708,Other (24),US,1-3y,junior,hybrid,3,4.0,4.0,4.0,5.0,3.0,4.0,4.0,3.0,3.0,4.0,3.0,4.0,3.0,3.0,3.0,4.0,2.0,4.0,3.0,4.0,4.0,4.0,3.0,4.0,5.0,3.0,4.0,7.0,4.0,3.0,3.0,3.0,3.0,2.0,4.0,4.0,4.0,4.0,5.0,3.0,3.0,4.0,4.0,4.0,4.0,4.0,5.0,4.0,3.0
E0709,Other (24),US,>5y,mid,remote,3,3.0,5.0,4.0,10.0,5.0,4.0,3.0,4.0,3.0,4.0,4.0,4.0,2.0,3.0,2.0,4.0,2.0,4.0,5.0,2.0,3.0,5.0,3.0,2.0,4.0,2.0,3.0,6.0,4.0,1.0,5.0,3.0,2.0,1.0,5.0,5.0,5.0,4.0,4.0,4.0,4.0,5.0,5.0,4.0,4.0,4.0,4.0,3.0,2.0
E0710,G,India,<1y,junior,hybrid,3,4.0,5.0,1.0,7.0,3.0,5.0,3.0,4.0,3.0,2.0,1.0,2.0,3.0,3.0,3.0,2.0,2.0,3.0,4.0,3.0,5.0,3.0,2.0,2.0,3.0,2.0,3.0,9.0,1.0,2.0,3.0,3.0,4.0,3.0,4.0,5.0,5.0,3.0,3.0,2.0,4.0,4.0,4.0,4.0,4.0,3.0,4.0,3.0,4.0
E0711,Other (24),US,<1y,mid,hybrid,3,2.0,3.0,4.0,6.0,4.0,3.0,3.0,4.0,3.0,4.0,3.0,5.0,4.0,3.0,2.0,4.0,2.0,1.0,3.0,4.0,3.0,4.0,4.0,4.0,2.0,2.0,4.0,3.0,3.0,3.0,3.0,3.0,4.0,2.0,4.0,3.0,3.0,3.0,2.0,3.0,3.0,4.0,5.0,4.0,4.0,3.0,4.0,3.0,4.0
E0712,L,US,<1y,junior,hybrid,3,4.0,4.0,4.0,5.0,4.0,4.0,4.0,2.0,3.0,4.0,3.0,3.0,1.0,2.0,3.0,3.0,2.0,4.0,2.0,3.0,2.0,3.0,2.0,3.0,5.0,2.0,4.0,9.0,1.0,4.0,3.0,2.0,2.0,2.0,3.0,4.0,4.0,4.0,5.0,4.0,3.0,4.0,3.0,4.0,5.0,5.0,4.0,4.0,4.0
E0713,N,Israel,1-3y,mid,onsite,3,5.0,3.0,5.0,9.0,4.0,4.0,4.0,5.0,3.0,3.0,4.0,4.0,3.0,4.0,4.0,3.0,3.0,4.0,4.0,5.0,5.0,5.0,3.0,5.0,3.0,4.0,5.0,6.0,4.0,4.0,5.0,5.0,4.0,5.0,4.0,5.0,4.0,4.0,5.0,3.0,4.0,5.0,4.0,5.0,5.0,2.0,3.0,4.0,4.0
E0714,M,US,1-3y,lead,remote,3,4.0,3.0,3.0,8.0,4.0,4.0,4.0,2.0,3.0,3.0,2.0,4.0,3.0,2.0,3.0,3.0,3.0,3.0,3.0,4.0,3.0,2.0,2.0,3.0,3.0,3.0,3.0,4.0,3.0,4.0,5.0,2.0,1.0,3.0,4.0,5.0,4.0,5.0,3.0,3.0,4.0,3.0,4.0,2.0,4.0,4.0,4.0,3.0,3.0
E0715,R,UK,1-3y,mid,hybrid,3,3.0,5.0,4.0,7.0,4.0,4.0,4.0,5.0,5.0,5.0,4.0,4.0,4.0,4.0,3.0,5.0,3.0,3.0,4.0,4.0,4.0,3.0,4.0,5.0,3.0,3.0,4.0,10.0,4.0,3.0,4.0,4.0,3.0,2.0,5.0,4.0,4.0,3.0,5.0,5.0,5.0,5.0,5.0,4.0,4.0,3.0,5.0,4.0,3.0
E0716,I,Europe,1-3y,senior,remote,3,5.0,3.0,5.0,10.0,5.0,5.0,4.0,5.0,4.0,4.0,3.0,4.0,2.0,4.0,4.0,4.0,3.0,5.0,5.0,5.0,5.0,5.0,4.0,4.0,4.0,3.0,4.0,10.0,3.0,3.0,5.0,3.0,4.0,4.0,3.0,5.0,3.0,3.0,2.0,2.0,5.0,5.0,5.0,4.0,4.0,3.0,3.0,4.0,5.0
E0717,Other (24),Israel,>5y,mid,hybrid,3,3.0,4.0,4.0,3.0,2.0,4.0,3.0,2.0,5.0,3.0,3.0,3.0,4.0,2.0,3.0,3.0,1.0,4.0,1.0,3.0,4.0,3.0,3.0,3.0,4.0,2.0,3.0,7.0,3.0,1.0,3.0,2.0,2.0,1.0,4.0,3.0,3.0,4.0,4.0,3.0,3.0,3.0,3.0,3.0,3.0,4.0,3.0,2.0,3.0
E0718,E,Europe,<1y,junior,onsite,3,4.0,4.0,4.0,8.0,4.0,4.0,3.0,4.0,4.0,2.0,3.0,3.0,5.0,2.0,2.0,3.0,2.0,4.0,4.0,4.0,3.0,2.0,2.0,3.0,4.0,2.0,3.0,10.0,3.0,2.0,5.0,2.0,1.0,3.0,5.0,4.0,4.0,4.0,3.0,4.0,3.0,3.0,3.0,2.0,2.0,3.0,4.0,2.0,3.0
E0719,Other (24),US,1-3y,lead,hybrid,3,2.0,3.0,4.0,6.0,4.0,3.0,3.0,3.0,3.0,4.0,2.0,4.0,3.0,2.0,2.0,2.0,2.0,2.0,3.0,4.0,3.0,3.0,3.0,3.0,4.0,3.0,2.0,7.0,4.0,2.0,3.0,4.0,4.0,3.0,3.0,2.0,3.0,3.0,4.0,4.0,5.0,3.0,4.0,4.0,3.0,3.0,3.0,4.0,3.0
E0720,N,India,<1y,lead,onsite,3,3.0,4.0,4.0,8.0,5.0,4.0,4.0,5.0,3.0,3.0,4.0,4.0,2.0,4.0,4.0,3.0,3.0,4.0,3.0,4.0,3.0,4.0,4.0,3.0,3.0,2.0,3.0,6.0,3.0,1.0,5.0,3.0,3.0,3.0,3.0,3.0,5.0,3.0,4.0,4.0,2.0,2.0,1.0,2.0,3.0,4.0,4.0,4.0,4.0
E0721,Other (24),UK,3-5y,senior,hybrid,3,3.0,4.0,4.0,9.0,2.0,3.0,3.0,2.0,3.0,5.0,3.0,4.0,2.0,2.0,1.0,4.0,3.0,3.0,5.0,4.0,3.0,3.0,4.0,4.0,4.0,3.0,4.0,8.0,3.0,2.0,3.0,4.0,4.0,4.0,3.0,5.0,3.0,4.0,3.0,4.0,3.0,4.0,4.0,4.0,4.0,4.0,4.0,3.0,3.0
E0722,I,UK,<1y,mid,hybrid,3,3.0,2.0,4.0,5.0,3.0,5.0,3.0,4.0,5.0,4.0,2.0,3.0,4.0,4.0,4.0,3.0,4.0,3.0,3.0,3.0,5.0,3.0,2.0,3.0,4.0,3.0,4.0,10.0,3.0,3.0,3.0,2.0,2.0,2.0,3.0,3.0,3.0,3.0,3.0,2.0,2.0,2.0,3.0,4.0,3.0,4.0,3.0,3.0,3.0
E0723,I,US,1-3y,junior,hybrid,3,2.0,4.0,5.0,8.0,4.0,4.0,3.0,5.0,3.0,5.0,4.0,3.0,3.0,5.0,3.0,4.0,1.0,2.0,5.0,5.0,2.0,5.0,5.0,5.0,5.0,1.0,5.0,9.0,3.0,1.0,5.0,1.0,1.0,1.0,3.0,4.0,4.0,4.0,3.0,3.0,4.0,3.0,4.0,2.0,2.0,4.0,3.0,3.0,4.0
E0724,Other (24),Israel,1-3y,mid,hybrid,3,4.0,4.0,3.0,7.0,4.0,4.0,4.0,2.0,3.0,3.0,3.0,4.0,3.0,2.0,5.0,4.0,3.0,5.0,3.0,5.0,5.0,3.0,3.0,3.0,4.0,2.0,3.0,8.0,3.0,2.0,3.0,3.0,4.0,2.0,3.0,4.0,3.0,4.0,5.0,4.0,3.0,3.0,3.0,4.0,5.0,3.0,3.0,3.0,3.0
E0725,Q,Europe,1-3y,mid,hybrid,3,2.0,3.0,3.0,5.0,5.0,2.0,3.0,3.0,3.0,3.0,3.0,4.0,4.0,3.0,2.0,4.0,2.0,3.0,3.0,4.0,3.0,2.0,3.0,3.0,3.0,2.0,4.0,9.0,3.0,2.0,4.0,1.0,3.0,2.0,2.0,3.0,2.0,3.0,3.0,3.0,3.0,3.0,2.0,2.0,2.0,4.0,4.0,2.0,3.0
E0726,C,Europe,1-3y,mid,onsite,3,2.0,4.0,4.0,8.0,5.0,1.0,1.0,3.0,4.0,4.0,3.0,3.0,2.0,4.0,3.0,5.0,2.0,1.0,2.0,5.0,2.0,3.0,4.0,3.0,5.0,2.0,5.0,9.0,2.0,2.0,5.0,2.0,1.0,1.0,5.0,4.0,3.0,3.0,3.0,3.0,4.0,4.0,3.0,3.0,3.0,4.0,4.0,5.0,4.0
E0727,G,UK,3-5y,senior,remote,3,4.0,4.0,3.0,7.0,3.0,4.0,3.0,4.0,2.0,4.0,4.0,4.0,2.0,4.0,3.0,4.0,3.0,3.0,3.0,4.0,4.0,4.0,4.0,2.0,5.0,2.0,3.0,7.0,4.0,1.0,4.0,2.0,2.0,3.0,4.0,3.0,4.0,3.0,4.0,3.0,5.0,5.0,5.0,4.0,4.0,4.0,3.0,3.0,4.0
E0728,R,Europe,3-5y,lead,hybrid,3,2.0,4.0,4.0,7.0,4.0,4.0,2.0,3.0,3.0,4.0,3.0,3.0,1.0,2.0,4.0,3.0,3.0,3.0,3.0,3.0,2.0,3.0,3.0,2.0,4.0,4.0,3.0,7.0,4.0,3.0,4.0,3.0,3.0,2.0,5.0,4.0,4.0,4.0,5.0,5.0,3.0,2.0,2.0,3.0,3.0,5.0,4.0,4.0,3.0
E0729,Other (24),UK,1-3y,senior,onsite,3,4.0,5.0,4.0,8.0,5.0,4.0,4.0,5.0,4.0,4.0,3.0,5.0,3.0,4.0,4.0,4.0,3.0,4.0,3.0,5.0,3.0,3.0,4.0,3.0,4.0,2.0,4.0,6.0,4.0,3.0,5.0,3.0,4.0,2.0,4.0,4.0,5.0,4.0,4.0,5.0,5.0,4.0,4.0,4.0,3.0,3.0,4.0,4.0,3.0
E0730,E,Israel,<1y,senior,hybrid,3,3.0,4.0,5.0,8.0,5.0,4.0,3.0,4.0,2.0,3.0,2.0,5.0,3.0,3.0,5.0,3.0,3.0,3.0,3.0,4.0,3.0,3.0,3.0,2.0,5.0,4.0,4.0,10.0,1.0,3.0,3.0,2.0,3.0,3.0,2.0,4.0,4.0,4.0,4.0,3.0,4.0,4.0,4.0,4.0,3.0,4.0,4.0,4.0,5.0
E0731,E,US,>5y,junior,hybrid,3,3.0,3.0,4.0,5.0,3.0,4.0,4.0,4.0,2.0,4.0,4.0,4.0,4.0,3.0,4.0,5.0,4.0,3.0,4.0,4.0,4.0,3.0,2.0,3.0,4.0,3.0,4.0,7.0,4.0,5.0,4.0,4.0,3.0,4.0,3.0,2.0,2.0,3.0,4.0,3.0,3.0,3.0,2.0,5.0,4.0,4.0,4.0,3.0,4.0
E0732,B,India,<1y,junior,onsite,3,4.0,5.0,4.0,7.0,5.0,4.0,5.0,4.0,4.0,3.0,3.0,5.0,4.0,3.0,3.0,4.0,4.0,3.0,4.0,5.0,4.0,3.0,3.0,4.0,4.0,3.0,4.0,9.0,3.0,2.0,5.0,4.0,3.0,4.0,4.0,5.0,5.0,4.0,4.0,4.0,5.0,4.0,4.0,5.0,4.0,5.0,5.0,5.0,4.0
E0733,O,US,1-3y,mid,remote,3,2.0,4.0,5.0,6.0,5.0,4.0,4.0,4.0,4.0,5.0,4.0,2.0,2.0,3.0,4.0,4.0,2.0,2.0,3.0,4.0,3.0,4.0,4.0,4.0,5.0,3.0,5.0,3.0,4.0,4.0,3.0,2.0,4.0,3.0,4.0,3.0,3.0,4.0,4.0,4.0,5.0,5.0,4.0,3.0,4.0,4.0,5.0,4.0,5.0
E0734,F,UK,1-3y,lead,remote,3,3.0,2.0,3.0,2.0,3.0,3.0,3.0,3.0,3.0,4.0,3.0,4.0,4.0,4.0,3.0,4.0,3.0,3.0,2.0,4.0,4.0,4.0,4.0,4.0,4.0,2.0,3.0,10.0,3.0,3.0,3.0,2.0,3.0,4.0,2.0,2.0,2.0,4.0,4.0,4.0,2.0,2.0,2.0,2.0,4.0,3.0,3.0,2.0,3.0
E0735,M,Europe,>5y,junior,hybrid,3,4.0,3.0,5.0,5.0,2.0,5.0,5.0,3.0,3.0,5.0,4.0,5.0,2.0,3.0,4.0,5.0,3.0,4.0,3.0,5.0,3.0,4.0,3.0,4.0,5.0,5.0,4.0,7.0,4.0,3.0,4.0,3.0,4.0,4.0,3.0,4.0,3.0,4.0,4.0,4.0,4.0,4.0,4.0,4.0,4.0,5.0,5.0,5.0,4.0
E0736,Q,US,1-3y,mid,remote,3,5.0,4.0,3.0,6.0,5.0,5.0,4.0,3.0,3.0,3.0,4.0,3.0,2.0,4.0,5.0,4.0,3.0,3.0,4.0,5.0,5.0,4.0,4.0,3.0,3.0,3.0,3.0,4.0,3.0,3.0,4.0,3.0,2.0,4.0,4.0,3.0,3.0,3.0,5.0,3.0,3.0,4.0,3.0,2.0,3.0,3.0,2.0,3.0,4.0
E0737,F,UK,<1y,mid,onsite,3,5.0,2.0,4.0,6.0,3.0,5.0,5.0,3.0,4.0,4.0,3.0,5.0,3.0,3.0,5.0,3.0,2.0,3.0,3.0,4.0,4.0,4.0,3.0,4.0,4.0,2.0,4.0,9.0,3.0,2.0,3.0,1.0,2.0,3.0,5.0,5.0,4.0,2.0,4.0,3.0,5.0,4.0,4.0,3.0,2.0,4.0,4.0,5.0,4.0
E0738,G,India,<1y,mid,hybrid,3,3.0,4.0,5.0,8.0,4.0,3.0,3.0,3.0,3.0,5.0,5.0,5.0,3.0,4.0,4.0,5.0,3.0,4.0,3.0,5.0,4.0,4.0,4.0,4.0,5.0,3.0,5.0,8.0,4.0,3.0,3.0,4.0,3.0,4.0,5.0,4.0,4.0,4.0,4.0,3.0,3.0,4.0,4.0,4.0,4.0,4.0,2.0,4.0,3.0
E0739,Q,US,<1y,mid,remote,3,5.0,5.0,5.0,5.0,3.0,4.0,4.0,4.0,4.0,3.0,3.0,3.0,3.0,3.0,5.0,4.0,3.0,4.0,2.0,3.0,5.0,2.0,3.0,3.0,2.0,3.0,4.0,6.0,4.0,3.0,4.0,2.0,3.0,4.0,3.0,3.0,3.0,2.0,3.0,4.0,3.0,2.0,3.0,4.0,3.0,3.0,4.0,3.0,3.0
E0740,Other (24),UK,<1y,senior,remote,3,4.0,5.0,5.0,9.0,5.0,5.0,4.0,4.0,1.0,5.0,4.0,5.0,2.0,3.0,4.0,3.0,3.0,4.0,3.0,4.0,5.0,5.0,5.0,5.0,3.0,3.0,5.0,2.0,5.0,2.0,5.0,3.0,4.0,2.0,4.0,3.0,4.0,4.0,3.0,4.0,4.0,3.0,3.0,3.0,5.0,4.0,4.0,4.0,3.0
E0741,E,UK,>5y,junior,onsite,3,5.0,4.0,5.0,10.0,5.0,5.0,4.0,5.0,3.0,4.0,3.0,4.0,3.0,2.0,5.0,4.0,2.0,5.0,4.0,5.0,5.0,4.0,4.0,4.0,5.0,2.0,3.0,10.0,3.0,3.0,5.0,3.0,2.0,3.0,5.0,5.0,5.0,4.0,4.0,4.0,4.0,4.0,4.0,3.0,4.0,5.0,4.0,3.0,3.0
E0742,Other (24),Europe,1-3y,junior,remote,3,4.0,3.0,3.0,8.0,4.0,3.0,4.0,3.0,1.0,2.0,2.0,4.0,1.0,3.0,2.0,3.0,1.0,3.0,3.0,3.0,3.0,1.0,2.0,3.0,3.0,2.0,3.0,2.0,2.0,1.0,4.0,2.0,2.0,1.0,3.0,3.0,3.0,5.0,4.0,4.0,4.0,3.0,5.0,3.0,2.0,4.0,3.0,5.0,3.0
E0743,Q,US,1-3y,lead,hybrid,3,4.0,3.0,5.0,5.0,3.0,4.0,3.0,4.0,4.0,4.0,5.0,5.0,5.0,3.0,5.0,5.0,3.0,4.0,3.0,5.0,4.0,4.0,5.0,5.0,5.0,2.0,4.0,5.0,4.0,2.0,3.0,2.0,1.0,1.0,4.0,3.0,4.0,4.0,2.0,3.0,5.0,5.0,4.0,4.0,5.0,4.0,3.0,3.0,3.0
E0744,P,UK,3-5y,lead,remote,3,2.0,4.0,5.0,8.0,5.0,4.0,3.0,5.0,4.0,5.0,3.0,5.0,5.0,4.0,4.0,3.0,3.0,3.0,3.0,4.0,4.0,5.0,5.0,4.0,5.0,4.0,5.0,10.0,4.0,4.0,5.0,4.0,2.0,4.0,5.0,5.0,4.0,4.0,5.0,4.0,3.0,5.0,4.0,3.0,4.0,4.0,3.0,3.0,3.0
E0745,D,US,3-5y,mid,onsite,3,4.0,2.0,3.0,6.0,3.0,3.0,2.0,5.0,4.0,5.0,4.0,4.0,3.0,4.0,4.0,5.0,2.0,4.0,3.0,4.0,3.0,4.0,5.0,3.0,4.0,4.0,3.0,7.0,3.0,2.0,4.0,3.0,2.0,4.0,4.0,4.0,3.0,3.0,3.0,4.0,4.0,4.0,5.0,4.0,4.0,3.0,3.0,4.0,3.0
E0746,B,US,1-3y,lead,remote,3,3.0,5.0,5.0,8.0,4.0,2.0,3.0,4.0,3.0,5.0,4.0,5.0,2.0,5.0,3.0,5.0,2.0,2.0,3.0,5.0,3.0,4.0,5.0,5.0,5.0,2.0,5.0,8.0,5.0,2.0,4.0,2.0,2.0,2.0,4.0,4.0,4.0,3.0,4.0,4.0,3.0,2.0,2.0,2.0,3.0,3.0,4.0,3.0,3.0
E0747,Other (24),Israel,>5y,mid,onsite,3,2.0,4.0,3.0,8.0,3.0,4.0,3.0,4.0,3.0,3.0,3.0,3.0,3.0,3.0,3.0,3.0,1.0,3.0,3.0,3.0,4.0,2.0,2.0,3.0,4.0,1.0,3.0,3.0,4.0,2.0,3.0,2.0,3.0,2.0,3.0,4.0,3.0,4.0,5.0,5.0,5.0,4.0,4.0,3.0,3.0,2.0,3.0,3.0,3.0
E0748,B,Europe,1-3y,mid,hybrid,3,3.0,4.0,4.0,6.0,4.0,4.0,5.0,3.0,5.0,4.0,4.0,5.0,5.0,3.0,4.0,2.0,2.0,3.0,3.0,4.0,2.0,3.0,3.0,4.0,4.0,3.0,4.0,10.0,3.0,3.0,3.0,3.0,2.0,4.0,4.0,5.0,5.0,3.0,4.0,5.0,3.0,3.0,3.0,4.0,4.0,5.0,4.0,4.0,4.0
E0749,Other (24),India,1-3y,senior,hybrid,3,4.0,3.0,3.0,8.0,4.0,5.0,4.0,4.0,3.0,4.0,2.0,4.0,3.0,2.0,4.0,4.0,4.0,5.0,2.0,4.0,3.0,4.0,4.0,5.0,4.0,3.0,3.0,5.0,3.0,2.0,2.0,4.0,4.0,4.0,4.0,5.0,3.0,3.0,2.0,4.0,4.0,4.0,4.0,4.0,4.0,4.0,5.0,4.0,3.0
E0750,F,Israel,<1y,mid,hybrid,3,4.0,4.0,2.0,4.0,2.0,4.0,2.0,4.0,3.0,3.0,3.0,2.0,1.0,3.0,3.0,2.0,1.0,2.0,3.0,2.0,3.0,4.0,3.0,4.0,2.0,3.0,3.0,6.0,3.0,2.0,3.0,3.0,2.0,3.0,3.0,3.0,2.0,3.0,3.0,3.0,2.0,4.0,3.0,3.0,2.0,3.0,3.0,3.0,4.0
E0751,F,UK,<1y,mid,hybrid,3,4.0,5.0,4.0,6.0,5.0,3.0,4.0,3.0,2.0,4.0,4.0,5.0,3.0,5.0,4.0,5.0,4.0,3.0,4.0,4.0,4.0,5.0,5.0,5.0,4.0,3.0,4.0,5.0,5.0,3.0,3.0,3.0,2.0,3.0,5.0,5.0,4.0,5.0,5.0,5.0,5.0,3.0,3.0,3.0,3.0,4.0,4.0,5.0,4.0
E0752,Other (24),US,<1y,mid,hybrid,3,4.0,2.0,3.0,7.0,2.0,4.0,3.0,4.0,3.0,3.0,3.0,4.0,3.0,2.0,3.0,3.0,3.0,4.0,3.0,4.0,3.0,3.0,4.0,3.0,4.0,3.0,5.0,7.0,4.0,3.0,2.0,3.0,3.0,3.0,2.0,3.0,3.0,3.0,4.0,3.0,3.0,5.0,4.0,4.0,4.0,4.0,4.0,3.0,5.0
E0753,G,Israel,>5y,mid,remote,3,4.0,5.0,4.0,10.0,5.0,5.0,3.0,5.0,2.0,4.0,4.0,4.0,2.0,5.0,5.0,5.0,3.0,4.0,5.0,5.0,4.0,5.0,4.0,4.0,5.0,4.0,5.0,7.0,4.0,3.0,5.0,3.0,3.0,3.0,5.0,5.0,5.0,4.0,4.0,4.0,5.0,5.0,5.0,5.0,4.0,5.0,5.0,3.0,4.0
E0754,J,Europe,1-3y,junior,hybrid,3,2.0,2.0,2.0,2.0,2.0,2.0,2.0,3.0,1.0,3.0,2.0,3.0,2.0,1.0,2.0,4.0,1.0,2.0,1.0,2.0,2.0,3.0,3.0,3.0,2.0,2.0,3.0,6.0,3.0,1.0,2.0,2.0,2.0,2.0,3.0,2.0,4.0,3.0,4.0,3.0,2.0,3.0,3.0,2.0,2.0,1.0,3.0,2.0,1.0
E0755,Other (24),Israel,<1y,mid,remote,3,2.0,3.0,2.0,5.0,3.0,4.0,3.0,4.0,4.0,2.0,3.0,4.0,4.0,2.0,3.0,3.0,2.0,5.0,3.0,4.0,2.0,4.0,3.0,3.0,3.0,2.0,2.0,8.0,2.0,1.0,3.0,4.0,4.0,2.0,4.0,4.0,4.0,5.0,3.0,4.0,3.0,2.0,1.0,4.0,3.0,4.0,4.0,4.0,4.0
E0756,Other (24),Israel,<1y,junior,hybrid,3,4.0,5.0,3.0,7.0,4.0,3.0,3.0,4.0,3.0,4.0,3.0,3.0,2.0,1.0,2.0,4.0,4.0,3.0,2.0,4.0,3.0,2.0,2.0,3.0,2.0,3.0,3.0,7.0,3.0,3.0,4.0,3.0,5.0,2.0,3.0,4.0,4.0,3.0,1.0,2.0,3.0,3.0,4.0,4.0,5.0,4.0,4.0,2.0,3.0
E0757,G,Israel,1-3y,lead,hybrid,3,5.0,2.0,5.0,4.0,3.0,5.0,4.0,3.0,3.0,4.0,4.0,3.0,2.0,3.0,5.0,5.0,4.0,5.0,1.0,4.0,5.0,4.0,5.0,4.0,4.0,2.0,4.0,6.0,3.0,3.0,2.0,3.0,2.0,3.0,3.0,3.0,2.0,3.0,3.0,4.0,3.0,3.0,4.0,3.0,3.0,3.0,4.0,4.0,5.0
E0758,F,US,1-3y,mid,hybrid,3,4.0,3.0,3.0,4.0,3.0,4.0,5.0,3.0,4.0,3.0,3.0,4.0,3.0,4.0,4.0,3.0,3.0,4.0,2.0,3.0,4.0,3.0,3.0,4.0,5.0,2.0,3.0,8.0,2.0,3.0,5.0,3.0,3.0,3.0,5.0,4.0,4.0,3.0,5.0,4.0,3.0,4.0,4.0,2.0,5.0,3.0,3.0,5.0,4.0
E0759,H,UK,1-3y,junior,remote,3,5.0,5.0,5.0,10.0,4.0,5.0,4.0,5.0,4.0,5.0,5.0,5.0,5.0,4.0,5.0,5.0,4.0,4.0,4.0,4.0,3.0,5.0,5.0,5.0,5.0,3.0,5.0,10.0,4.0,4.0,4.0,4.0,4.0,4.0,4.0,5.0,5.0,4.0,5.0,4.0,5.0,4.0,4.0,3.0,4.0,5.0,5.0,3.0,4.0
E0760,Q,Europe,<1y,mid,hybrid,3,5.0,4.0,5.0,10.0,5.0,5.0,4.0,4.0,3.0,5.0,5.0,4.0,4.0,5.0,5.0,5.0,4.0,2.0,4.0,5.0,4.0,4.0,5.0,4.0,5.0,3.0,5.0,5.0,3.0,4.0,4.0,4.0,4.0,5.0,5.0,5.0,5.0,5.0,5.0,4.0,5.0,5.0,4.0,4.0,5.0,5.0,4.0,4.0,4.0
E0761,O,Israel,1-3y,mid,onsite,3,3.0,4.0,3.0,7.0,4.0,3.0,3.0,3.0,3.0,3.0,2.0,4.0,3.0,2.0,3.0,3.0,4.0,3.0,3.0,3.0,3.0,3.0,3.0,3.0,5.0,2.0,3.0,6.0,2.0,3.0,3.0,2.0,4.0,3.0,4.0,4.0,3.0,1.0,3.0,3.0,3.0,3.0,4.0,4.0,3.0,3.0,3.0,3.0,3.0
E0762,E,India,<1y,mid,hybrid,3,3.0,4.0,5.0,9.0,5.0,3.0,4.0,4.0,3.0,3.0,3.0,3.0,3.0,2.0,4.0,2.0,4.0,3.0,4.0,5.0,4.0,4.0,3.0,3.0,4.0,3.0,3.0,9.0,2.0,5.0,5.0,3.0,3.0,3.0,5.0,4.0,4.0,3.0,3.0,5.0,3.0,5.0,3.0,4.0,4.0,4.0,5.0,5.0,4.0
E0763,D,US,1-3y,senior,hybrid,3,3.0,2.0,5.0,7.0,3.0,3.0,3.0,3.0,5.0,5.0,4.0,4.0,3.0,5.0,5.0,4.0,3.0,3.0,2.0,5.0,2.0,5.0,5.0,4.0,5.0,4.0,4.0,5.0,4.0,4.0,3.0,2.0,3.0,4.0,4.0,3.0,3.0,2.0,3.0,3.0,1.0,3.0,3.0,5.0,3.0,2.0,3.0,3.0,3.0
E0764,M,Israel,>5y,junior,onsite,3,4.0,5.0,4.0,9.0,4.0,5.0,4.0,5.0,3.0,4.0,4.0,4.0,2.0,3.0,5.0,4.0,2.0,3.0,5.0,5.0,4.0,2.0,3.0,4.0,5.0,3.0,4.0,5.0,3.0,3.0,4.0,3.0,1.0,3.0,3.0,4.0,4.0,4.0,4.0,5.0,4.0,3.0,5.0,4.0,5.0,5.0,4.0,4.0,4.0
E0765,Q,Israel,1-3y,junior,onsite,3,4.0,4.0,5.0,9.0,3.0,5.0,5.0,3.0,2.0,5.0,4.0,5.0,3.0,4.0,5.0,4.0,4.0,5.0,3.0,4.0,5.0,4.0,5.0,4.0,4.0,2.0,3.0,3.0,4.0,3.0,4.0,3.0,4.0,4.0,5.0,4.0,3.0,5.0,2.0,5.0,4.0,4.0,4.0,5.0,4.0,5.0,4.0,3.0,4.0
E0766,K,Israel,<1y,mid,hybrid,3,1.0,3.0,4.0,2.0,3.0,1.0,1.0,1.0,4.0,4.0,4.0,3.0,4.0,5.0,2.0,4.0,3.0,3.0,2.0,4.0,1.0,4.0,5.0,5.0,5.0,4.0,5.0,6.0,5.0,3.0,3.0,2.0,1.0,3.0,3.0,3.0,4.0,3.0,4.0,3.0,3.0,5.0,4.0,3.0,3.0,3.0,4.0,2.0,3.0
E0767,E,US,3-5y,senior,hybrid,3,5.0,4.0,5.0,8.0,5.0,4.0,4.0,5.0,3.0,4.0,3.0,5.0,2.0,2.0,4.0,3.0,4.0,5.0,4.0,5.0,4.0,4.0,4.0,4.0,4.0,5.0,3.0,7.0,4.0,5.0,4.0,4.0,3.0,5.0,3.0,2.0,3.0,5.0,4.0,5.0,4.0,5.0,4.0,5.0,5.0,3.0,4.0,3.0,5.0
E0768,Other (24),India,3-5y,senior,hybrid,3,4.0,4.0,4.0,7.0,4.0,5.0,3.0,3.0,4.0,4.0,3.0,5.0,3.0,4.0,4.0,5.0,1.0,4.0,3.0,4.0,3.0,3.0,4.0,4.0,5.0,2.0,4.0,4.0,4.0,3.0,4.0,4.0,3.0,2.0,5.0,4.0,5.0,4.0,4.0,4.0,4.0,5.0,4.0,4.0,4.0,4.0,4.0,4.0,5.0
E0769,B,UK,3-5y,senior,onsite,3,5.0,4.0,3.0,7.0,4.0,4.0,5.0,3.0,4.0,4.0,4.0,4.0,3.0,3.0,4.0,3.0,4.0,4.0,3.0,5.0,4.0,3.0,4.0,3.0,5.0,3.0,4.0,10.0,4.0,3.0,5.0,3.0,3.0,4.0,3.0,3.0,3.0,4.0,3.0,5.0,4.0,3.0,4.0,4.0,3.0,4.0,3.0,3.0,3.0
E0770,C,US,<1y,lead,hybrid,3,3.0,5.0,5.0,8.0,5.0,4.0,3.0,4.0,4.0,5.0,5.0,5.0,3.0,4.0,5.0,5.0,2.0,5.0,5.0,5.0,4.0,5.0,5.0,5.0,5.0,4.0,5.0,7.0,5.0,3.0,5.0,3.0,2.0,2.0,4.0,4.0,5.0,3.0,4.0,4.0,3.0,4.0,4.0,4.0,3.0,4.0,4.0,3.0,3.0
E0771,Other (24),UK,1-3y,mid,hybrid,3,3.0,1.0,4.0,6.0,3.0,4.0,3.0,2.0,3.0,4.0,4.0,4.0,3.0,3.0,3.0,4.0,1.0,3.0,1.0,3.0,3.0,3.0,3.0,4.0,4.0,1.0,4.0,8.0,4.0,1.0,3.0,3.0,2.0,1.0,3.0,2.0,3.0,3.0,2.0,4.0,2.0,1.0,4.0,3.0,3.0,3.0,3.0,3.0,2.0
E0772,Other (24),UK,>5y,mid,hybrid,3,3.0,3.0,4.0,9.0,3.0,2.0,4.0,5.0,4.0,4.0,4.0,4.0,2.0,2.0,3.0,4.0,1.0,3.0,2.0,5.0,2.0,4.0,4.0,4.0,3.0,1.0,4.0,6.0,3.0,1.0,4.0,2.0,2.0,1.0,4.0,5.0,4.0,5.0,4.0,5.0,4.0,2.0,4.0,3.0,2.0,5.0,3.0,5.0,3.0
E0773,H,US,3-5y,junior,onsite,3,5.0,5.0,5.0,10.0,5.0,5.0,3.0,3.0,4.0,4.0,5.0,5.0,3.0,3.0,4.0,5.0,4.0,4.0,5.0,4.0,4.0,4.0,4.0,4.0,5.0,3.0,4.0,7.0,5.0,5.0,5.0,3.0,2.0,5.0,4.0,2.0,4.0,3.0,4.0,3.0,4.0,5.0,4.0,3.0,3.0,3.0,4.0,4.0,4.0
E0774,G,India,1-3y,mid,hybrid,3,4.0,4.0,3.0,8.0,4.0,5.0,4.0,3.0,2.0,4.0,3.0,4.0,3.0,3.0,4.0,4.0,3.0,4.0,1.0,4.0,5.0,5.0,2.0,3.0,5.0,3.0,4.0,8.0,3.0,3.0,4.0,3.0,3.0,2.0,5.0,5.0,5.0,3.0,4.0,4.0,4.0,4.0,4.0,4.0,5.0,4.0,4.0,5.0,5.0
E0775,O,Europe,<1y,junior,remote,3,4.0,4.0,4.0,4.0,3.0,4.0,3.0,2.0,2.0,3.0,2.0,3.0,2.0,3.0,4.0,3.0,4.0,2.0,2.0,3.0,3.0,3.0,4.0,4.0,4.0,4.0,4.0,3.0,2.0,2.0,2.0,4.0,2.0,4.0,4.0,4.0,4.0,3.0,4.0,3.0,5.0,5.0,4.0,5.0,3.0,3.0,2.0,2.0,3.0
E0776,O,Israel,<1y,senior,remote,3,3.0,4.0,5.0,5.0,4.0,3.0,4.0,4.0,3.0,4.0,3.0,3.0,3.0,3.0,5.0,4.0,3.0,3.0,4.0,3.0,2.0,5.0,3.0,3.0,3.0,3.0,4.0,5.0,3.0,1.0,4.0,3.0,4.0,3.0,3.0,2.0,1.0,2.0,2.0,2.0,4.0,4.0,4.0,3.0,4.0,3.0,3.0,4.0,3.0
E0777,F,Europe,>5y,junior,onsite,3,3.0,4.0,3.0,6.0,4.0,3.0,3.0,3.0,3.0,3.0,3.0,4.0,2.0,2.0,3.0,4.0,3.0,3.0,3.0,4.0,3.0,4.0,4.0,5.0,4.0,4.0,3.0,5.0,5.0,3.0,4.0,4.0,3.0,4.0,4.0,3.0,2.0,4.0,5.0,4.0,5.0,5.0,5.0,3.0,4.0,2.0,4.0,5.0,4.0
E0778,B,US,1-3y,mid,hybrid,3,3.0,4.0,4.0,6.0,4.0,2.0,3.0,3.0,5.0,4.0,4.0,4.0,4.0,3.0,2.0,2.0,3.0,2.0,4.0,4.0,2.0,3.0,4.0,4.0,5.0,3.0,4.0,10.0,4.0,2.0,4.0,3.0,3.0,3.0,3.0,3.0,4.0,2.0,3.0,2.0,3.0,3.0,3.0,3.0,3.0,2.0,1.0,3.0,5.0
E0779,Other (24),Israel,1-3y,junior,hybrid,3,3.0,5.0,4.0,10.0,5.0,5.0,3.0,4.0,2.0,4.0,3.0,3.0,2.0,3.0,3.0,4.0,3.0,4.0,5.0,4.0,3.0,3.0,3.0,4.0,4.0,3.0,3.0,5.0,4.0,3.0,5.0,4.0,4.0,3.0,5.0,5.0,4.0,4.0,4.0,3.0,3.0,3.0,4.0,5.0,5.0,3.0,5.0,5.0,3.0
E0780,D,Israel,<1y,mid,onsite,3,4.0,4.0,5.0,8.0,4.0,5.0,2.0,4.0,5.0,4.0,4.0,5.0,5.0,4.0,5.0,5.0,2.0,4.0,3.0,5.0,3.0,5.0,5.0,4.0,5.0,5.0,5.0,8.0,3.0,4.0,5.0,3.0,2.0,4.0,3.0,4.0,4.0,4.0,3.0,3.0,5.0,4.0,5.0,4.0,4.0,5.0,3.0,4.0,4.0
E0781,G,US,1-3y,junior,hybrid,3,3.0,4.0,3.0,6.0,4.0,3.0,2.0,4.0,3.0,4.0,3.0,4.0,1.0,4.0,3.0,3.0,2.0,2.0,3.0,3.0,5.0,4.0,2.0,3.0,4.0,1.0,4.0,7.0,3.0,2.0,4.0,2.0,2.0,1.0,4.0,4.0,4.0,4.0,4.0,4.0,3.0,3.0,2.0,3.0,3.0,4.0,3.0,4.0,4.0
E0782,Other (24),Europe,1-3y,mid,onsite,3,3.0,4.0,3.0,9.0,4.0,4.0,4.0,5.0,2.0,3.0,2.0,4.0,2.0,3.0,3.0,4.0,1.0,3.0,4.0,4.0,3.0,4.0,3.0,4.0,3.0,2.0,3.0,4.0,2.0,2.0,3.0,2.0,2.0,1.0,2.0,3.0,4.0,4.0,4.0,3.0,4.0,3.0,3.0,2.0,3.0,5.0,5.0,5.0,4.0
E0783,Other (24),India,<1y,mid,hybrid,3,3.0,4.0,5.0,7.0,4.0,3.0,4.0,4.0,4.0,4.0,3.0,5.0,4.0,3.0,3.0,5.0,3.0,4.0,3.0,4.0,4.0,4.0,2.0,4.0,3.0,1.0,4.0,7.0,3.0,2.0,3.0,3.0,3.0,2.0,4.0,3.0,4.0,4.0,5.0,3.0,3.0,3.0,3.0,3.0,3.0,3.0,3.0,4.0,5.0
E0784,J,UK,1-3y,junior,remote,3,2.0,4.0,4.0,5.0,4.0,3.0,2.0,4.0,2.0,3.0,3.0,4.0,2.0,3.0,3.0,4.0,4.0,3.0,4.0,4.0,3.0,4.0,4.0,5.0,3.0,3.0,5.0,5.0,4.0,2.0,5.0,3.0,3.0,4.0,5.0,4.0,5.0,4.0,5.0,5.0,4.0,3.0,4.0,4.0,5.0,4.0,4.0,4.0,3.0
E0785,Q,UK,3-5y,mid,remote,3,4.0,3.0,3.0,4.0,3.0,4.0,4.0,4.0,3.0,4.0,3.0,2.0,3.0,4.0,5.0,4.0,3.0,2.0,2.0,3.0,2.0,3.0,4.0,3.0,3.0,2.0,4.0,2.0,4.0,2.0,3.0,2.0,2.0,4.0,2.0,3.0,2.0,4.0,4.0,4.0,3.0,3.0,3.0,3.0,3.0,4.0,3.0,3.0,3.0
E0786,B,India,<1y,mid,remote,3,3.0,5.0,4.0,10.0,5.0,3.0,4.0,5.0,5.0,4.0,2.0,4.0,5.0,4.0,4.0,3.0,4.0,3.0,4.0,4.0,4.0,3.0,2.0,4.0,5.0,3.0,3.0,10.0,4.0,3.0,5.0,3.0,2.0,3.0,5.0,5.0,5.0,4.0,5.0,4.0,4.0,4.0,4.0,5.0,3.0,5.0,5.0,4.0,5.0
E0787,C,UK,1-3y,junior,hybrid,3,3.0,4.0,5.0,7.0,3.0,2.0,2.0,3.0,5.0,5.0,5.0,4.0,5.0,5.0,3.0,5.0,3.0,4.0,3.0,4.0,3.0,3.0,5.0,5.0,5.0,3.0,5.0,10.0,5.0,3.0,5.0,1.0,3.0,3.0,4.0,5.0,4.0,5.0,4.0,4.0,5.0,4.0,5.0,3.0,5.0,5.0,5.0,2.0,3.0
E0788,N,UK,3-5y,senior,onsite,3,4.0,3.0,4.0,8.0,4.0,4.0,3.0,3.0,3.0,3.0,3.0,4.0,3.0,3.0,4.0,4.0,3.0,4.0,4.0,4.0,4.0,5.0,5.0,3.0,4.0,5.0,3.0,5.0,4.0,4.0,5.0,4.0,5.0,5.0,3.0,4.0,3.0,3.0,4.0,4.0,5.0,4.0,4.0,5.0,4.0,4.0,5.0,4.0,4.0
E0789,R,UK,>5y,junior,onsite,3,4.0,5.0,4.0,6.0,4.0,4.0,5.0,5.0,4.0,5.0,3.0,5.0,4.0,4.0,4.0,4.0,4.0,5.0,5.0,5.0,4.0,4.0,4.0,3.0,4.0,4.0,4.0,7.0,5.0,4.0,5.0,3.0,4.0,5.0,4.0,3.0,5.0,3.0,5.0,5.0,5.0,4.0,5.0,5.0,4.0,5.0,5.0,3.0,5.0
E0790,K,India,>5y,senior,remote,3,3.0,4.0,4.0,7.0,3.0,3.0,2.0,3.0,4.0,4.0,4.0,4.0,3.0,4.0,3.0,4.0,1.0,3.0,3.0,4.0,2.0,2.0,3.0,3.0,4.0,3.0,4.0,6.0,4.0,2.0,4.0,2.0,3.0,3.0,4.0,5.0,5.0,5.0,4.0,4.0,4.0,3.0,5.0,4.0,4.0,5.0,4.0,3.0,4.0
E0791,N,UK,1-3y,junior,hybrid,3,4.0,5.0,4.0,8.0,4.0,5.0,4.0,5.0,3.0,3.0,2.0,4.0,4.0,5.0,5.0,3.0,4.0,4.0,4.0,5.0,4.0,5.0,3.0,5.0,4.0,4.0,4.0,7.0,4.0,5.0,5.0,3.0,4.0,4.0,5.0,5.0,5.0,5.0,4.0,5.0,4.0,5.0,4.0,4.0,4.0,5.0,5.0,2.0,3.0
E0792,F,India,<1y,lead,onsite,3,3.0,2.0,2.0,1.0,2.0,3.0,4.0,2.0,1.0,3.0,2.0,2.0,2.0,3.0,3.0,3.0,3.0,2.0,1.0,2.0,3.0,4.0,2.0,4.0,2.0,3.0,3.0,3.0,3.0,3.0,2.0,4.0,3.0,3.0,3.0,2.0,3.0,3.0,3.0,3.0,5.0,3.0,4.0,5.0,4.0,3.0,4.0,3.0,2.0
E0793,J,UK,>5y,junior,onsite,3,3.0,3.0,2.0,7.0,3.0,4.0,2.0,4.0,1.0,2.0,2.0,2.0,2.0,2.0,2.0,2.0,2.0,1.0,4.0,3.0,3.0,2.0,2.0,2.0,2.0,2.0,3.0,5.0,1.0,2.0,5.0,1.0,3.0,3.0,5.0,4.0,4.0,2.0,3.0,2.0,3.0,4.0,3.0,4.0,3.0,5.0,4.0,2.0,3.0
E0794,Other (24),Europe,3-5y,senior,hybrid,3,3.0,4.0,4.0,8.0,4.0,4.0,4.0,5.0,3.0,4.0,4.0,4.0,2.0,4.0,2.0,3.0,3.0,3.0,3.0,4.0,4.0,4.0,3.0,3.0,4.0,2.0,4.0,3.0,4.0,1.0,5.0,4.0,4.0,2.0,4.0,4.0,4.0,4.0,3.0,3.0,4.0,4.0,4.0,4.0,3.0,5.0,4.0,3.0,4.0
E0795,L,US,<1y,mid,remote,3,4.0,2.0,5.0,6.0,2.0,3.0,3.0,4.0,5.0,4.0,3.0,4.0,5.0,2.0,4.0,4.0,1.0,4.0,3.0,4.0,3.0,4.0,3.0,4.0,4.0,2.0,4.0,9.0,4.0,2.0,4.0,1.0,2.0,1.0,4.0,3.0,3.0,3.0,4.0,3.0,3.0,3.0,4.0,3.0,2.0,4.0,3.0,3.0,5.0
E0796,J,UK,>5y,junior,hybrid,3,3.0,4.0,2.0,4.0,4.0,3.0,3.0,3.0,2.0,2.0,2.0,2.0,2.0,2.0,2.0,2.0,3.0,3.0,2.0,3.0,2.0,3.0,2.0,3.0,2.0,2.0,2.0,8.0,2.0,3.0,4.0,3.0,1.0,4.0,3.0,3.0,4.0,4.0,3.0,4.0,5.0,5.0,5.0,4.0,4.0,2.0,4.0,4.0,4.0
E0797,Q,India,1-3y,mid,hybrid,3,4.0,3.0,4.0,7.0,3.0,3.0,4.0,4.0,5.0,3.0,3.0,4.0,3.0,3.0,4.0,4.0,4.0,3.0,3.0,4.0,4.0,3.0,3.0,3.0,2.0,3.0,3.0,7.0,4.0,3.0,4.0,4.0,3.0,3.0,3.0,3.0,3.0,3.0,3.0,3.0,3.0,5.0,3.0,5.0,4.0,2.0,3.0,3.0,3.0
E0798,L,India,<1y,lead,hybrid,3,3.0,2.0,4.0,5.0,3.0,2.0,2.0,3.0,4.0,3.0,2.0,2.0,3.0,3.0,2.0,3.0,1.0,2.0,2.0,3.0,2.0,3.0,2.0,2.0,2.0,1.0,3.0,10.0,2.0,1.0,2.0,2.0,2.0,1.0,4.0,4.0,3.0,2.0,3.0,3.0,5.0,5.0,3.0,2.0,2.0,3.0,3.0,2.0,3.0
E0799,G,US,1-3y,junior,hybrid,3,3.0,3.0,1.0,6.0,3.0,1.0,2.0,3.0,3.0,2.0,2.0,3.0,2.0,2.0,2.0,2.0,1.0,2.0,1.0,2.0,4.0,3.0,1.0,2.0,3.0,2.0,3.0,5.0,2.0,2.0,3.0,3.0,3.0,1.0,3.0,4.0,3.0,2.0,3.0,3.0,4.0,3.0,3.0,3.0,3.0,3.0,3.0,3.0,3.0
E0800,P,Europe,<1y,junior,hybrid,3,4.0,5.0,4.0,6.0,5.0,4.0,3.0,4.0,3.0,5.0,3.0,4.0,3.0,5.0,3.0,3.0,3.0,4.0,5.0,3.0,4.0,3.0,5.0,4.0,3.0,3.0,5.0,7.0,5.0,2.0,5.0,3.0,3.0,4.0,5.0,5.0,5.0,2.0,3.0,3.0,4.0,4.0,5.0,5.0,4.0,3.0,3.0,4.0,3.0
E0801,E,Europe,1-3y,mid,hybrid,3,3.0,4.0,4.0,5.0,4.0,5.0,5.0,5.0,2.0,4.0,4.0,4.0,3.0,2.0,4.0,2.0,3.0,4.0,3.0,3.0,4.0,4.0,3.0,3.0,3.0,4.0,4.0,7.0,3.0,5.0,4.0,4.0,3.0,3.0,4.0,5.0,4.0,3.0,3.0,3.0,3.0,4.0,3.0,3.0,4.0,4.0,3.0,4.0,3.0
E0802,J,India,<1y,junior,hybrid,3,2.0,3.0,3.0,4.0,2.0,3.0,1.0,4.0,2.0,3.0,3.0,3.0,1.0,2.0,2.0,2.0,3.0,3.0,3.0,2.0,1.0,2.0,2.0,3.0,3.0,3.0,3.0,5.0,2.0,2.0,4.0,3.0,2.0,3.0,3.0,4.0,4.0,4.0,4.0,4.0,3.0,3.0,3.0,4.0,4.0,5.0,4.0,4.0,3.0
E0803,Other (24),US,1-3y,mid,onsite,3,4.0,3.0,2.0,4.0,3.0,4.0,2.0,2.0,2.0,4.0,4.0,4.0,1.0,2.0,4.0,4.0,2.0,4.0,2.0,4.0,4.0,3.0,2.0,2.0,3.0,3.0,1.0,5.0,3.0,4.0,2.0,3.0,4.0,2.0,3.0,5.0,3.0,3.0,4.0,3.0,3.0,4.0,4.0,4.0,4.0,3.0,3.0,4.0,4.0
E0804,F,Europe,1-3y,mid,remote,3,5.0,3.0,4.0,7.0,4.0,5.0,4.0,3.0,4.0,4.0,4.0,4.0,3.0,5.0,5.0,4.0,4.0,3.0,3.0,4.0,4.0,5.0,5.0,4.0,5.0,4.0,4.0,8.0,4.0,4.0,4.0,3.0,5.0,4.0,4.0,4.0,5.0,3.0,3.0,3.0,5.0,5.0,4.0,5.0,4.0,5.0,5.0,5.0,5.0
E0805,Other (24),US,>5y,junior,hybrid,3,4.0,4.0,2.0,9.0,4.0,5.0,4.0,3.0,4.0,2.0,3.0,3.0,5.0,1.0,4.0,3.0,3.0,4.0,3.0,3.0,4.0,2.0,3.0,2.0,3.0,3.0,3.0,9.0,3.0,2.0,4.0,3.0,3.0,2.0,4.0,4.0,5.0,3.0,4.0,4.0,5.0,4.0,5.0,4.0,5.0,3.0,4.0,4.0,4.0
E0806,A,Israel,<1y,lead,hybrid,3,3.0,4.0,3.0,9.0,4.0,3.0,4.0,5.0,2.0,3.0,3.0,4.0,2.0,3.0,4.0,4.0,1.0,5.0,4.0,3.0,4.0,4.0,3.0,3.0,2.0,3.0,4.0,7.0,3.0,2.0,5.0,2.0,3.0,2.0,4.0,4.0,4.0,5.0,5.0,5.0,4.0,4.0,3.0,3.0,3.0,4.0,3.0,4.0,3.0
E0807,J,US,1-3y,junior,onsite,3,3.0,5.0,3.0,5.0,4.0,3.0,2.0,4.0,3.0,2.0,2.0,4.0,3.0,4.0,3.0,3.0,2.0,2.0,4.0,4.0,3.0,5.0,4.0,4.0,3.0,3.0,3.0,8.0,3.0,2.0,5.0,3.0,2.0,4.0,4.0,5.0,3.0,4.0,5.0,4.0,5.0,5.0,5.0,5.0,4.0,4.0,4.0,3.0,5.0
E0808,O,India,1-3y,senior,hybrid,3,3.0,2.0,5.0,5.0,3.0,4.0,4.0,2.0,4.0,5.0,5.0,3.0,4.0,3.0,4.0,4.0,3.0,2.0,3.0,4.0,3.0,4.0,4.0,5.0,5.0,3.0,5.0,7.0,3.0,3.0,3.0,4.0,3.0,4.0,3.0,4.0,3.0,3.0,3.0,4.0,3.0,4.0,3.0,4.0,4.0,4.0,4.0,4.0,3.0
E0809,Other (24),US,3-5y,junior,onsite,3,3.0,4.0,3.0,9.0,3.0,4.0,4.0,5.0,3.0,3.0,3.0,4.0,4.0,3.0,2.0,4.0,2.0,3.0,3.0,4.0,3.0,4.0,4.0,3.0,5.0,3.0,4.0,7.0,2.0,2.0,4.0,4.0,5.0,3.0,4.0,3.0,4.0,5.0,3.0,4.0,5.0,4.0,5.0,4.0,4.0,4.0,4.0,4.0,4.0
E0810,D,UK,<1y,lead,hybrid,3,4.0,3.0,4.0,8.0,4.0,4.0,4.0,4.0,4.0,5.0,3.0,4.0,3.0,3.0,4.0,4.0,2.0,3.0,2.0,5.0,4.0,5.0,5.0,3.0,5.0,3.0,5.0,6.0,5.0,3.0,4.0,2.0,2.0,3.0,4.0,4.0,4.0,4.0,4.0,5.0,4.0,3.0,3.0,3.0,4.0,3.0,4.0,3.0,3.0
E0811,C,India,1-3y,mid,hybrid,3,2.0,3.0,4.0,4.0,4.0,3.0,3.0,3.0,4.0,4.0,2.0,3.0,4.0,4.0,4.0,2.0,4.0,4.0,2.0,4.0,2.0,2.0,3.0,3.0,4.0,4.0,3.0,10.0,3.0,3.0,4.0,2.0,2.0,2.0,4.0,3.0,2.0,3.0,3.0,3.0,5.0,4.0,5.0,4.0,5.0,3.0,4.0,4.0,4.0
E0812,M,UK,<1y,senior,hybrid,3,2.0,4.0,4.0,8.0,3.0,4.0,3.0,3.0,3.0,3.0,4.0,3.0,4.0,2.0,2.0,3.0,2.0,3.0,2.0,5.0,2.0,2.0,3.0,3.0,4.0,3.0,3.0,7.0,4.0,1.0,4.0,2.0,3.0,2.0,3.0,4.0,3.0,4.0,4.0,4.0,4.0,2.0,2.0,4.0,4.0,3.0,3.0,5.0,4.0
E0813,L,US,<1y,senior,hybrid,3,3.0,4.0,5.0,7.0,5.0,3.0,3.0,4.0,4.0,4.0,2.0,3.0,4.0,4.0,4.0,3.0,1.0,4.0,3.0,4.0,3.0,4.0,4.0,5.0,4.0,2.0,4.0,10.0,3.0,3.0,4.0,2.0,3.0,1.0,5.0,5.0,5.0,4.0,5.0,5.0,4.0,4.0,5.0,3.0,4.0,4.0,4.0,3.0,4.0
E0814,Q,India,1-3y,senior,remote,3,5.0,5.0,4.0,7.0,5.0,5.0,4.0,5.0,4.0,4.0,4.0,5.0,4.0,4.0,5.0,4.0,5.0,5.0,5.0,4.0,5.0,3.0,4.0,3.0,4.0,3.0,4.0,8.0,4.0,3.0,5.0,3.0,4.0,3.0,5.0,4.0,3.0,3.0,3.0,3.0,4.0,4.0,4.0,4.0,4.0,3.0,4.0,4.0,4.0
E0815,R,US,1-3y,mid,hybrid,3,4.0,5.0,4.0,7.0,3.0,3.0,4.0,5.0,3.0,4.0,3.0,3.0,4.0,3.0,3.0,3.0,2.0,3.0,5.0,4.0,3.0,3.0,3.0,2.0,2.0,3.0,4.0,10.0,4.0,3.0,5.0,2.0,3.0,2.0,5.0,4.0,3.0,4.0,5.0,4.0,5.0,5.0,4.0,4.0,3.0,4.0,5.0,5.0,4.0
E0816,K,India,1-3y,mid,remote,3,3.0,3.0,4.0,6.0,3.0,4.0,3.0,3.0,3.0,4.0,3.0,4.0,2.0,3.0,3.0,4.0,2.0,2.0,3.0,5.0,3.0,3.0,3.0,4.0,4.0,2.0,3.0,5.0,3.0,1.0,5.0,2.0,2.0,3.0,4.0,4.0,4.0,4.0,4.0,4.0,3.0,3.0,5.0,3.0,3.0,5.0,4.0,3.0,2.0
E0817,D,India,>5y,senior,remote,3,3.0,3.0,5.0,7.0,5.0,4.0,3.0,4.0,3.0,4.0,4.0,5.0,2.0,4.0,5.0,5.0,3.0,2.0,4.0,5.0,3.0,5.0,5.0,4.0,5.0,4.0,5.0,6.0,3.0,4.0,5.0,3.0,3.0,5.0,4.0,5.0,5.0,3.0,4.0,3.0,3.0,4.0,4.0,5.0,4.0,4.0,4.0,4.0,4.0
E0818,Other (24),Israel,>5y,senior,onsite,3,4.0,3.0,4.0,7.0,4.0,4.0,4.0,3.0,1.0,4.0,4.0,3.0,1.0,3.0,2.0,4.0,1.0,5.0,2.0,5.0,4.0,4.0,3.0,4.0,4.0,1.0,4.0,3.0,4.0,2.0,4.0,3.0,2.0,2.0,4.0,4.0,3.0,5.0,5.0,5.0,4.0,4.0,3.0,3.0,4.0,3.0,4.0,3.0,3.0
E0819,P,India,3-5y,junior,hybrid,3,1.0,4.0,4.0,5.0,5.0,3.0,2.0,4.0,3.0,4.0,4.0,5.0,3.0,4.0,2.0,3.0,2.0,2.0,3.0,4.0,3.0,4.0,3.0,3.0,4.0,2.0,4.0,6.0,3.0,1.0,5.0,3.0,2.0,3.0,2.0,3.0,2.0,4.0,3.0,2.0,3.0,3.0,2.0,3.0,3.0,3.0,3.0,2.0,2.0
E0820,N,UK,1-3y,mid,onsite,3,2.0,4.0,3.0,5.0,4.0,3.0,3.0,5.0,3.0,2.0,3.0,3.0,3.0,2.0,4.0,2.0,4.0,3.0,4.0,3.0,3.0,4.0,2.0,3.0,3.0,2.0,3.0,5.0,3.0,4.0,4.0,3.0,2.0,3.0,3.0,3.0,3.0,4.0,3.0,3.0,4.0,3.0,4.0,2.0,3.0,2.0,2.0,2.0,3.0
E0821,Q,UK,1-3y,junior,onsite,3,2.0,3.0,3.0,5.0,3.0,4.0,2.0,3.0,2.0,4.0,4.0,4.0,3.0,3.0,3.0,3.0,3.0,4.0,3.0,3.0,4.0,2.0,3.0,3.0,3.0,1.0,3.0,4.0,3.0,2.0,3.0,3.0,2.0,2.0,3.0,4.0,4.0,3.0,4.0,4.0,4.0,4.0,3.0,3.0,3.0,4.0,3.0,3.0,3.0
E0822,Other (24),US,1-3y,lead,hybrid,3,5.0,4.0,5.0,7.0,5.0,5.0,4.0,3.0,3.0,5.0,4.0,5.0,3.0,4.0,4.0,5.0,2.0,5.0,3.0,5.0,4.0,4.0,4.0,5.0,5.0,2.0,5.0,9.0,4.0,3.0,4.0,3.0,3.0,1.0,5.0,4.0,4.0,3.0,4.0,3.0,5.0,4.0,3.0,3.0,3.0,5.0,5.0,5.0,5.0
E0823,Other (24),India,<1y,senior,hybrid,3,3.0,4.0,3.0,4.0,3.0,3.0,3.0,2.0,4.0,3.0,2.0,3.0,3.0,2.0,3.0,3.0,2.0,3.0,4.0,3.0,2.0,2.0,3.0,3.0,3.0,3.0,2.0,7.0,2.0,3.0,3.0,3.0,3.0,3.0,4.0,5.0,3.0,2.0,3.0,4.0,5.0,4.0,5.0,3.0,4.0,3.0,3.0,3.0,3.0
E0824,E,US,<1y,mid,hybrid,3,5.0,5.0,5.0,9.0,4.0,3.0,5.0,4.0,2.0,3.0,3.0,3.0,3.0,3.0,4.0,3.0,2.0,3.0,4.0,5.0,4.0,4.0,4.0,3.0,3.0,4.0,4.0,8.0,4.0,4.0,4.0,3.0,3.0,3.0,4.0,3.0,4.0,4.0,4.0,4.0,5.0,5.0,4.0,4.0,5.0,3.0,4.0,3.0,3.0
E0825,R,UK,3-5y,senior,onsite,3,3.0,4.0,3.0,8.0,3.0,3.0,2.0,4.0,2.0,5.0,4.0,4.0,2.0,4.0,3.0,4.0,2.0,3.0,4.0,4.0,2.0,3.0,4.0,5.0,4.0,3.0,3.0,5.0,3.0,3.0,4.0,1.0,2.0,2.0,4.0,4.0,4.0,4.0,4.0,4.0,5.0,4.0,4.0,4.0,3.0,5.0,5.0,2.0,2.0
E0826,I,UK,<1y,mid,hybrid,3,5.0,5.0,5.0,5.0,4.0,5.0,5.0,5.0,4.0,5.0,4.0,4.0,4.0,5.0,4.0,4.0,4.0,5.0,5.0,5.0,5.0,5.0,5.0,3.0,5.0,4.0,5.0,10.0,3.0,3.0,4.0,5.0,3.0,4.0,4.0,4.0,4.0,4.0,5.0,4.0,4.0,4.0,4.0,5.0,5.0,4.0,4.0,3.0,3.0
E0827,J,Israel,1-3y,junior,onsite,3,2.0,3.0,2.0,3.0,3.0,3.0,1.0,3.0,2.0,3.0,3.0,2.0,2.0,2.0,1.0,3.0,1.0,1.0,3.0,4.0,3.0,3.0,2.0,2.0,4.0,3.0,3.0,6.0,1.0,2.0,4.0,2.0,2.0,4.0,3.0,4.0,5.0,3.0,2.0,2.0,4.0,4.0,4.0,3.0,2.0,4.0,3.0,4.0,3.0
E0828,Other (24),Israel,>5y,mid,remote,3,5.0,5.0,3.0,8.0,4.0,5.0,5.0,4.0,2.0,4.0,4.0,5.0,2.0,3.0,4.0,5.0,3.0,5.0,4.0,5.0,4.0,4.0,5.0,4.0,4.0,3.0,4.0,9.0,3.0,2.0,4.0,4.0,3.0,1.0,4.0,5.0,5.0,4.0,4.0,3.0,5.0,5.0,5.0,4.0,5.0,4.0,4.0,3.0,3.0
E0829,P,Israel,3-5y,mid,hybrid,3,3.0,4.0,4.0,6.0,5.0,4.0,4.0,5.0,2.0,4.0,4.0,5.0,3.0,5.0,2.0,5.0,3.0,4.0,3.0,3.0,3.0,5.0,4.0,5.0,5.0,4.0,5.0,7.0,5.0,4.0,5.0,4.0,2.0,4.0,3.0,4.0,4.0,5.0,4.0,4.0,3.0,3.0,2.0,4.0,3.0,4.0,3.0,4.0,4.0
E0830,B,US,1-3y,junior,remote,3,3.0,4.0,5.0,8.0,4.0,3.0,3.0,5.0,5.0,4.0,3.0,5.0,4.0,4.0,3.0,3.0,3.0,3.0,5.0,4.0,2.0,4.0,2.0,4.0,5.0,3.0,4.0,10.0,3.0,3.0,4.0,3.0,1.0,4.0,5.0,5.0,4.0,4.0,3.0,4.0,4.0,3.0,4.0,4.0,4.0,2.0,3.0,4.0,4.0
E0831,N,India,1-3y,senior,hybrid,3,3.0,3.0,5.0,6.0,4.0,3.0,3.0,2.0,4.0,4.0,4.0,4.0,3.0,4.0,4.0,3.0,5.0,5.0,2.0,5.0,4.0,4.0,4.0,4.0,3.0,3.0,3.0,5.0,5.0,4.0,4.0,4.0,3.0,5.0,1.0,2.0,1.0,3.0,2.0,2.0,4.0,3.0,4.0,4.0,5.0,4.0,5.0,3.0,3.0
E0832,A,Europe,<1y,senior,hybrid,3,4.0,3.0,3.0,5.0,3.0,5.0,5.0,3.0,3.0,3.0,4.0,2.0,3.0,5.0,4.0,5.0,2.0,5.0,3.0,4.0,4.0,5.0,4.0,4.0,4.0,2.0,5.0,7.0,4.0,3.0,4.0,4.0,3.0,4.0,5.0,4.0,5.0,4.0,4.0,3.0,5.0,4.0,4.0,4.0,5.0,4.0,3.0,3.0,4.0
E0833,N,UK,<1y,mid,remote,3,5.0,5.0,5.0,10.0,5.0,5.0,4.0,5.0,2.0,3.0,4.0,5.0,2.0,4.0,5.0,4.0,3.0,4.0,5.0,4.0,5.0,5.0,5.0,5.0,4.0,4.0,3.0,1.0,5.0,4.0,5.0,4.0,4.0,4.0,4.0,4.0,4.0,3.0,2.0,4.0,3.0,4.0,3.0,4.0,5.0,4.0,4.0,3.0,3.0
E0834,I,Europe,3-5y,junior,remote,3,4.0,5.0,5.0,9.0,5.0,5.0,5.0,5.0,3.0,5.0,4.0,5.0,3.0,5.0,5.0,5.0,3.0,5.0,5.0,5.0,4.0,5.0,4.0,5.0,5.0,4.0,5.0,7.0,5.0,5.0,5.0,5.0,4.0,4.0,5.0,5.0,5.0,3.0,3.0,4.0,4.0,5.0,4.0,5.0,4.0,5.0,5.0,3.0,4.0
E0835,P,US,1-3y,senior,hybrid,3,3.0,4.0,4.0,7.0,5.0,4.0,3.0,5.0,3.0,4.0,3.0,4.0,4.0,4.0,4.0,4.0,2.0,5.0,4.0,4.0,4.0,3.0,3.0,2.0,2.0,3.0,4.0,8.0,4.0,4.0,5.0,2.0,2.0,3.0,5.0,5.0,5.0,4.0,4.0,5.0,5.0,5.0,4.0,4.0,3.0,3.0,3.0,3.0,2.0
E0836,L,US,3-5y,junior,hybrid,3,2.0,3.0,5.0,7.0,4.0,3.0,4.0,3.0,3.0,3.0,3.0,3.0,3.0,3.0,4.0,4.0,3.0,4.0,4.0,4.0,4.0,3.0,3.0,3.0,5.0,3.0,3.0,6.0,4.0,3.0,3.0,2.0,3.0,2.0,4.0,4.0,4.0,3.0,4.0,3.0,5.0,5.0,4.0,4.0,3.0,4.0,5.0,4.0,2.0
E0837,Other (24),India,>5y,mid,hybrid,3,3.0,4.0,4.0,8.0,3.0,3.0,3.0,3.0,3.0,4.0,3.0,2.0,2.0,3.0,3.0,3.0,3.0,4.0,4.0,4.0,3.0,3.0,2.0,3.0,3.0,2.0,5.0,8.0,4.0,1.0,4.0,3.0,2.0,3.0,4.0,3.0,5.0,4.0,4.0,4.0,5.0,5.0,4.0,3.0,4.0,3.0,4.0,4.0,4.0
E0838,D,UK,<1y,senior,hybrid,3,3.0,3.0,5.0,6.0,4.0,4.0,4.0,4.0,5.0,5.0,4.0,5.0,4.0,5.0,4.0,5.0,4.0,2.0,2.0,4.0,3.0,5.0,5.0,4.0,5.0,5.0,5.0,7.0,4.0,4.0,4.0,3.0,3.0,5.0,2.0,2.0,4.0,3.0,3.0,3.0,4.0,4.0,4.0,4.0,5.0,4.0,5.0,2.0,3.0
E0839,C,UK,1-3y,senior,onsite,3,3.0,3.0,5.0,8.0,3.0,3.0,3.0,4.0,4.0,4.0,2.0,3.0,4.0,3.0,3.0,5.0,2.0,3.0,3.0,5.0,3.0,4.0,2.0,4.0,4.0,3.0,3.0,10.0,3.0,3.0,4.0,2.0,1.0,2.0,5.0,4.0,5.0,3.0,2.0,4.0,3.0,4.0,3.0,4.0,2.0,5.0,5.0,3.0,3.0
E0840,Other (24),India,<1y,mid,onsite,3,4.0,4.0,3.0,7.0,3.0,4.0,3.0,4.0,2.0,3.0,3.0,4.0,3.0,2.0,2.0,4.0,1.0,3.0,3.0,4.0,3.0,3.0,2.0,4.0,4.0,1.0,3.0,5.0,4.0,2.0,4.0,3.0,2.0,2.0,3.0,3.0,4.0,4.0,4.0,4.0,4.0,2.0,4.0,4.0,4.0,4.0,4.0,4.0,3.0
E0841,R,Europe,>5y,senior,hybrid,3,4.0,5.0,5.0,9.0,5.0,5.0,4.0,5.0,3.0,4.0,5.0,4.0,4.0,4.0,4.0,5.0,4.0,5.0,4.0,5.0,4.0,4.0,4.0,3.0,5.0,5.0,3.0,7.0,4.0,4.0,5.0,3.0,4.0,4.0,5.0,5.0,5.0,3.0,4.0,5.0,5.0,5.0,5.0,4.0,5.0,5.0,4.0,5.0,5.0
E0842,K,Israel,<1y,mid,remote,3,3.0,2.0,4.0,5.0,3.0,3.0,4.0,1.0,1.0,4.0,4.0,4.0,1.0,2.0,4.0,5.0,3.0,3.0,3.0,4.0,4.0,3.0,4.0,4.0,4.0,3.0,5.0,1.0,4.0,3.0,3.0,2.0,3.0,3.0,2.0,4.0,3.0,3.0,3.0,3.0,4.0,4.0,3.0,3.0,4.0,4.0,4.0,2.0,2.0
E0843,D,US,1-3y,mid,remote,3,5.0,4.0,5.0,7.0,4.0,5.0,5.0,4.0,4.0,5.0,5.0,4.0,4.0,5.0,5.0,5.0,2.0,4.0,3.0,5.0,4.0,5.0,5.0,5.0,5.0,3.0,5.0,5.0,4.0,3.0,5.0,3.0,1.0,3.0,4.0,4.0,4.0,4.0,5.0,4.0,4.0,4.0,1.0,4.0,3.0,3.0,4.0,4.0,4.0
E0844,B,US,1-3y,senior,hybrid,3,4.0,4.0,4.0,6.0,4.0,4.0,5.0,4.0,5.0,4.0,3.0,4.0,4.0,4.0,5.0,4.0,3.0,3.0,2.0,5.0,4.0,4.0,4.0,4.0,4.0,4.0,4.0,7.0,5.0,3.0,3.0,3.0,4.0,2.0,4.0,3.0,2.0,5.0,5.0,4.0,4.0,3.0,4.0,4.0,3.0,4.0,4.0,5.0,4.0
E0845,P,UK,1-3y,mid,onsite,3,3.0,4.0,4.0,7.0,4.0,4.0,2.0,4.0,2.0,5.0,5.0,5.0,2.0,5.0,3.0,5.0,3.0,3.0,4.0,2.0,4.0,3.0,3.0,5.0,5.0,4.0,5.0,4.0,5.0,3.0,5.0,3.0,2.0,2.0,4.0,2.0,3.0,4.0,4.0,4.0,5.0,4.0,4.0,4.0,5.0,4.0,4.0,4.0,4.0
E0846,J,Europe,1-3y,senior,hybrid,3,4.0,2.0,3.0,5.0,1.0,3.0,4.0,2.0,3.0,3.0,2.0,4.0,3.0,4.0,3.0,3.0,4.0,3.0,2.0,4.0,3.0,4.0,4.0,5.0,3.0,2.0,4.0,7.0,3.0,3.0,4.0,3.0,2.0,3.0,3.0,2.0,2.0,5.0,4.0,4.0,5.0,5.0,5.0,4.0,4.0,4.0,4.0,3.0,3.0
E0847,Other (24),UK,>5y,lead,hybrid,3,4.0,4.0,5.0,8.0,4.0,3.0,3.0,3.0,3.0,4.0,5.0,5.0,4.0,4.0,2.0,4.0,2.0,3.0,4.0,4.0,2.0,5.0,4.0,5.0,5.0,1.0,4.0,5.0,4.0,1.0,4.0,2.0,2.0,1.0,4.0,5.0,4.0,3.0,3.0,3.0,5.0,4.0,4.0,4.0,3.0,5.0,3.0,3.0,3.0
E0848,Other (24),US,<1y,senior,remote,3,3.0,4.0,3.0,7.0,3.0,5.0,5.0,2.0,3.0,4.0,2.0,4.0,2.0,2.0,3.0,3.0,2.0,5.0,4.0,4.0,4.0,3.0,1.0,4.0,2.0,1.0,2.0,4.0,3.0,2.0,2.0,3.0,3.0,3.0,3.0,3.0,3.0,3.0,2.0,3.0,4.0,4.0,5.0,5.0,3.0,4.0,3.0,3.0,3.0
E0849,A,India,<1y,mid,onsite,3,4.0,3.0,3.0,7.0,3.0,4.0,5.0,2.0,5.0,5.0,4.0,4.0,4.0,4.0,4.0,5.0,4.0,4.0,3.0,5.0,5.0,4.0,4.0,4.0,4.0,3.0,4.0,9.0,4.0,4.0,3.0,3.0,4.0,4.0,3.0,4.0,3.0,5.0,5.0,4.0,5.0,5.0,4.0,5.0,4.0,5.0,3.0,5.0,5.0
E0850,K,India,>5y,mid,onsite,3,2.0,3.0,4.0,9.0,4.0,4.0,4.0,4.0,3.0,5.0,5.0,5.0,3.0,4.0,4.0,5.0,2.0,3.0,3.0,5.0,4.0,4.0,5.0,4.0,5.0,4.0,5.0,7.0,5.0,2.0,5.0,3.0,3.0,2.0,5.0,5.0,4.0,5.0,5.0,5.0,4.0,5.0,4.0,4.0,4.0,3.0,5.0,4.0,5.0
E0851,E,UK,>5y,senior,remote,3,3.0,5.0,4.0,10.0,5.0,4.0,5.0,5.0,3.0,3.0,3.0,4.0,4.0,2.0,4.0,3.0,2.0,4.0,4.0,4.0,4.0,4.0,3.0,3.0,3.0,4.0,4.0,8.0,3.0,4.0,5.0,3.0,2.0,3.0,3.0,3.0,4.0,2.0,2.0,3.0,2.0,3.0,2.0,4.0,3.0,3.0,4.0,3.0,4.0
E0852,K,US,3-5y,junior,hybrid,3,2.0,2.0,4.0,6.0,3.0,4.0,4.0,3.0,4.0,4.0,3.0,4.0,4.0,3.0,3.0,3.0,2.0,2.0,3.0,3.0,4.0,2.0,3.0,3.0,3.0,2.0,3.0,6.0,3.0,2.0,4.0,2.0,2.0,1.0,3.0,3.0,3.0,4.0,4.0,4.0,4.0,5.0,4.0,2.0,3.0,3.0,3.0,4.0,4.0
E0853,G,UK,3-5y,mid,remote,3,2.0,4.0,3.0,7.0,4.0,3.0,3.0,4.0,3.0,4.0,2.0,4.0,3.0,3.0,2.0,4.0,1.0,2.0,3.0,3.0,4.0,4.0,4.0,2.0,5.0,2.0,4.0,7.0,3.0,2.0,3.0,3.0,3.0,2.0,5.0,4.0,4.0,3.0,2.0,3.0,4.0,4.0,4.0,1.0,4.0,3.0,3.0,3.0,4.0
E0854,E,UK,3-5y,lead,hybrid,3,3.0,4.0,3.0,6.0,4.0,2.0,3.0,4.0,4.0,3.0,3.0,4.0,3.0,2.0,2.0,4.0,3.0,3.0,3.0,3.0,2.0,4.0,2.0,2.0,2.0,3.0,4.0,9.0,3.0,3.0,3.0,2.0,3.0,3.0,4.0,4.0,3.0,5.0,4.0,4.0,3.0,2.0,3.0,4.0,4.0,3.0,3.0,2.0,2.0
E0855,Q,US,3-5y,junior,remote,3,5.0,5.0,5.0,10.0,5.0,3.0,4.0,5.0,4.0,4.0,5.0,5.0,3.0,5.0,4.0,5.0,4.0,3.0,4.0,5.0,5.0,5.0,4.0,5.0,5.0,4.0,5.0,6.0,4.0,4.0,5.0,4.0,3.0,4.0,4.0,4.0,4.0,4.0,5.0,5.0,4.0,4.0,5.0,4.0,5.0,4.0,5.0,4.0,4.0
E0856,Other (24),UK,1-3y,mid,hybrid,3,4.0,5.0,4.0,10.0,5.0,5.0,4.0,3.0,4.0,4.0,3.0,4.0,3.0,3.0,3.0,4.0,3.0,4.0,4.0,4.0,5.0,5.0,3.0,2.0,4.0,2.0,4.0,10.0,3.0,2.0,5.0,2.0,2.0,2.0,5.0,5.0,5.0,4.0,4.0,4.0,4.0,4.0,4.0,3.0,3.0,4.0,4.0,4.0,5.0
E0857,M,Europe,<1y,mid,hybrid,3,4.0,4.0,4.0,8.0,4.0,4.0,3.0,3.0,1.0,4.0,4.0,4.0,1.0,4.0,3.0,5.0,2.0,4.0,2.0,5.0,3.0,2.0,3.0,4.0,5.0,4.0,3.0,5.0,3.0,4.0,4.0,4.0,2.0,3.0,4.0,3.0,4.0,4.0,4.0,4.0,4.0,3.0,3.0,4.0,5.0,4.0,3.0,3.0,3.0
E0858,J,US,3-5y,mid,onsite,3,5.0,2.0,3.0,1.0,3.0,5.0,5.0,2.0,1.0,4.0,3.0,4.0,1.0,4.0,4.0,4.0,3.0,4.0,1.0,5.0,4.0,4.0,4.0,3.0,4.0,2.0,4.0,6.0,4.0,1.0,2.0,3.0,2.0,4.0,4.0,4.0,2.0,4.0,4.0,5.0,3.0,3.0,4.0,3.0,5.0,3.0,5.0,4.0,4.0
E0859,N,India,3-5y,mid,hybrid,3,4.0,3.0,4.0,7.0,4.0,3.0,3.0,4.0,3.0,3.0,4.0,3.0,2.0,4.0,5.0,3.0,1.0,3.0,3.0,4.0,3.0,4.0,4.0,5.0,3.0,3.0,5.0,3.0,3.0,2.0,4.0,2.0,2.0,3.0,2.0,2.0,3.0,4.0,4.0,5.0,4.0,4.0,4.0,3.0,3.0,3.0,4.0,4.0,3.0
E0860,R,Europe,<1y,mid,hybrid,3,2.0,3.0,4.0,9.0,4.0,4.0,3.0,4.0,4.0,5.0,4.0,4.0,3.0,3.0,3.0,4.0,3.0,5.0,3.0,3.0,3.0,4.0,3.0,4.0,5.0,4.0,4.0,8.0,5.0,4.0,4.0,3.0,4.0,3.0,4.0,4.0,4.0,4.0,3.0,4.0,4.0,3.0,4.0,4.0,3.0,3.0,4.0,2.0,3.0
E0861,L,Europe,>5y,senior,onsite,3,3.0,5.0,5.0,5.0,4.0,3.0,2.0,3.0,4.0,3.0,2.0,2.0,2.0,3.0,5.0,4.0,3.0,4.0,3.0,3.0,2.0,5.0,3.0,4.0,3.0,4.0,4.0,7.0,4.0,3.0,4.0,4.0,4.0,2.0,5.0,4.0,4.0,3.0,5.0,4.0,5.0,5.0,5.0,4.0,5.0,5.0,5.0,5.0,4.0
E0862,P,UK,3-5y,junior,hybrid,3,4.0,3.0,4.0,6.0,4.0,5.0,4.0,5.0,2.0,5.0,4.0,4.0,3.0,3.0,5.0,4.0,4.0,5.0,3.0,4.0,4.0,4.0,4.0,4.0,4.0,3.0,5.0,7.0,5.0,5.0,5.0,3.0,3.0,3.0,3.0,4.0,4.0,3.0,3.0,4.0,4.0,5.0,4.0,3.0,3.0,3.0,5.0,3.0,4.0
E0863,O,UK,<1y,mid,hybrid,3,3.0,4.0,5.0,8.0,4.0,3.0,3.0,4.0,2.0,5.0,2.0,5.0,2.0,3.0,4.0,3.0,2.0,2.0,3.0,4.0,4.0,3.0,4.0,3.0,5.0,2.0,4.0,5.0,4.0,2.0,3.0,2.0,2.0,3.0,3.0,3.0,4.0,3.0,3.0,4.0,3.0,3.0,3.0,3.0,3.0,4.0,4.0,3.0,3.0
E0864,B,US,>5y,junior,hybrid,3,5.0,5.0,5.0,8.0,5.0,5.0,3.0,5.0,5.0,5.0,5.0,5.0,5.0,5.0,3.0,5.0,3.0,4.0,3.0,5.0,5.0,5.0,5.0,5.0,5.0,3.0,5.0,10.0,5.0,2.0,3.0,3.0,2.0,2.0,4.0,5.0,5.0,3.0,3.0,3.0,5.0,4.0,4.0,5.0,3.0,4.0,5.0,4.0,4.0
E0865,E,UK,1-3y,junior,onsite,3,3.0,4.0,4.0,9.0,5.0,2.0,4.0,4.0,2.0,3.0,2.0,3.0,4.0,3.0,3.0,2.0,2.0,3.0,3.0,4.0,3.0,4.0,4.0,3.0,3.0,3.0,2.0,8.0,3.0,3.0,5.0,3.0,1.0,2.0,3.0,4.0,4.0,5.0,3.0,5.0,3.0,3.0,4.0,3.0,2.0,3.0,2.0,5.0,5.0
E0866,H,Israel,1-3y,lead,remote,3,5.0,5.0,5.0,10.0,5.0,5.0,5.0,5.0,4.0,5.0,5.0,5.0,4.0,5.0,4.0,5.0,3.0,5.0,5.0,5.0,3.0,5.0,5.0,5.0,5.0,4.0,5.0,8.0,5.0,3.0,5.0,4.0,5.0,5.0,5.0,4.0,4.0,5.0,5.0,4.0,4.0,5.0,4.0,4.0,4.0,5.0,5.0,4.0,4.0
E0867,Other (24),US,3-5y,lead,hybrid,3,4.0,5.0,4.0,10.0,5.0,5.0,4.0,5.0,2.0,5.0,5.0,5.0,1.0,4.0,4.0,4.0,2.0,5.0,5.0,5.0,5.0,4.0,5.0,5.0,4.0,3.0,4.0,6.0,4.0,2.0,5.0,3.0,3.0,4.0,4.0,3.0,5.0,5.0,5.0,5.0,3.0,5.0,4.0,4.0,4.0,4.0,4.0,5.0,5.0
E0868,R,India,1-3y,mid,hybrid,3,3.0,5.0,3.0,7.0,4.0,3.0,2.0,5.0,2.0,4.0,4.0,3.0,1.0,3.0,3.0,3.0,3.0,2.0,3.0,3.0,3.0,3.0,4.0,3.0,4.0,3.0,3.0,3.0,4.0,2.0,4.0,3.0,3.0,4.0,2.0,3.0,4.0,3.0,4.0,4.0,4.0,3.0,2.0,3.0,4.0,2.0,3.0,2.0,3.0
E0869,K,US,<1y,junior,remote,3,1.0,5.0,2.0,5.0,3.0,3.0,2.0,3.0,2.0,4.0,3.0,3.0,2.0,4.0,1.0,3.0,1.0,2.0,2.0,4.0,3.0,3.0,2.0,3.0,2.0,1.0,4.0,5.0,4.0,1.0,4.0,3.0,2.0,2.0,2.0,3.0,3.0,4.0,4.0,4.0,2.0,3.0,3.0,1.0,3.0,3.0,3.0,3.0,3.0
E0870,Other (24),US,>5y,mid,hybrid,3,3.0,3.0,4.0,5.0,3.0,4.0,4.0,3.0,3.0,3.0,3.0,3.0,3.0,3.0,3.0,3.0,1.0,3.0,3.0,4.0,4.0,2.0,2.0,4.0,3.0,1.0,4.0,5.0,3.0,1.0,3.0,1.0,1.0,1.0,4.0,3.0,3.0,3.0,4.0,3.0,4.0,4.0,4.0,2.0,2.0,4.0,4.0,4.0,5.0
E0871,L,India,1-3y,senior,hybrid,3,3.0,2.0,5.0,3.0,2.0,3.0,3.0,3.0,4.0,3.0,2.0,4.0,2.0,4.0,4.0,3.0,1.0,3.0,2.0,5.0,3.0,4.0,3.0,3.0,4.0,2.0,4.0,6.0,2.0,3.0,2.0,2.0,3.0,1.0,3.0,3.0,4.0,2.0,4.0,3.0,3.0,4.0,3.0,1.0,3.0,3.0,2.0,2.0,2.0
E0872,D,India,1-3y,mid,remote,3,4.0,5.0,3.0,5.0,5.0,4.0,3.0,3.0,4.0,4.0,4.0,4.0,4.0,5.0,5.0,3.0,2.0,4.0,3.0,4.0,3.0,4.0,4.0,4.0,4.0,3.0,4.0,8.0,3.0,3.0,3.0,3.0,2.0,4.0,4.0,5.0,4.0,4.0,5.0,4.0,5.0,4.0,4.0,3.0,3.0,4.0,4.0,3.0,3.0
E0873,F,US,<1y,mid,remote,3,3.0,3.0,4.0,3.0,3.0,4.0,3.0,3.0,2.0,5.0,4.0,4.0,2.0,4.0,3.0,4.0,3.0,3.0,2.0,4.0,3.0,5.0,4.0,5.0,4.0,4.0,4.0,8.0,4.0,3.0,4.0,4.0,3.0,4.0,3.0,3.0,4.0,2.0,2.0,3.0,3.0,4.0,4.0,4.0,5.0,4.0,3.0,4.0,3.0
E0874,E,UK,>5y,junior,hybrid,3,4.0,4.0,5.0,8.0,4.0,4.0,2.0,4.0,3.0,4.0,4.0,4.0,3.0,3.0,3.0,2.0,2.0,3.0,4.0,5.0,4.0,3.0,3.0,3.0,3.0,3.0,4.0,10.0,3.0,2.0,5.0,3.0,2.0,3.0,4.0,4.0,4.0,2.0,3.0,3.0,4.0,4.0,4.0,4.0,4.0,4.0,5.0,3.0,3.0
E0875,Other (24),Europe,1-3y,mid,hybrid,3,2.0,5.0,4.0,9.0,3.0,4.0,3.0,3.0,4.0,4.0,4.0,5.0,3.0,3.0,2.0,4.0,4.0,1.0,3.0,4.0,2.0,4.0,4.0,4.0,5.0,3.0,4.0,9.0,3.0,3.0,4.0,3.0,3.0,2.0,4.0,4.0,4.0,3.0,3.0,2.0,4.0,3.0,4.0,5.0,5.0,4.0,5.0,2.0,2.0
E0876,D,UK,3-5y,senior,hybrid,3,5.0,3.0,4.0,6.0,4.0,4.0,4.0,5.0,3.0,4.0,4.0,4.0,4.0,5.0,5.0,4.0,3.0,3.0,3.0,5.0,4.0,4.0,3.0,5.0,5.0,3.0,5.0,6.0,5.0,4.0,4.0,2.0,4.0,5.0,3.0,3.0,4.0,4.0,4.0,4.0,3.0,4.0,3.0,4.0,4.0,5.0,5.0,4.0,4.0
E0877,F,Europe,<1y,senior,hybrid,3,3.0,3.0,4.0,5.0,4.0,3.0,3.0,3.0,2.0,4.0,3.0,3.0,3.0,4.0,3.0,3.0,4.0,3.0,2.0,3.0,3.0,3.0,5.0,4.0,5.0,3.0,4.0,6.0,4.0,3.0,3.0,4.0,4.0,3.0,3.0,3.0,3.0,4.0,3.0,4.0,4.0,3.0,4.0,4.0,3.0,4.0,4.0,3.0,4.0
E0878,I,US,<1y,junior,onsite,3,4.0,4.0,5.0,9.0,5.0,5.0,4.0,5.0,2.0,4.0,5.0,5.0,2.0,5.0,3.0,3.0,4.0,5.0,5.0,5.0,5.0,5.0,5.0,5.0,4.0,3.0,4.0,6.0,3.0,3.0,5.0,3.0,4.0,4.0,5.0,5.0,4.0,4.0,4.0,3.0,5.0,3.0,4.0,4.0,5.0,4.0,4.0,3.0,4.0
E0879,H,Israel,1-3y,junior,hybrid,3,5.0,5.0,5.0,10.0,4.0,5.0,5.0,5.0,5.0,4.0,4.0,4.0,4.0,4.0,4.0,4.0,4.0,3.0,5.0,3.0,4.0,5.0,5.0,4.0,5.0,4.0,4.0,10.0,4.0,5.0,5.0,4.0,3.0,3.0,5.0,5.0,5.0,5.0,5.0,5.0,5.0,5.0,5.0,4.0,3.0,5.0,5.0,5.0,5.0
E0880,E,US,1-3y,mid,hybrid,3,2.0,4.0,4.0,7.0,3.0,3.0,3.0,4.0,3.0,4.0,3.0,4.0,3.0,5.0,3.0,3.0,3.0,3.0,3.0,5.0,3.0,4.0,4.0,4.0,4.0,3.0,3.0,7.0,4.0,4.0,3.0,2.0,3.0,3.0,2.0,3.0,4.0,3.0,3.0,3.0,2.0,4.0,3.0,4.0,3.0,5.0,5.0,3.0,4.0
E0881,M,Europe,3-5y,senior,hybrid,3,4.0,4.0,4.0,7.0,3.0,3.0,3.0,3.0,3.0,3.0,3.0,4.0,3.0,3.0,3.0,4.0,2.0,3.0,2.0,5.0,3.0,4.0,3.0,4.0,4.0,3.0,4.0,8.0,3.0,3.0,4.0,2.0,1.0,2.0,5.0,4.0,4.0,3.0,3.0,3.0,4.0,5.0,5.0,3.0,3.0,4.0,4.0,3.0,3.0
E0882,G,US,>5y,senior,hybrid,3,4.0,4.0,3.0,6.0,3.0,3.0,2.0,5.0,2.0,3.0,4.0,5.0,2.0,3.0,3.0,5.0,2.0,4.0,2.0,4.0,3.0,3.0,3.0,4.0,4.0,1.0,4.0,4.0,4.0,3.0,5.0,3.0,3.0,2.0,5.0,4.0,4.0,5.0,4.0,4.0,4.0,4.0,4.0,4.0,3.0,3.0,4.0,4.0,4.0
E0883,R,Israel,1-3y,mid,hybrid,3,2.0,4.0,3.0,8.0,3.0,4.0,2.0,4.0,3.0,4.0,4.0,4.0,3.0,2.0,2.0,2.0,2.0,4.0,4.0,3.0,3.0,3.0,2.0,1.0,4.0,3.0,2.0,4.0,2.0,5.0,5.0,3.0,3.0,4.0,5.0,4.0,4.0,4.0,3.0,4.0,5.0,4.0,5.0,5.0,5.0,3.0,4.0,4.0,4.0
E0884,M,US,1-3y,senior,remote,3,4.0,4.0,5.0,6.0,2.0,5.0,5.0,4.0,4.0,4.0,5.0,5.0,4.0,5.0,4.0,5.0,3.0,4.0,2.0,5.0,3.0,5.0,5.0,4.0,5.0,5.0,5.0,7.0,5.0,4.0,4.0,3.0,3.0,4.0,4.0,5.0,5.0,5.0,5.0,4.0,5.0,5.0,5.0,5.0,4.0,4.0,4.0,4.0,4.0
E0885,C,US,1-3y,mid,hybrid,3,2.0,3.0,4.0,8.0,5.0,4.0,3.0,3.0,3.0,4.0,3.0,5.0,3.0,4.0,4.0,4.0,3.0,4.0,4.0,4.0,3.0,3.0,4.0,4.0,3.0,4.0,3.0,7.0,3.0,3.0,3.0,2.0,2.0,3.0,5.0,5.0,4.0,5.0,5.0,5.0,2.0,3.0,3.0,3.0,3.0,4.0,3.0,3.0,3.0
E0886,R,US,1-3y,mid,remote,3,4.0,3.0,4.0,7.0,4.0,4.0,3.0,5.0,4.0,4.0,4.0,3.0,3.0,4.0,3.0,4.0,5.0,3.0,3.0,4.0,5.0,4.0,4.0,3.0,5.0,4.0,4.0,5.0,2.0,4.0,5.0,3.0,3.0,4.0,4.0,4.0,4.0,4.0,4.0,4.0,4.0,4.0,4.0,5.0,5.0,3.0,3.0,4.0,5.0
E0887,O,US,1-3y,mid,hybrid,3,3.0,5.0,5.0,6.0,4.0,3.0,4.0,4.0,2.0,4.0,4.0,3.0,2.0,4.0,2.0,3.0,3.0,3.0,4.0,5.0,4.0,5.0,5.0,4.0,4.0,3.0,4.0,5.0,3.0,3.0,4.0,3.0,4.0,4.0,4.0,4.0,4.0,5.0,4.0,5.0,5.0,5.0,4.0,3.0,3.0,3.0,3.0,5.0,4.0
E0888,O,Israel,>5y,senior,remote,3,4.0,4.0,5.0,6.0,3.0,5.0,4.0,3.0,3.0,4.0,3.0,3.0,4.0,3.0,4.0,3.0,3.0,4.0,3.0,4.0,3.0,5.0,4.0,4.0,5.0,3.0,4.0,6.0,3.0,2.0,4.0,2.0,2.0,3.0,5.0,5.0,5.0,3.0,3.0,2.0,4.0,4.0,4.0,3.0,3.0,4.0,4.0,2.0,4.0
E0889,R,Europe,3-5y,junior,hybrid,3,2.0,3.0,3.0,5.0,3.0,2.0,2.0,3.0,4.0,3.0,3.0,3.0,3.0,3.0,2.0,3.0,2.0,2.0,3.0,3.0,2.0,2.0,3.0,3.0,4.0,3.0,3.0,7.0,3.0,2.0,2.0,1.0,3.0,1.0,2.0,3.0,3.0,3.0,3.0,3.0,3.0,2.0,3.0,4.0,3.0,4.0,3.0,3.0,4.0
E0890,D,US,1-3y,junior,remote,3,5.0,5.0,5.0,6.0,4.0,4.0,3.0,3.0,4.0,4.0,4.0,3.0,3.0,3.0,5.0,3.0,3.0,3.0,5.0,5.0,3.0,4.0,4.0,5.0,5.0,4.0,4.0,7.0,4.0,3.0,5.0,2.0,3.0,4.0,4.0,4.0,4.0,4.0,3.0,5.0,3.0,3.0,4.0,3.0,3.0,5.0,4.0,2.0,3.0
E0891,H,Europe,1-3y,mid,hybrid,3,5.0,5.0,5.0,10.0,4.0,5.0,4.0,5.0,5.0,5.0,4.0,5.0,5.0,4.0,4.0,4.0,4.0,3.0,4.0,4.0,4.0,4.0,4.0,4.0,5.0,4.0,5.0,10.0,3.0,5.0,5.0,4.0,4.0,4.0,4.0,5.0,4.0,4.0,4.0,5.0,4.0,4.0,3.0,5.0,5.0,4.0,4.0,3.0,3.0
E0892,M,India,>5y,mid,hybrid,3,5.0,5.0,4.0,10.0,4.0,5.0,3.0,3.0,4.0,3.0,3.0,3.0,4.0,2.0,5.0,3.0,2.0,4.0,3.0,5.0,3.0,3.0,3.0,4.0,5.0,3.0,3.0,8.0,3.0,2.0,4.0,2.0,2.0,3.0,4.0,4.0,4.0,2.0,3.0,3.0,4.0,4.0,4.0,4.0,3.0,4.0,3.0,4.0,4.0
E0893,R,US,1-3y,mid,remote,3,5.0,5.0,5.0,10.0,4.0,5.0,5.0,4.0,3.0,5.0,5.0,5.0,2.0,4.0,3.0,4.0,2.0,5.0,3.0,5.0,4.0,3.0,4.0,5.0,5.0,3.0,4.0,7.0,4.0,3.0,5.0,2.0,3.0,4.0,5.0,4.0,4.0,4.0,5.0,4.0,5.0,4.0,5.0,3.0,4.0,4.0,3.0,3.0,4.0
E0894,J,India,1-3y,mid,remote,3,4.0,4.0,3.0,5.0,3.0,4.0,3.0,4.0,2.0,2.0,4.0,4.0,2.0,4.0,3.0,4.0,2.0,3.0,3.0,5.0,4.0,4.0,3.0,5.0,3.0,2.0,5.0,7.0,4.0,2.0,5.0,2.0,2.0,3.0,4.0,4.0,3.0,3.0,4.0,4.0,4.0,4.0,5.0,3.0,3.0,4.0,4.0,4.0,4.0
E0895,Other (24),US,<1y,junior,remote,3,3.0,5.0,5.0,9.0,5.0,4.0,4.0,5.0,2.0,3.0,3.0,4.0,3.0,3.0,3.0,5.0,3.0,4.0,3.0,4.0,2.0,5.0,5.0,3.0,4.0,3.0,4.0,3.0,3.0,3.0,5.0,4.0,4.0,4.0,4.0,4.0,5.0,4.0,4.0,5.0,2.0,4.0,3.0,5.0,4.0,5.0,5.0,3.0,4.0
E0896,A,US,3-5y,senior,hybrid,3,5.0,4.0,4.0,6.0,4.0,4.0,4.0,3.0,3.0,4.0,4.0,5.0,3.0,3.0,4.0,5.0,3.0,5.0,3.0,4.0,5.0,3.0,5.0,4.0,5.0,2.0,4.0,6.0,4.0,4.0,4.0,5.0,4.0,4.0,5.0,4.0,5.0,5.0,4.0,4.0,5.0,5.0,5.0,4.0,3.0,4.0,4.0,4.0,4.0
E0897,Other (24),Israel,1-3y,junior,remote,3,4.0,4.0,3.0,7.0,4.0,5.0,3.0,2.0,3.0,3.0,3.0,4.0,4.0,2.0,4.0,3.0,4.0,3.0,2.0,3.0,4.0,4.0,3.0,4.0,5.0,2.0,4.0,9.0,3.0,3.0,3.0,4.0,4.0,3.0,5.0,4.0,5.0,5.0,5.0,4.0,4.0,3.0,4.0,5.0,5.0,4.0,4.0,3.0,3.0
E0898,Other (24),Europe,3-5y,junior,hybrid,3,4.0,5.0,5.0,9.0,4.0,3.0,4.0,4.0,4.0,5.0,4.0,4.0,3.0,3.0,3.0,4.0,1.0,3.0,3.0,5.0,3.0,3.0,4.0,5.0,4.0,1.0,5.0,10.0,4.0,1.0,4.0,1.0,2.0,2.0,4.0,3.0,4.0,3.0,3.0,3.0,3.0,4.0,4.0,3.0,3.0,4.0,3.0,3.0,3.0
E0899,Other (24),UK,1-3y,mid,hybrid,3,3.0,4.0,4.0,9.0,5.0,3.0,4.0,4.0,4.0,4.0,2.0,5.0,2.0,3.0,2.0,4.0,4.0,2.0,4.0,4.0,3.0,3.0,3.0,3.0,5.0,3.0,4.0,6.0,3.0,4.0,5.0,3.0,3.0,4.0,4.0,4.0,4.0,3.0,2.0,4.0,2.0,2.0,1.0,4.0,4.0,3.0,3.0,3.0,3.0
E0900,N,UK,>5y,lead,remote,3,5.0,4.0,3.0,10.0,5.0,5.0,4.0,5.0,3.0,2.0,4.0,4.0,3.0,5.0,5.0,3.0,5.0,4.0,5.0,4.0,4.0,5.0,4.0,4.0,3.0,4.0,4.0,4.0,2.0,4.0,5.0,5.0,4.0,5.0,4.0,3.0,4.0,3.0,3.0,4.0,5.0,5.0,5.0,5.0,4.0,2.0,3.0,4.0,3.0
E0901,Other (24),Europe,1-3y,lead,hybrid,3,3.0,4.0,3.0,9.0,4.0,3.0,4.0,5.0,3.0,5.0,4.0,5.0,3.0,2.0,2.0,4.0,1.0,3.0,4.0,4.0,3.0,2.0,3.0,4.0,4.0,2.0,3.0,8.0,4.0,2.0,3.0,3.0,3.0,2.0,5.0,5.0,4.0,5.0,4.0,4.0,2.0,4.0,4.0,3.0,3.0,5.0,4.0,4.0,3.0
E0902,Other (24),Europe,<1y,senior,hybrid,3,4.0,4.0,3.0,7.0,5.0,5.0,4.0,4.0,2.0,5.0,2.0,3.0,2.0,3.0,4.0,5.0,3.0,4.0,4.0,5.0,3.0,5.0,4.0,5.0,5.0,2.0,4.0,5.0,3.0,4.0,4.0,4.0,4.0,3.0,4.0,5.0,5.0,5.0,3.0,4.0,4.0,5.0,5.0,5.0,4.0,4.0,4.0,4.0,3.0
E0903,Other (24),Europe,<1y,mid,hybrid,3,5.0,3.0,5.0,9.0,4.0,5.0,4.0,3.0,3.0,2.0,2.0,5.0,1.0,4.0,3.0,4.0,1.0,5.0,2.0,4.0,5.0,4.0,3.0,5.0,5.0,1.0,4.0,7.0,4.0,1.0,3.0,2.0,3.0,2.0,3.0,3.0,4.0,3.0,4.0,3.0,2.0,4.0,3.0,2.0,1.0,4.0,4.0,4.0,3.0
E0904,E,Israel,<1y,mid,hybrid,3,2.0,3.0,3.0,7.0,3.0,3.0,3.0,3.0,3.0,2.0,3.0,2.0,2.0,2.0,3.0,2.0,2.0,3.0,4.0,3.0,3.0,2.0,1.0,2.0,3.0,3.0,2.0,6.0,2.0,5.0,3.0,3.0,4.0,3.0,3.0,1.0,2.0,5.0,3.0,3.0,4.0,3.0,3.0,4.0,3.0,4.0,3.0,3.0,3.0
E0905,A,India,<1y,junior,remote,3,3.0,2.0,4.0,5.0,3.0,4.0,5.0,3.0,2.0,4.0,4.0,4.0,3.0,4.0,4.0,3.0,2.0,4.0,3.0,5.0,4.0,3.0,4.0,4.0,4.0,2.0,4.0,6.0,3.0,4.0,4.0,3.0,3.0,4.0,3.0,2.0,3.0,4.0,4.0,2.0,5.0,3.0,4.0,3.0,3.0,4.0,4.0,4.0,5.0
E0906,M,Israel,<1y,lead,hybrid,3,1.0,4.0,5.0,10.0,3.0,3.0,3.0,4.0,3.0,3.0,3.0,4.0,2.0,3.0,3.0,4.0,3.0,3.0,4.0,5.0,2.0,3.0,4.0,5.0,4.0,4.0,5.0,4.0,2.0,3.0,4.0,3.0,4.0,5.0,4.0,4.0,5.0,5.0,4.0,4.0,5.0,5.0,4.0,4.0,4.0,5.0,3.0,4.0,4.0
E0907,N,US,1-3y,junior,hybrid,3,3.0,3.0,5.0,6.0,5.0,3.0,3.0,3.0,2.0,4.0,5.0,4.0,2.0,5.0,4.0,4.0,4.0,4.0,4.0,5.0,4.0,5.0,4.0,4.0,3.0,4.0,4.0,6.0,4.0,4.0,5.0,4.0,4.0,4.0,4.0,4.0,4.0,3.0,2.0,3.0,5.0,5.0,5.0,4.0,4.0,5.0,4.0,4.0,4.0
E0908,R,Israel,1-3y,mid,hybrid,3,3.0,5.0,4.0,8.0,4.0,4.0,3.0,4.0,4.0,5.0,4.0,5.0,4.0,3.0,4.0,4.0,3.0,3.0,4.0,3.0,3.0,4.0,3.0,3.0,4.0,2.0,4.0,9.0,3.0,2.0,4.0,3.0,4.0,3.0,4.0,4.0,5.0,4.0,4.0,4.0,4.0,5.0,4.0,3.0,4.0,2.0,4.0,4.0,4.0
E0909,R,Israel,1-3y,mid,hybrid,3,2.0,3.0,4.0,6.0,5.0,3.0,2.0,5.0,3.0,3.0,3.0,2.0,3.0,3.0,2.0,4.0,2.0,3.0,2.0,4.0,1.0,3.0,2.0,3.0,3.0,2.0,3.0,6.0,3.0,2.0,4.0,1.0,2.0,2.0,3.0,4.0,3.0,2.0,3.0,2.0,4.0,4.0,3.0,4.0,4.0,4.0,3.0,2.0,3.0
E0910,A,US,1-3y,junior,hybrid,3,4.0,4.0,4.0,5.0,4.0,4.0,4.0,4.0,3.0,4.0,3.0,3.0,3.0,5.0,3.0,4.0,3.0,4.0,3.0,3.0,3.0,4.0,4.0,5.0,4.0,4.0,4.0,7.0,3.0,3.0,4.0,4.0,4.0,3.0,5.0,5.0,4.0,4.0,4.0,4.0,5.0,5.0,4.0,4.0,4.0,4.0,4.0,3.0,3.0
E0911,K,Europe,1-3y,junior,hybrid,3,4.0,2.0,5.0,2.0,3.0,4.0,2.0,2.0,3.0,5.0,4.0,3.0,4.0,3.0,4.0,5.0,3.0,5.0,2.0,4.0,4.0,2.0,4.0,4.0,4.0,2.0,4.0,6.0,3.0,3.0,3.0,2.0,3.0,3.0,3.0,3.0,3.0,2.0,3.0,3.0,5.0,4.0,5.0,4.0,4.0,5.0,3.0,4.0,4.0
E0912,C,US,1-3y,junior,onsite,3,3.0,2.0,4.0,6.0,5.0,2.0,2.0,2.0,2.0,3.0,3.0,3.0,2.0,1.0,2.0,3.0,2.0,2.0,4.0,3.0,3.0,3.0,3.0,2.0,2.0,3.0,4.0,5.0,2.0,3.0,5.0,2.0,2.0,2.0,5.0,3.0,3.0,4.0,4.0,4.0,3.0,4.0,4.0,4.0,3.0,4.0,3.0,4.0,3.0
E0913,L,Europe,<1y,mid,remote,3,3.0,3.0,4.0,5.0,3.0,3.0,3.0,3.0,3.0,3.0,2.0,4.0,3.0,3.0,3.0,4.0,1.0,2.0,3.0,3.0,2.0,4.0,3.0,4.0,3.0,3.0,4.0,8.0,3.0,3.0,4.0,3.0,4.0,3.0,4.0,4.0,5.0,4.0,4.0,4.0,4.0,4.0,4.0,5.0,5.0,4.0,4.0,3.0,3.0
E0914,Other (24),US,3-5y,mid,onsite,3,4.0,5.0,4.0,7.0,5.0,4.0,4.0,4.0,4.0,4.0,3.0,4.0,2.0,3.0,3.0,3.0,3.0,4.0,4.0,4.0,3.0,4.0,4.0,4.0,4.0,3.0,4.0,7.0,3.0,3.0,5.0,3.0,3.0,3.0,4.0,4.0,5.0,4.0,3.0,4.0,4.0,4.0,4.0,4.0,4.0,4.0,4.0,4.0,5.0
E0915,F,US,3-5y,senior,remote,3,3.0,4.0,2.0,4.0,3.0,4.0,5.0,3.0,4.0,2.0,3.0,3.0,3.0,4.0,5.0,3.0,3.0,3.0,2.0,2.0,4.0,5.0,3.0,2.0,4.0,2.0,3.0,8.0,4.0,3.0,4.0,2.0,3.0,4.0,3.0,3.0,3.0,5.0,4.0,4.0,2.0,3.0,3.0,4.0,4.0,3.0,4.0,3.0,5.0
E0916,L,UK,1-3y,mid,remote,3,4.0,4.0,4.0,4.0,3.0,4.0,2.0,3.0,4.0,2.0,1.0,3.0,1.0,3.0,3.0,4.0,3.0,4.0,3.0,4.0,3.0,3.0,3.0,3.0,3.0,2.0,3.0,5.0,1.0,3.0,4.0,2.0,2.0,3.0,3.0,3.0,2.0,3.0,4.0,4.0,4.0,3.0,3.0,3.0,2.0,5.0,4.0,3.0,4.0
E0917,A,Israel,3-5y,mid,hybrid,3,4.0,3.0,4.0,6.0,2.0,4.0,4.0,3.0,2.0,3.0,2.0,4.0,2.0,3.0,3.0,3.0,1.0,4.0,3.0,3.0,4.0,4.0,3.0,3.0,4.0,1.0,3.0,6.0,4.0,2.0,4.0,3.0,3.0,3.0,3.0,3.0,4.0,4.0,3.0,4.0,5.0,4.0,4.0,3.0,2.0,4.0,3.0,2.0,2.0
E0918,O,UK,<1y,mid,remote,3,2.0,5.0,5.0,5.0,4.0,4.0,3.0,2.0,1.0,5.0,4.0,4.0,2.0,3.0,4.0,3.0,3.0,3.0,3.0,4.0,4.0,4.0,5.0,4.0,5.0,3.0,4.0,4.0,4.0,3.0,4.0,3.0,4.0,3.0,3.0,4.0,4.0,5.0,4.0,5.0,4.0,4.0,5.0,4.0,4.0,3.0,4.0,5.0,4.0
E0919,Other (24),Israel,1-3y,mid,onsite,3,5.0,4.0,4.0,8.0,4.0,4.0,4.0,5.0,3.0,4.0,3.0,4.0,3.0,2.0,4.0,4.0,3.0,5.0,5.0,5.0,4.0,3.0,3.0,3.0,4.0,3.0,4.0,7.0,4.0,2.0,4.0,3.0,4.0,3.0,3.0,4.0,4.0,3.0,4.0,3.0,4.0,3.0,4.0,5.0,4.0,4.0,4.0,4.0,3.0
E0920,L,Israel,3-5y,mid,hybrid,3,4.0,3.0,4.0,7.0,5.0,4.0,4.0,2.0,4.0,5.0,3.0,3.0,2.0,3.0,4.0,3.0,2.0,4.0,3.0,4.0,3.0,4.0,2.0,4.0,3.0,2.0,4.0,5.0,3.0,2.0,3.0,2.0,3.0,3.0,4.0,3.0,3.0,5.0,5.0,4.0,4.0,3.0,5.0,2.0,4.0,4.0,4.0,4.0,4.0
E0921,H,Israel,1-3y,senior,hybrid,3,5.0,5.0,5.0,10.0,5.0,5.0,5.0,5.0,5.0,4.0,5.0,4.0,5.0,4.0,5.0,3.0,4.0,5.0,5.0,4.0,5.0,5.0,4.0,4.0,5.0,4.0,5.0,10.0,4.0,4.0,5.0,3.0,4.0,4.0,5.0,5.0,5.0,5.0,5.0,5.0,4.0,4.0,5.0,4.0,4.0,4.0,4.0,3.0,3.0
E0922,Other (24),US,3-5y,mid,hybrid,3,3.0,4.0,3.0,9.0,4.0,3.0,2.0,4.0,3.0,3.0,2.0,3.0,3.0,2.0,2.0,4.0,4.0,2.0,4.0,4.0,3.0,5.0,2.0,4.0,4.0,3.0,3.0,4.0,3.0,2.0,4.0,3.0,3.0,3.0,4.0,5.0,4.0,4.0,4.0,4.0,4.0,4.0,4.0,4.0,3.0,4.0,4.0,4.0,4.0
E0923,G,UK,1-3y,mid,hybrid,3,5.0,3.0,4.0,6.0,4.0,4.0,4.0,3.0,3.0,5.0,3.0,4.0,4.0,3.0,4.0,4.0,2.0,3.0,2.0,4.0,5.0,4.0,3.0,2.0,5.0,1.0,3.0,5.0,4.0,2.0,3.0,4.0,3.0,2.0,4.0,4.0,4.0,3.0,4.0,5.0,3.0,3.0,3.0,3.0,4.0,2.0,3.0,4.0,4.0
E0924,N,Europe,3-5y,junior,onsite,3,3.0,5.0,5.0,9.0,5.0,4.0,2.0,4.0,3.0,4.0,4.0,5.0,2.0,4.0,5.0,4.0,4.0,3.0,3.0,5.0,4.0,5.0,4.0,5.0,4.0,4.0,4.0,2.0,5.0,3.0,4.0,4.0,5.0,4.0,3.0,4.0,4.0,5.0,4.0,4.0,5.0,4.0,5.0,4.0,5.0,4.0,5.0,3.0,3.0
E0925,N,Europe,>5y,lead,remote,3,4.0,5.0,2.0,9.0,5.0,4.0,3.0,5.0,3.0,3.0,3.0,3.0,3.0,4.0,4.0,2.0,3.0,4.0,4.0,5.0,4.0,4.0,3.0,3.0,3.0,3.0,5.0,5.0,3.0,4.0,5.0,4.0,3.0,4.0,4.0,5.0,5.0,3.0,3.0,4.0,4.0,4.0,4.0,4.0,4.0,5.0,3.0,4.0,5.0
E0926,D,Europe,>5y,junior,hybrid,3,4.0,4.0,5.0,6.0,4.0,5.0,4.0,4.0,5.0,5.0,5.0,5.0,3.0,5.0,5.0,5.0,4.0,3.0,3.0,4.0,3.0,5.0,5.0,5.0,5.0,5.0,5.0,7.0,5.0,4.0,4.0,4.0,3.0,5.0,5.0,3.0,3.0,4.0,5.0,4.0,5.0,5.0,5.0,5.0,5.0,4.0,5.0,4.0,3.0
E0927,P,UK,1-3y,lead,hybrid,3,2.0,4.0,3.0,7.0,5.0,3.0,1.0,4.0,1.0,5.0,3.0,4.0,2.0,3.0,2.0,4.0,2.0,3.0,4.0,2.0,4.0,3.0,4.0,4.0,4.0,2.0,5.0,10.0,3.0,1.0,5.0,2.0,2.0,2.0,5.0,3.0,3.0,3.0,3.0,3.0,3.0,3.0,4.0,3.0,2.0,3.0,4.0,4.0,4.0
E0928,O,Europe,>5y,junior,hybrid,3,3.0,4.0,5.0,7.0,3.0,4.0,3.0,3.0,4.0,4.0,4.0,5.0,2.0,5.0,4.0,5.0,3.0,3.0,2.0,5.0,5.0,5.0,5.0,5.0,5.0,1.0,5.0,5.0,5.0,2.0,4.0,3.0,3.0,4.0,5.0,4.0,4.0,3.0,4.0,4.0,4.0,5.0,5.0,3.0,3.0,4.0,4.0,2.0,3.0
E0929,N,India,1-3y,mid,hybrid,3,2.0,4.0,3.0,9.0,5.0,3.0,2.0,4.0,2.0,3.0,3.0,4.0,3.0,4.0,3.0,4.0,4.0,2.0,5.0,3.0,2.0,5.0,5.0,4.0,4.0,3.0,4.0,8.0,3.0,3.0,5.0,4.0,4.0,4.0,3.0,3.0,2.0,2.0,2.0,3.0,2.0,3.0,3.0,3.0,4.0,3.0,3.0,2.0,1.0
E0930,F,Israel,1-3y,mid,remote,3,3.0,4.0,4.0,3.0,2.0,3.0,4.0,3.0,2.0,4.0,3.0,3.0,3.0,4.0,4.0,4.0,2.0,3.0,2.0,5.0,4.0,4.0,3.0,5.0,4.0,3.0,5.0,7.0,4.0,3.0,2.0,3.0,2.0,2.0,3.0,3.0,3.0,4.0,4.0,4.0,3.0,3.0,3.0,3.0,3.0,4.0,4.0,4.0,3.0
E0931,Other (24),UK,<1y,senior,hybrid,3,4.0,3.0,3.0,9.0,3.0,3.0,4.0,3.0,3.0,4.0,3.0,5.0,1.0,2.0,3.0,4.0,1.0,5.0,3.0,2.0,4.0,4.0,3.0,3.0,4.0,1.0,3.0,5.0,3.0,1.0,3.0,2.0,2.0,1.0,3.0,4.0,4.0,3.0,3.0,4.0,4.0,3.0,4.0,3.0,2.0,3.0,4.0,3.0,2.0
E0932,P,Europe,1-3y,mid,hybrid,3,4.0,4.0,4.0,5.0,4.0,4.0,5.0,3.0,1.0,5.0,4.0,5.0,2.0,4.0,4.0,5.0,3.0,4.0,2.0,4.0,5.0,4.0,3.0,4.0,5.0,4.0,4.0,6.0,5.0,4.0,4.0,3.0,2.0,4.0,4.0,4.0,3.0,4.0,4.0,2.0,5.0,4.0,5.0,3.0,5.0,3.0,3.0,3.0,2.0
E0933,P,UK,1-3y,junior,hybrid,3,3.0,4.0,4.0,5.0,4.0,3.0,3.0,4.0,3.0,5.0,4.0,5.0,3.0,5.0,3.0,3.0,2.0,4.0,3.0,3.0,3.0,4.0,4.0,4.0,4.0,3.0,3.0,8.0,4.0,3.0,5.0,3.0,1.0,2.0,3.0,3.0,4.0,4.0,4.0,4.0,4.0,4.0,4.0,3.0,4.0,3.0,3.0,4.0,4.0
E0934,A,US,<1y,mid,hybrid,3,4.0,3.0,3.0,6.0,3.0,3.0,4.0,3.0,2.0,3.0,2.0,3.0,2.0,4.0,3.0,3.0,2.0,4.0,3.0,3.0,3.0,4.0,4.0,4.0,3.0,2.0,5.0,4.0,4.0,4.0,5.0,5.0,5.0,5.0,3.0,3.0,4.0,3.0,2.0,2.0,3.0,5.0,4.0,4.0,5.0,4.0,3.0,3.0,3.0
E0935,R,US,<1y,senior,onsite,3,2.0,4.0,4.0,9.0,5.0,1.0,1.0,5.0,3.0,4.0,5.0,5.0,2.0,3.0,1.0,4.0,2.0,1.0,4.0,5.0,2.0,4.0,4.0,5.0,5.0,3.0,4.0,5.0,4.0,1.0,5.0,2.0,2.0,2.0,3.0,3.0,4.0,2.0,3.0,3.0,3.0,4.0,3.0,3.0,2.0,4.0,3.0,3.0,3.0
E0936,Other (24),US,1-3y,lead,hybrid,3,4.0,5.0,2.0,5.0,4.0,4.0,4.0,3.0,3.0,3.0,2.0,2.0,2.0,2.0,4.0,3.0,3.0,3.0,4.0,3.0,3.0,2.0,2.0,3.0,4.0,2.0,2.0,5.0,2.0,2.0,3.0,2.0,3.0,1.0,4.0,4.0,4.0,4.0,4.0,3.0,4.0,5.0,5.0,4.0,4.0,3.0,4.0,4.0,3.0
E0937,H,Israel,1-3y,junior,onsite,3,3.0,4.0,5.0,8.0,4.0,5.0,5.0,4.0,5.0,4.0,4.0,4.0,4.0,5.0,4.0,4.0,3.0,4.0,4.0,4.0,4.0,4.0,4.0,4.0,5.0,4.0,5.0,10.0,4.0,3.0,4.0,3.0,4.0,4.0,4.0,3.0,4.0,2.0,4.0,5.0,4.0,5.0,5.0,4.0,5.0,2.0,3.0,4.0,3.0
E0938,R,Israel,1-3y,senior,hybrid,3,3.0,4.0,4.0,7.0,3.0,5.0,3.0,4.0,2.0,5.0,3.0,4.0,3.0,4.0,2.0,4.0,2.0,3.0,3.0,4.0,3.0,4.0,3.0,2.0,5.0,2.0,4.0,4.0,5.0,2.0,3.0,2.0,2.0,2.0,4.0,3.0,3.0,3.0,5.0,3.0,5.0,4.0,4.0,4.0,3.0,4.0,3.0,2.0,3.0
E0939,N,UK,<1y,senior,hybrid,3,4.0,4.0,4.0,6.0,4.0,5.0,4.0,4.0,3.0,2.0,4.0,4.0,5.0,4.0,5.0,2.0,3.0,5.0,3.0,4.0,5.0,5.0,3.0,3.0,4.0,2.0,5.0,6.0,4.0,2.0,5.0,2.0,3.0,3.0,4.0,4.0,4.0,2.0,2.0,3.0,4.0,5.0,5.0,2.0,4.0,3.0,4.0,4.0,3.0
E0940,K,UK,1-3y,senior,remote,3,2.0,4.0,3.0,7.0,3.0,1.0,2.0,3.0,2.0,4.0,5.0,4.0,2.0,3.0,2.0,3.0,2.0,3.0,3.0,4.0,3.0,3.0,3.0,4.0,5.0,4.0,5.0,4.0,5.0,2.0,3.0,1.0,2.0,3.0,3.0,3.0,3.0,3.0,4.0,3.0,4.0,3.0,4.0,3.0,4.0,2.0,4.0,3.0,3.0
E0941,Other (24),India,<1y,junior,hybrid,3,3.0,5.0,5.0,7.0,5.0,4.0,4.0,4.0,2.0,4.0,4.0,5.0,2.0,3.0,4.0,5.0,3.0,4.0,2.0,4.0,3.0,3.0,4.0,5.0,5.0,4.0,5.0,5.0,4.0,2.0,4.0,3.0,3.0,4.0,3.0,4.0,3.0,4.0,4.0,4.0,3.0,3.0,4.0,5.0,4.0,3.0,4.0,3.0,2.0
E0942,C,US,>5y,mid,onsite,3,2.0,4.0,5.0,8.0,4.0,4.0,4.0,4.0,3.0,5.0,5.0,5.0,3.0,5.0,3.0,5.0,4.0,4.0,3.0,5.0,4.0,3.0,5.0,4.0,5.0,5.0,4.0,7.0,4.0,2.0,5.0,3.0,3.0,2.0,5.0,4.0,4.0,2.0,4.0,3.0,5.0,5.0,5.0,4.0,3.0,3.0,3.0,4.0,3.0
E0943,B,Europe,1-3y,mid,hybrid,3,4.0,4.0,5.0,7.0,4.0,4.0,5.0,4.0,4.0,4.0,4.0,5.0,2.0,4.0,3.0,4.0,3.0,3.0,3.0,5.0,4.0,3.0,5.0,4.0,5.0,3.0,4.0,8.0,5.0,3.0,3.0,4.0,4.0,3.0,4.0,4.0,5.0,5.0,4.0,5.0,2.0,4.0,3.0,4.0,4.0,4.0,4.0,3.0,4.0
E0944,Other (24),UK,>5y,lead,remote,3,3.0,4.0,4.0,7.0,2.0,4.0,2.0,2.0,3.0,3.0,2.0,3.0,3.0,2.0,3.0,4.0,2.0,3.0,3.0,5.0,2.0,4.0,2.0,3.0,3.0,1.0,3.0,7.0,4.0,2.0,3.0,3.0,3.0,2.0,4.0,4.0,4.0,3.0,3.0,2.0,3.0,3.0,4.0,3.0,3.0,3.0,3.0,3.0,3.0
E0945,R,Europe,3-5y,mid,onsite,3,3.0,4.0,3.0,7.0,3.0,5.0,3.0,3.0,4.0,4.0,4.0,4.0,3.0,4.0,2.0,3.0,2.0,4.0,4.0,4.0,2.0,4.0,3.0,4.0,5.0,3.0,3.0,8.0,4.0,2.0,3.0,3.0,2.0,2.0,5.0,3.0,4.0,4.0,5.0,4.0,4.0,3.0,4.0,3.0,5.0,4.0,4.0,4.0,2.0
E0946,E,Israel,1-3y,lead,hybrid,3,3.0,5.0,5.0,6.0,5.0,3.0,2.0,5.0,2.0,4.0,2.0,4.0,3.0,3.0,3.0,2.0,3.0,2.0,5.0,4.0,4.0,4.0,4.0,4.0,4.0,3.0,3.0,8.0,2.0,5.0,5.0,3.0,2.0,3.0,5.0,5.0,5.0,4.0,4.0,4.0,4.0,2.0,3.0,5.0,3.0,3.0,3.0,4.0,5.0
E0947,F,UK,>5y,mid,hybrid,3,3.0,3.0,3.0,4.0,3.0,4.0,3.0,4.0,4.0,3.0,1.0,4.0,2.0,3.0,2.0,3.0,4.0,3.0,2.0,2.0,2.0,4.0,4.0,3.0,3.0,4.0,4.0,3.0,2.0,4.0,3.0,4.0,3.0,3.0,4.0,3.0,3.0,3.0,3.0,4.0,5.0,5.0,4.0,4.0,4.0,3.0,4.0,2.0,2.0
E0948,F,UK,1-3y,senior,hybrid,3,3.0,3.0,3.0,3.0,3.0,4.0,4.0,3.0,3.0,4.0,2.0,3.0,3.0,4.0,4.0,3.0,4.0,4.0,3.0,4.0,3.0,4.0,2.0,4.0,4.0,4.0,4.0,9.0,3.0,4.0,3.0,4.0,3.0,4.0,4.0,5.0,5.0,4.0,5.0,4.0,4.0,3.0,5.0,4.0,3.0,3.0,3.0,4.0,5.0
E0949,R,Europe,<1y,mid,remote,3,4.0,5.0,5.0,9.0,4.0,4.0,3.0,3.0,4.0,4.0,4.0,4.0,3.0,2.0,2.0,5.0,2.0,3.0,3.0,5.0,2.0,4.0,4.0,2.0,4.0,4.0,3.0,6.0,4.0,3.0,4.0,3.0,3.0,3.0,4.0,5.0,4.0,3.0,5.0,3.0,4.0,3.0,3.0,5.0,4.0,4.0,3.0,5.0,3.0
E0950,Other (24),Europe,1-3y,senior,hybrid,3,3.0,4.0,4.0,8.0,5.0,4.0,4.0,4.0,3.0,4.0,4.0,4.0,3.0,4.0,3.0,4.0,3.0,4.0,4.0,4.0,3.0,3.0,4.0,5.0,4.0,2.0,5.0,5.0,4.0,2.0,4.0,3.0,4.0,2.0,4.0,4.0,4.0,5.0,3.0,4.0,5.0,5.0,5.0,3.0,4.0,5.0,4.0,5.0,5.0
E0951,C,UK,1-3y,junior,remote,3,4.0,3.0,4.0,4.0,3.0,4.0,3.0,3.0,4.0,3.0,3.0,4.0,3.0,3.0,3.0,4.0,2.0,3.0,2.0,4.0,2.0,3.0,4.0,3.0,2.0,3.0,3.0,8.0,3.0,3.0,5.0,2.0,2.0,2.0,4.0,4.0,3.0,3.0,5.0,4.0,4.0,4.0,4.0,4.0,4.0,3.0,4.0,4.0,5.0
E0952,C,US,<1y,mid,hybrid,3,4.0,2.0,3.0,4.0,3.0,2.0,3.0,2.0,3.0,3.0,3.0,5.0,3.0,2.0,3.0,4.0,3.0,3.0,2.0,4.0,2.0,1.0,3.0,3.0,3.0,4.0,3.0,8.0,3.0,3.0,3.0,2.0,2.0,1.0,4.0,4.0,4.0,4.0,3.0,2.0,4.0,4.0,4.0,4.0,2.0,3.0,3.0,3.0,4.0
E0953,M,US,3-5y,lead,remote,3,3.0,3.0,3.0,5.0,3.0,3.0,3.0,4.0,4.0,4.0,1.0,3.0,5.0,3.0,3.0,3.0,3.0,2.0,4.0,4.0,2.0,2.0,3.0,2.0,3.0,4.0,3.0,8.0,3.0,4.0,4.0,2.0,2.0,3.0,4.0,4.0,4.0,4.0,2.0,4.0,3.0,4.0,2.0,3.0,4.0,3.0,3.0,2.0,3.0
E0954,J,US,>5y,mid,remote,3,3.0,4.0,1.0,3.0,2.0,4.0,3.0,2.0,1.0,3.0,2.0,3.0,2.0,3.0,3.0,4.0,2.0,2.0,2.0,3.0,3.0,2.0,2.0,4.0,4.0,2.0,3.0,7.0,2.0,2.0,3.0,2.0,1.0,3.0,3.0,4.0,3.0,4.0,4.0,3.0,4.0,5.0,4.0,3.0,3.0,2.0,2.0,4.0,4.0
E0955,G,Israel,<1y,mid,onsite,3,4.0,4.0,2.0,10.0,4.0,3.0,3.0,4.0,4.0,4.0,4.0,3.0,3.0,4.0,3.0,4.0,2.0,3.0,3.0,3.0,4.0,3.0,2.0,3.0,5.0,2.0,3.0,9.0,4.0,3.0,4.0,2.0,3.0,2.0,4.0,3.0,4.0,5.0,4.0,4.0,5.0,5.0,4.0,3.0,2.0,5.0,5.0,3.0,3.0
E0956,N,Europe,1-3y,junior,hybrid,3,4.0,2.0,3.0,5.0,3.0,2.0,2.0,2.0,3.0,3.0,4.0,4.0,3.0,3.0,5.0,1.0,3.0,3.0,3.0,4.0,4.0,4.0,2.0,3.0,3.0,2.0,3.0,5.0,3.0,4.0,5.0,2.0,3.0,3.0,3.0,5.0,4.0,4.0,3.0,3.0,2.0,3.0,3.0,3.0,3.0,5.0,4.0,3.0,4.0
E0957,B,Europe,3-5y,mid,hybrid,3,4.0,3.0,4.0,5.0,3.0,3.0,3.0,3.0,4.0,3.0,3.0,4.0,4.0,3.0,2.0,4.0,3.0,2.0,2.0,4.0,3.0,3.0,3.0,3.0,4.0,3.0,4.0,8.0,3.0,2.0,3.0,4.0,3.0,4.0,2.0,3.0,3.0,4.0,3.0,3.0,4.0,4.0,4.0,4.0,4.0,3.0,3.0,4.0,3.0
E0958,O,Europe,1-3y,senior,hybrid,3,4.0,5.0,5.0,4.0,4.0,4.0,3.0,3.0,5.0,3.0,3.0,2.0,4.0,3.0,5.0,4.0,3.0,4.0,3.0,4.0,4.0,4.0,4.0,4.0,4.0,3.0,3.0,9.0,4.0,3.0,3.0,4.0,4.0,3.0,4.0,4.0,4.0,4.0,4.0,4.0,4.0,5.0,5.0,4.0,4.0,4.0,5.0,4.0,4.0
E0959,Other (24),US,1-3y,senior,hybrid,3,3.0,4.0,4.0,7.0,4.0,3.0,2.0,4.0,4.0,4.0,2.0,2.0,3.0,1.0,1.0,2.0,1.0,3.0,4.0,3.0,3.0,2.0,2.0,2.0,5.0,2.0,3.0,6.0,3.0,1.0,4.0,1.0,2.0,1.0,3.0,3.0,4.0,4.0,5.0,4.0,4.0,3.0,3.0,2.0,3.0,5.0,4.0,4.0,4.0
E0960,Other (24),US,<1y,junior,hybrid,3,3.0,5.0,3.0,10.0,5.0,5.0,5.0,4.0,2.0,4.0,4.0,4.0,2.0,3.0,4.0,5.0,3.0,5.0,5.0,4.0,3.0,3.0,4.0,4.0,4.0,2.0,4.0,7.0,3.0,2.0,5.0,4.0,4.0,4.0,5.0,5.0,5.0,3.0,4.0,4.0,4.0,5.0,4.0,5.0,4.0,4.0,5.0,3.0,3.0
E0961,I,US,3-5y,mid,hybrid,3,4.0,4.0,5.0,8.0,4.0,5.0,4.0,5.0,2.0,3.0,2.0,3.0,3.0,4.0,4.0,3.0,3.0,5.0,4.0,4.0,5.0,4.0,4.0,4.0,4.0,2.0,3.0,7.0,3.0,3.0,4.0,2.0,1.0,3.0,3.0,4.0,3.0,3.0,4.0,4.0,3.0,4.0,3.0,3.0,3.0,4.0,3.0,3.0,3.0
E0962,R,US,3-5y,mid,onsite,3,5.0,5.0,5.0,9.0,4.0,5.0,5.0,5.0,4.0,5.0,5.0,5.0,4.0,5.0,3.0,5.0,3.0,4.0,4.0,5.0,4.0,5.0,5.0,5.0,5.0,3.0,5.0,7.0,5.0,3.0,5.0,3.0,2.0,3.0,5.0,4.0,4.0,4.0,5.0,5.0,4.0,5.0,5.0,4.0,4.0,5.0,3.0,5.0,4.0
E0963,Other (24),US,3-5y,mid,hybrid,3,4.0,4.0,5.0,8.0,4.0,4.0,5.0,3.0,3.0,5.0,4.0,5.0,3.0,4.0,3.0,5.0,3.0,4.0,3.0,4.0,3.0,4.0,5.0,4.0,5.0,2.0,5.0,7.0,5.0,2.0,3.0,3.0,3.0,3.0,5.0,4.0,4.0,4.0,5.0,4.0,4.0,5.0,4.0,3.0,3.0,4.0,3.0,5.0,5.0
E0964,F,Europe,1-3y,senior,remote,3,2.0,3.0,3.0,4.0,4.0,4.0,5.0,4.0,1.0,3.0,3.0,4.0,1.0,4.0,3.0,3.0,3.0,3.0,4.0,2.0,4.0,3.0,3.0,4.0,3.0,4.0,4.0,5.0,4.0,3.0,4.0,4.0,5.0,3.0,5.0,5.0,5.0,4.0,5.0,5.0,4.0,2.0,3.0,3.0,4.0,5.0,5.0,3.0,3.0
E0965,I,India,3-5y,junior,onsite,3,5.0,5.0,5.0,10.0,5.0,5.0,5.0,5.0,4.0,5.0,4.0,4.0,4.0,4.0,5.0,5.0,4.0,5.0,5.0,5.0,5.0,5.0,5.0,5.0,5.0,2.0,5.0,7.0,4.0,5.0,5.0,4.0,3.0,3.0,4.0,5.0,4.0,5.0,5.0,4.0,5.0,5.0,5.0,4.0,4.0,5.0,4.0,5.0,5.0
E0966,I,US,3-5y,junior,hybrid,3,5.0,4.0,5.0,8.0,4.0,5.0,4.0,4.0,4.0,3.0,4.0,3.0,4.0,4.0,4.0,3.0,2.0,4.0,5.0,5.0,5.0,4.0,3.0,5.0,5.0,1.0,4.0,9.0,4.0,2.0,4.0,2.0,2.0,3.0,5.0,5.0,4.0,4.0,3.0,5.0,3.0,4.0,3.0,4.0,4.0,3.0,4.0,3.0,4.0
E0967,Other (24),Europe,1-3y,junior,hybrid,3,3.0,3.0,4.0,8.0,2.0,2.0,3.0,3.0,4.0,5.0,4.0,5.0,4.0,3.0,2.0,5.0,2.0,4.0,3.0,5.0,4.0,3.0,5.0,4.0,5.0,2.0,4.0,7.0,5.0,1.0,4.0,2.0,4.0,2.0,4.0,4.0,5.0,4.0,5.0,4.0,4.0,4.0,5.0,5.0,3.0,4.0,4.0,2.0,3.0
E0968,Other (24),US,<1y,mid,onsite,3,3.0,3.0,2.0,4.0,2.0,3.0,2.0,4.0,1.0,3.0,2.0,3.0,1.0,2.0,4.0,3.0,1.0,3.0,2.0,2.0,3.0,1.0,2.0,2.0,3.0,1.0,2.0,2.0,2.0,1.0,2.0,2.0,1.0,1.0,3.0,4.0,3.0,3.0,4.0,4.0,3.0,3.0,3.0,2.0,3.0,2.0,3.0,2.0,3.0
E0969,O,US,1-3y,junior,hybrid,3,4.0,4.0,5.0,6.0,5.0,4.0,4.0,5.0,3.0,4.0,4.0,2.0,3.0,3.0,5.0,4.0,2.0,3.0,4.0,4.0,3.0,5.0,5.0,5.0,5.0,3.0,5.0,3.0,3.0,3.0,5.0,4.0,3.0,4.0,5.0,4.0,5.0,5.0,5.0,4.0,4.0,3.0,5.0,4.0,5.0,5.0,5.0,5.0,5.0
E0970,Other (24),Israel,3-5y,mid,hybrid,3,4.0,4.0,3.0,9.0,4.0,4.0,3.0,3.0,2.0,3.0,3.0,4.0,2.0,3.0,2.0,4.0,4.0,4.0,5.0,5.0,2.0,5.0,3.0,3.0,4.0,3.0,4.0,3.0,3.0,2.0,4.0,3.0,4.0,4.0,3.0,4.0,4.0,4.0,4.0,4.0,4.0,5.0,5.0,5.0,4.0,5.0,5.0,3.0,4.0
E0971,B,UK,<1y,junior,hybrid,3,3.0,4.0,3.0,10.0,5.0,4.0,3.0,5.0,5.0,3.0,4.0,5.0,4.0,3.0,3.0,3.0,3.0,3.0,3.0,4.0,4.0,4.0,4.0,4.0,5.0,3.0,4.0,10.0,4.0,2.0,5.0,3.0,2.0,3.0,3.0,5.0,4.0,3.0,2.0,3.0,5.0,4.0,3.0,4.0,4.0,3.0,3.0,4.0,5.0
E0972,Other (24),Europe,1-3y,junior,hybrid,3,3.0,4.0,2.0,7.0,3.0,5.0,3.0,3.0,3.0,3.0,3.0,2.0,2.0,2.0,3.0,3.0,3.0,4.0,2.0,4.0,2.0,2.0,3.0,3.0,2.0,1.0,2.0,7.0,2.0,1.0,3.0,3.0,4.0,2.0,3.0,3.0,3.0,3.0,4.0,3.0,3.0,4.0,4.0,4.0,4.0,2.0,2.0,3.0,2.0
E0973,C,UK,<1y,mid,hybrid,3,1.0,3.0,5.0,8.0,4.0,2.0,1.0,3.0,3.0,3.0,4.0,4.0,4.0,4.0,2.0,3.0,4.0,2.0,3.0,5.0,1.0,4.0,3.0,3.0,3.0,5.0,3.0,8.0,3.0,4.0,4.0,4.0,4.0,4.0,3.0,2.0,3.0,4.0,5.0,4.0,4.0,4.0,4.0,5.0,5.0,4.0,3.0,2.0,3.0
E0974,I,Israel,1-3y,mid,remote,3,3.0,4.0,5.0,10.0,5.0,4.0,3.0,5.0,2.0,2.0,5.0,4.0,4.0,4.0,2.0,3.0,3.0,3.0,5.0,5.0,3.0,3.0,4.0,5.0,5.0,2.0,5.0,8.0,3.0,2.0,5.0,3.0,3.0,2.0,4.0,4.0,4.0,4.0,3.0,3.0,3.0,4.0,4.0,3.0,4.0,5.0,3.0,3.0,4.0
E0975,Other (24),UK,<1y,junior,remote,3,4.0,5.0,4.0,10.0,5.0,4.0,5.0,5.0,2.0,4.0,5.0,4.0,3.0,3.0,5.0,5.0,2.0,4.0,4.0,4.0,4.0,4.0,5.0,3.0,4.0,1.0,4.0,6.0,4.0,3.0,5.0,4.0,3.0,2.0,5.0,5.0,5.0,5.0,4.0,5.0,4.0,5.0,4.0,4.0,5.0,4.0,4.0,4.0,4.0
E0976,Other (24),Israel,1-3y,senior,hybrid,3,3.0,4.0,5.0,10.0,5.0,3.0,4.0,5.0,3.0,4.0,4.0,5.0,2.0,4.0,2.0,5.0,2.0,3.0,4.0,5.0,3.0,5.0,5.0,5.0,5.0,2.0,4.0,5.0,4.0,2.0,4.0,4.0,4.0,3.0,3.0,4.0,3.0,4.0,5.0,4.0,3.0,4.0,3.0,4.0,4.0,3.0,4.0,4.0,5.0
E0977,Other (24),UK,<1y,mid,remote,3,4.0,4.0,3.0,10.0,3.0,3.0,4.0,3.0,2.0,4.0,3.0,3.0,1.0,4.0,2.0,3.0,3.0,3.0,3.0,4.0,5.0,3.0,3.0,4.0,4.0,2.0,4.0,6.0,4.0,2.0,4.0,3.0,4.0,2.0,4.0,4.0,3.0,5.0,4.0,2.0,4.0,4.0,4.0,4.0,4.0,2.0,3.0,5.0,4.0
E0978,Other (24),US,3-5y,senior,hybrid,3,5.0,5.0,4.0,9.0,4.0,5.0,5.0,4.0,2.0,3.0,2.0,4.0,3.0,3.0,5.0,3.0,2.0,5.0,3.0,3.0,5.0,2.0,4.0,3.0,4.0,2.0,3.0,3.0,3.0,3.0,4.0,4.0,4.0,2.0,3.0,4.0,5.0,3.0,3.0,3.0,3.0,4.0,4.0,3.0,5.0,4.0,4.0,4.0,4.0
E0979,Q,US,<1y,senior,remote,3,5.0,4.0,5.0,4.0,4.0,5.0,4.0,2.0,5.0,5.0,4.0,5.0,5.0,5.0,4.0,5.0,2.0,4.0,3.0,5.0,5.0,5.0,4.0,4.0,4.0,2.0,5.0,10.0,5.0,2.0,3.0,4.0,2.0,2.0,4.0,4.0,5.0,4.0,4.0,4.0,5.0,5.0,5.0,4.0,2.0,4.0,3.0,4.0,4.0
E0980,Other (24),UK,<1y,mid,hybrid,3,3.0,4.0,5.0,9.0,4.0,3.0,4.0,3.0,2.0,4.0,3.0,5.0,1.0,4.0,2.0,5.0,3.0,3.0,5.0,5.0,4.0,4.0,3.0,5.0,4.0,1.0,3.0,6.0,3.0,3.0,4.0,3.0,4.0,3.0,3.0,3.0,3.0,4.0,4.0,4.0,5.0,3.0,4.0,5.0,4.0,4.0,3.0,4.0,2.0
E0981,G,US,3-5y,mid,remote,3,3.0,4.0,4.0,7.0,4.0,4.0,3.0,4.0,1.0,4.0,3.0,3.0,1.0,4.0,2.0,5.0,1.0,3.0,3.0,4.0,2.0,4.0,4.0,4.0,5.0,1.0,5.0,4.0,4.0,1.0,4.0,1.0,2.0,1.0,5.0,3.0,4.0,4.0,3.0,3.0,4.0,4.0,4.0,2.0,3.0,2.0,3.0,5.0,3.0
E0982,N,US,3-5y,junior,remote,3,4.0,4.0,4.0,8.0,5.0,4.0,5.0,5.0,4.0,3.0,2.0,4.0,4.0,3.0,5.0,3.0,2.0,4.0,5.0,4.0,3.0,5.0,4.0,3.0,3.0,3.0,4.0,6.0,5.0,4.0,5.0,3.0,3.0,5.0,4.0,4.0,3.0,2.0,5.0,4.0,4.0,3.0,3.0,2.0,3.0,4.0,3.0,4.0,4.0
E0983,Other (24),UK,>5y,mid,onsite,3,4.0,5.0,4.0,6.0,3.0,4.0,5.0,3.0,3.0,5.0,4.0,5.0,3.0,4.0,3.0,5.0,2.0,5.0,4.0,5.0,4.0,4.0,5.0,4.0,5.0,2.0,4.0,7.0,4.0,1.0,4.0,3.0,2.0,1.0,5.0,5.0,4.0,4.0,5.0,5.0,4.0,3.0,4.0,2.0,4.0,4.0,4.0,4.0,4.0
E0984,A,India,<1y,senior,remote,3,2.0,4.0,3.0,8.0,5.0,2.0,3.0,4.0,3.0,2.0,1.0,3.0,3.0,3.0,3.0,2.0,1.0,2.0,4.0,3.0,3.0,4.0,4.0,3.0,3.0,3.0,3.0,9.0,2.0,3.0,5.0,3.0,3.0,2.0,4.0,4.0,5.0,4.0,4.0,3.0,2.0,3.0,4.0,3.0,3.0,5.0,5.0,5.0,2.0
E0985,Q,Europe,1-3y,junior,remote,3,3.0,4.0,4.0,8.0,4.0,4.0,4.0,5.0,4.0,4.0,5.0,5.0,2.0,4.0,3.0,5.0,5.0,3.0,4.0,5.0,3.0,5.0,3.0,4.0,4.0,2.0,5.0,3.0,5.0,3.0,4.0,4.0,3.0,4.0,5.0,3.0,4.0,5.0,5.0,5.0,3.0,4.0,3.0,5.0,5.0,4.0,3.0,4.0,3.0
E0986,I,UK,1-3y,lead,onsite,3,4.0,4.0,5.0,8.0,5.0,5.0,3.0,4.0,5.0,4.0,4.0,3.0,4.0,5.0,3.0,3.0,5.0,3.0,4.0,4.0,4.0,5.0,4.0,5.0,5.0,4.0,4.0,8.0,5.0,5.0,5.0,5.0,4.0,5.0,3.0,5.0,5.0,4.0,3.0,3.0,5.0,5.0,5.0,5.0,5.0,4.0,5.0,4.0,3.0
E0987,M,India,1-3y,senior,hybrid,3,3.0,5.0,4.0,6.0,4.0,4.0,4.0,3.0,2.0,5.0,2.0,4.0,1.0,4.0,4.0,4.0,2.0,3.0,4.0,5.0,4.0,3.0,4.0,4.0,5.0,4.0,4.0,4.0,3.0,3.0,3.0,2.0,2.0,3.0,3.0,3.0,4.0,3.0,3.0,3.0,3.0,3.0,3.0,4.0,5.0,3.0,4.0,5.0,4.0
E0988,L,US,>5y,senior,hybrid,3,3.0,3.0,3.0,3.0,2.0,3.0,3.0,2.0,5.0,2.0,2.0,3.0,4.0,2.0,3.0,3.0,1.0,2.0,1.0,2.0,3.0,3.0,2.0,4.0,3.0,2.0,3.0,10.0,2.0,1.0,3.0,1.0,1.0,1.0,2.0,3.0,2.0,3.0,4.0,3.0,4.0,3.0,4.0,3.0,2.0,4.0,3.0,3.0,4.0
E0989,C,Europe,1-3y,mid,hybrid,3,3.0,4.0,4.0,10.0,5.0,2.0,3.0,3.0,4.0,3.0,4.0,4.0,4.0,4.0,3.0,4.0,3.0,3.0,4.0,4.0,3.0,4.0,4.0,3.0,5.0,4.0,4.0,7.0,4.0,3.0,5.0,3.0,2.0,3.0,4.0,4.0,5.0,4.0,4.0,4.0,5.0,5.0,5.0,3.0,4.0,4.0,5.0,4.0,4.0
E0990,E,India,3-5y,junior,hybrid,3,3.0,4.0,4.0,5.0,4.0,3.0,3.0,4.0,4.0,3.0,2.0,3.0,5.0,2.0,4.0,3.0,3.0,5.0,4.0,4.0,4.0,3.0,2.0,2.0,3.0,3.0,3.0,10.0,2.0,3.0,4.0,3.0,3.0,2.0,3.0,3.0,2.0,3.0,4.0,3.0,5.0,4.0,4.0,3.0,5.0,4.0,4.0,3.0,3.0
E0991,D,India,3-5y,lead,remote,3,5.0,4.0,5.0,9.0,5.0,5.0,3.0,4.0,3.0,5.0,3.0,4.0,3.0,5.0,5.0,5.0,3.0,4.0,4.0,5.0,4.0,5.0,4.0,5.0,4.0,5.0,5.0,5.0,4.0,3.0,5.0,3.0,2.0,5.0,4.0,4.0,4.0,5.0,4.0,3.0,3.0,3.0,4.0,4.0,4.0,4.0,3.0,3.0,3.0
E0992,I,India,>5y,mid,hybrid,3,3.0,4.0,5.0,8.0,4.0,3.0,4.0,3.0,3.0,3.0,3.0,2.0,3.0,2.0,4.0,4.0,4.0,3.0,4.0,3.0,3.0,5.0,2.0,5.0,5.0,2.0,4.0,8.0,3.0,4.0,3.0,2.0,3.0,1.0,3.0,4.0,2.0,3.0,3.0,3.0,3.0,3.0,3.0,3.0,4.0,4.0,3.0,4.0,5.0
E0993,P,US,1-3y,junior,hybrid,3,3.0,4.0,5.0,8.0,5.0,3.0,4.0,4.0,3.0,5.0,4.0,4.0,4.0,5.0,4.0,5.0,3.0,4.0,3.0,5.0,3.0,5.0,5.0,5.0,5.0,3.0,5.0,6.0,5.0,3.0,5.0,4.0,4.0,4.0,4.0,5.0,4.0,4.0,5.0,5.0,5.0,4.0,4.0,5.0,4.0,4.0,4.0,4.0,4.0
E0994,F,UK,1-3y,mid,hybrid,3,3.0,4.0,2.0,6.0,3.0,3.0,3.0,2.0,4.0,3.0,3.0,4.0,2.0,3.0,3.0,4.0,4.0,3.0,4.0,3.0,3.0,4.0,3.0,3.0,3.0,2.0,3.0,7.0,3.0,4.0,2.0,2.0,4.0,3.0,3.0,4.0,5.0,4.0,5.0,3.0,4.0,4.0,3.0,4.0,4.0,3.0,2.0,4.0,3.0
E0995,B,India,>5y,senior,hybrid,3,4.0,5.0,5.0,8.0,4.0,4.0,5.0,5.0,5.0,5.0,3.0,5.0,4.0,4.0,4.0,5.0,3.0,3.0,4.0,5.0,4.0,4.0,4.0,5.0,5.0,4.0,4.0,7.0,5.0,2.0,4.0,3.0,3.0,3.0,4.0,5.0,3.0,4.0,4.0,5.0,3.0,3.0,4.0,5.0,5.0,3.0,3.0,2.0,4.0
E0996,L,US,<1y,junior,remote,3,2.0,3.0,5.0,6.0,4.0,2.0,2.0,4.0,3.0,3.0,2.0,4.0,3.0,3.0,3.0,4.0,2.0,4.0,4.0,3.0,3.0,4.0,4.0,3.0,4.0,2.0,3.0,6.0,3.0,3.0,4.0,2.0,3.0,1.0,4.0,3.0,5.0,4.0,3.0,2.0,3.0,2.0,3.0,2.0,4.0,4.0,3.0,4.0,5.0
E0997,D,Israel,3-5y,senior,hybrid,3,4.0,3.0,5.0,6.0,4.0,4.0,3.0,4.0,5.0,5.0,5.0,5.0,4.0,5.0,5.0,5.0,2.0,4.0,4.0,5.0,4.0,5.0,5.0,5.0,5.0,4.0,5.0,7.0,5.0,4.0,4.0,3.0,2.0,4.0,4.0,4.0,3.0,3.0,3.0,3.0,5.0,5.0,4.0,4.0,4.0,5.0,5.0,3.0,2.0
E0998,F,UK,>5y,lead,onsite,3,4.0,2.0,4.0,4.0,2.0,3.0,2.0,3.0,4.0,5.0,3.0,5.0,3.0,4.0,3.0,3.0,3.0,4.0,2.0,3.0,3.0,4.0,4.0,4.0,4.0,2.0,5.0,9.0,4.0,2.0,3.0,2.0,1.0,2.0,4.0,4.0,4.0,4.0,5.0,5.0,4.0,4.0,4.0,3.0,3.0,4.0,4.0,3.0,3.0
E0999,K,UK,<1y,junior,onsite,3,3.0,3.0,4.0,4.0,2.0,3.0,2.0,3.0,3.0,3.0,3.0,4.0,4.0,3.0,3.0,2.0,2.0,2.0,2.0,4.0,3.0,2.0,2.0,3.0,4.0,3.0,4.0,6.0,4.0,1.0,4.0,1.0,3.0,2.0,4.0,3.0,3.0,3.0,3.0,2.0,4.0,3.0,3.0,3.0,4.0,3.0,4.0,3.0,3.0
